
        Schema: AbductionSchema.DFS
        Abduction Depth: 0
        Abduction Breadth: 0
Init FaultLocalizator
Init ModelTester
Entering ModelTester
Starting Model Testing...
Testing test1...

                   test_result == expected_output
                   [3, 7, 4, 8, 6, 2, 1, 5] == [1, 5, 2, 6, 3, 7, 4, 8]?
                   
Testing test2...

                   test_result == expected_output
                   [3, 7, 4, 8, 6, 2, 1, 5] == [3, 7, 4, 8, 1, 5, 2, 6]?
                   
Testing test3...

                   test_result == expected_output
                   [31, 17, 44, 78, 86, 52, 71, 55] == [17, 31, 44, 78, 52, 71, 55, 86]?
                   
Testing test4...

                   test_result == expected_output
                   [31, 17, 44, 78, 86, 52, 71, 55] == [17, 31, 44, 78, 52, 71, 55, 86]?
                   
Testing test5...

                   test_result == expected_output
                   [108, 17, 15, 78] == [15, 78, 17, 108]?
                   
Testing test6...

                   test_result == expected_output
                   [108, 17, 15, 78] == [17, 108, 15, 78]?
                   
Testing test7...

                   test_result == expected_output
                   [6, 7, 55, 3, 108, 17, 15, 78, 108, 35, 21, 0, 800, 74, 90, 1457] == [3, 7, 6, 55, 15, 78, 17, 108, 0, 21, 35, 108, 74, 800, 90, 1457]?
                   
Testing test8...

                   test_result == expected_output
                   [6, 7, 55, 3, 108, 17, 15, 78, 108, 35, 21, 0, 800, 74, 90, 1457] == [0, 7, 6, 55, 15, 78, 17, 108, 3, 21, 35, 108, 74, 800, 90, 1457]?
                   
Testing test9...

                   test_result == expected_output
                   [11, 22, 44, 33, 77, 55, 54, 78, 88, 35, 21, 0, 89, 74, 90, 1457] == [0, 21, 33, 44, 54, 77, 55, 78, 11, 22, 35, 88, 74, 89, 90, 1457]?
                   
Testing test10...

                   test_result == expected_output
                   [11, 22, 44, 33, 77, 55, 54, 78, 88, 35, 21, 0, 89, 74, 90, 1457] == [11, 22, 33, 44, 54, 77, 55, 78, 0, 21, 35, 88, 74, 89, 90, 1457]?
                   
Testing test11...

                   test_result == expected_output
                   [1457, 22, 44, 33, 77, 55, 54, 78, 88, 35, 21, 0, 89, 74, 90, 1455] == [0, 21, 33, 78, 54, 77, 55, 1455, 22, 44, 35, 88, 74, 89, 90, 1457]?
                   
Testing test12...

                   test_result == expected_output
                   [1457, 22, 44, 33, 77, 55, 54, 78, 88, 35, 21, 0, 89, 74, 90, 1455] == [22, 44, 33, 78, 54, 77, 55, 1457, 0, 21, 35, 88, 74, 89, 90, 1455]?
                   
Testing test13...

                   test_result == expected_output
                   [1457, 7589, 22, 575, 33, 77, 55, 54, 78, 87588, 35, 7587, 0, 89, 74, 1455] == [0, 55, 54, 77, 33, 575, 78, 7589, 22, 89, 74, 1455, 35, 7587, 1457, 87588]?
                   
Testing test14...

                   test_result == expected_output
                   [1457, 7589, 22, 575, 33, 77, 55, 54, 78, 87588, 35, 7587, 0, 89, 74, 1455] == [22, 55, 54, 77, 33, 575, 1457, 7589, 0, 89, 74, 1455, 35, 7587, 78, 87588]?
                   
Testing test15...

                   test_result == expected_output
                   [1, 2, 3, 4, 5, 6, 7, 8, 9, 10, 11, 12, 13, 14, 15, 16] == [1, 2, 3, 4, 5, 6, 7, 8, 9, 10, 11, 12, 13, 14, 15, 16]?
                   
Testing test16...

                   test_result == expected_output
                   [1, 2, 3, 4, 5, 6, 7, 8, 20, 10, 11, 12, 13, 14, 15, 16] == [1, 2, 3, 4, 5, 6, 7, 8, 10, 12, 11, 16, 13, 14, 15, 20]?
                   
Testing test17...

                   test_result == expected_output
                   [1, 2, 3, 4, 5, 6, 7, 8, 20, 10, 11, 12, 13, 14, 15, 16] == [1, 2, 3, 4, 5, 6, 7, 8, 10, 12, 11, 16, 13, 14, 15, 20]?
                   
Testing test18...

                   test_result == expected_output
                   [1457, 22, 44, 33, 77, 55, 54, 78, 88, 35, 21, 0, 89, 74, 90, 1455, 1457, 22, 44, 33, 77, 55, 54, 78, 88, 35, 21, 0, 89, 74, 90, 1455] == [0, 21, 33, 78, 54, 77, 55, 1455, 22, 44, 35, 88, 74, 89, 90, 1457, 0, 21, 33, 78, 54, 77, 55, 1455, 22, 44, 35, 88, 74, 89, 90, 1457]?
                   
Testing test19...

                   test_result == expected_output
                   [1457, 22, 44, 33, 77, 55, 54, 78, 88, 35, 21, 0, 89, 74, 90, 1455, 1457, 22, 44, 33, 77, 55, 54, 78, 88, 35, 21, 0, 89, 74, 90, 1455] == [0, 21, 33, 78, 54, 77, 55, 1455, 22, 44, 35, 88, 74, 89, 90, 1457, 0, 21, 33, 78, 54, 77, 55, 1455, 22, 44, 35, 88, 74, 89, 90, 1457]?
                   
Model Test Finished...
Exiting ModelTester

                Observations:
                [('test1', ~FailedTest), ('test2', ~FailedTest), ('test3', ~FailedTest), ('test4', ~FailedTest), ('test5', ~FailedTest), ('test6', ~FailedTest), ('test7', ~FailedTest), ('test8', ~FailedTest), ('test9', ~FailedTest), ('test10', ~FailedTest), ('test11', ~FailedTest), ('test12', ~FailedTest), ('test13', ~FailedTest), ('test14', ~FailedTest), ('test15', ~PassedTest), ('test16', ~FailedTest), ('test17', ~FailedTest), ('test18', ~FailedTest), ('test19', ~FailedTest)]
                Bug Candidates Set by Suspiciousness Ranking:
                [('bitonicSort', 15), ('bitonicSort', 14), ('bitonicSort', 16), ('bitonicSort', 13), ('bitonicSort', 17), ('bitonicSort', 18), ('bitonicMerge', 11), ('bitonicMerge', 10), ('aSort', 20), ('aSort', 21), ('aSort', 22), ('bitonicMerge', 8), ('bitonicMerge', 7), ('bitonicMerge', 6), ('bitonicMerge', 5)]
                
Init HypothesisGenerator
Entering HypothesisGenerator

                            Current Candidate: 15. Patterns Found: 0
                            

                            Current Candidate: 14. Patterns Found: 0
                            

                            Current Candidate: 16. Patterns Found: 0
                            

                            Current Candidate: 13. Patterns Found: 0
                            

                            Current Candidate: 17. Patterns Found: 0
                            

                            Current Candidate: 18. Patterns Found: 0
                            

                            Current Candidate: 11. Patterns Found: 0
                            

                            Current Candidate: 10. Patterns Found: 0
                            

                            Current Candidate: 20. Patterns Found: 0
                            

                            Current Candidate: 21. Patterns Found: 0
                            

                            Current Candidate: 22. Patterns Found: 38
                            

                        Testing Hypothesis 0.
                        Hypothesis: ('return False', 22, 0)
                        
Init HyphotesisTester
Init ModelTester
Entering ModelTester
Starting Model Testing...
Testing test1...

                   test_result == expected_output
                   False == [1, 5, 2, 6, 3, 7, 4, 8]?
                   
check_consistency
Testing test2...

                   test_result == expected_output
                   False == [3, 7, 4, 8, 1, 5, 2, 6]?
                   
check_consistency
Testing test3...

                   test_result == expected_output
                   False == [17, 31, 44, 78, 52, 71, 55, 86]?
                   
check_consistency
Testing test4...

                   test_result == expected_output
                   False == [17, 31, 44, 78, 52, 71, 55, 86]?
                   
check_consistency
Testing test5...

                   test_result == expected_output
                   False == [15, 78, 17, 108]?
                   
check_consistency
Testing test6...

                   test_result == expected_output
                   False == [17, 108, 15, 78]?
                   
check_consistency
Testing test7...

                   test_result == expected_output
                   False == [3, 7, 6, 55, 15, 78, 17, 108, 0, 21, 35, 108, 74, 800, 90, 1457]?
                   
check_consistency
Testing test8...

                   test_result == expected_output
                   False == [0, 7, 6, 55, 15, 78, 17, 108, 3, 21, 35, 108, 74, 800, 90, 1457]?
                   
check_consistency
Testing test9...

                   test_result == expected_output
                   False == [0, 21, 33, 44, 54, 77, 55, 78, 11, 22, 35, 88, 74, 89, 90, 1457]?
                   
check_consistency
Testing test10...

                   test_result == expected_output
                   False == [11, 22, 33, 44, 54, 77, 55, 78, 0, 21, 35, 88, 74, 89, 90, 1457]?
                   
check_consistency
Testing test11...

                   test_result == expected_output
                   False == [0, 21, 33, 78, 54, 77, 55, 1455, 22, 44, 35, 88, 74, 89, 90, 1457]?
                   
check_consistency
Testing test12...

                   test_result == expected_output
                   False == [22, 44, 33, 78, 54, 77, 55, 1457, 0, 21, 35, 88, 74, 89, 90, 1455]?
                   
check_consistency
Testing test13...

                   test_result == expected_output
                   False == [0, 55, 54, 77, 33, 575, 78, 7589, 22, 89, 74, 1455, 35, 7587, 1457, 87588]?
                   
check_consistency
Testing test14...

                   test_result == expected_output
                   False == [22, 55, 54, 77, 33, 575, 1457, 7589, 0, 89, 74, 1455, 35, 7587, 78, 87588]?
                   
check_consistency
Testing test15...

                   test_result == expected_output
                   False == [1, 2, 3, 4, 5, 6, 7, 8, 9, 10, 11, 12, 13, 14, 15, 16]?
                   
check_consistency

               The current test15 result is inconsistent with the previous test15 result.
               Previous Result: ('test15', ~PassedTest)
               Current Result: ('test15', ~FailedTest)
               
break for test inconsistency
Model Test Finished...
Previous Explanatory Power: 0.0526
Current Explanatory Power: 0.0
Exiting ModelTester

                        New Observations:
                        [('test1', ~FailedTest), ('test2', ~FailedTest), ('test3', ~FailedTest), ('test4', ~FailedTest), ('test5', ~FailedTest), ('test6', ~FailedTest), ('test7', ~FailedTest), ('test8', ~FailedTest), ('test9', ~FailedTest), ('test10', ~FailedTest), ('test11', ~FailedTest), ('test12', ~FailedTest), ('test13', ~FailedTest), ('test14', ~FailedTest), ('test15', ~FailedTest), ('UndefinedTest', ~FailedTest), ('UndefinedTest', ~FailedTest), ('UndefinedTest', ~FailedTest), ('UndefinedTest', ~FailedTest)]
                        Behavior Type:
                        Behavior.Worsened
                        

                        Testing Hypothesis 1.
                        Hypothesis: ('return', 22, 0)
                        
Init HyphotesisTester
Init ModelTester
Entering ModelTester
Starting Model Testing...
Testing test1...
Loading test suite from benchmarks/BitonicSort.csv...

Initializing repair for function 'aSort' in 'benchmarks/BitonicSort.py'...
Complexity: 3 | Schema: DFS

--------------------------------------------------

Schema: AbductionSchema.DFS
Abduction Depth: 0
Abduction Breadth: 0
Init FaultLocalizator
Init ModelTester
Entering ModelTester
Starting Model Testing...
Testing test1...

test_result == expected_output
[3, 7, 4, 8, 6, 2, 1, 5] == [1, 5, 2, 6, 3, 7, 4, 8]?

Testing test2...

test_result == expected_output
[3, 7, 4, 8, 6, 2, 1, 5] == [3, 7, 4, 8, 1, 5, 2, 6]?

Testing test3...

test_result == expected_output
[31, 17, 44, 78, 86, 52, 71, 55] == [17, 31, 44, 78, 52, 71, 55, 86]?

Testing test4...

test_result == expected_output
[31, 17, 44, 78, 86, 52, 71, 55] == [17, 31, 44, 78, 52, 71, 55, 86]?

Testing test5...

test_result == expected_output
[108, 17, 15, 78] == [15, 78, 17, 108]?

Testing test6...

test_result == expected_output
[108, 17, 15, 78] == [17, 108, 15, 78]?

Testing test7...

test_result == expected_output
[6, 7, 55, 3, 108, 17, 15, 78, 108, 35, 21, 0, 800, 74, 90, 1457] == [3, 7, 6, 55, 15, 78, 17, 108, 0, 21, 35, 108, 74, 800, 90, 1457]?

Testing test8...

test_result == expected_output
[6, 7, 55, 3, 108, 17, 15, 78, 108, 35, 21, 0, 800, 74, 90, 1457] == [0, 7, 6, 55, 15, 78, 17, 108, 3, 21, 35, 108, 74, 800, 90, 1457]?

Testing test9...

test_result == expected_output
[11, 22, 44, 33, 77, 55, 54, 78, 88, 35, 21, 0, 89, 74, 90, 1457] == [0, 21, 33, 44, 54, 77, 55, 78, 11, 22, 35, 88, 74, 89, 90, 1457]?

Testing test10...

test_result == expected_output
[11, 22, 44, 33, 77, 55, 54, 78, 88, 35, 21, 0, 89, 74, 90, 1457] == [11, 22, 33, 44, 54, 77, 55, 78, 0, 21, 35, 88, 74, 89, 90, 1457]?

Testing test11...

test_result == expected_output
[1457, 22, 44, 33, 77, 55, 54, 78, 88, 35, 21, 0, 89, 74, 90, 1455] == [0, 21, 33, 78, 54, 77, 55, 1455, 22, 44, 35, 88, 74, 89, 90, 1457]?

Testing test12...

test_result == expected_output
[1457, 22, 44, 33, 77, 55, 54, 78, 88, 35, 21, 0, 89, 74, 90, 1455] == [22, 44, 33, 78, 54, 77, 55, 1457, 0, 21, 35, 88, 74, 89, 90, 1455]?

Testing test13...

test_result == expected_output
[1457, 7589, 22, 575, 33, 77, 55, 54, 78, 87588, 35, 7587, 0, 89, 74, 1455] == [0, 55, 54, 77, 33, 575, 78, 7589, 22, 89, 74, 1455, 35, 7587, 1457, 87588]?

Testing test14...

test_result == expected_output
[1457, 7589, 22, 575, 33, 77, 55, 54, 78, 87588, 35, 7587, 0, 89, 74, 1455] == [22, 55, 54, 77, 33, 575, 1457, 7589, 0, 89, 74, 1455, 35, 7587, 78, 87588]?

Testing test15...

test_result == expected_output
[1, 2, 3, 4, 5, 6, 7, 8, 9, 10, 11, 12, 13, 14, 15, 16] == [1, 2, 3, 4, 5, 6, 7, 8, 9, 10, 11, 12, 13, 14, 15, 16]?

Testing test16...

test_result == expected_output
[1, 2, 3, 4, 5, 6, 7, 8, 20, 10, 11, 12, 13, 14, 15, 16] == [1, 2, 3, 4, 5, 6, 7, 8, 10, 12, 11, 16, 13, 14, 15, 20]?

Testing test17...

test_result == expected_output
[1, 2, 3, 4, 5, 6, 7, 8, 20, 10, 11, 12, 13, 14, 15, 16] == [1, 2, 3, 4, 5, 6, 7, 8, 10, 12, 11, 16, 13, 14, 15, 20]?

Testing test18...

test_result == expected_output
[1457, 22, 44, 33, 77, 55, 54, 78, 88, 35, 21, 0, 89, 74, 90, 1455, 1457, 22, 44, 33, 77, 55, 54, 78, 88, 35, 21, 0, 89, 74, 90, 1455] == [0, 21, 33, 78, 54, 77, 55, 1455, 22, 44, 35, 88, 74, 89, 90, 1457, 0, 21, 33, 78, 54, 77, 55, 1455, 22, 44, 35, 88, 74, 89, 90, 1457]?

Testing test19...

test_result == expected_output
[1457, 22, 44, 33, 77, 55, 54, 78, 88, 35, 21, 0, 89, 74, 90, 1455, 1457, 22, 44, 33, 77, 55, 54, 78, 88, 35, 21, 0, 89, 74, 90, 1455] == [0, 21, 33, 78, 54, 77, 55, 1455, 22, 44, 35, 88, 74, 89, 90, 1457, 0, 21, 33, 78, 54, 77, 55, 1455, 22, 44, 35, 88, 74, 89, 90, 1457]?

Model Test Finished...
Exiting ModelTester

Observations:
[('test1', ~FailedTest), ('test2', ~FailedTest), ('test3', ~FailedTest), ('test4', ~FailedTest), ('test5', ~FailedTest), ('test6', ~FailedTest), ('test7', ~FailedTest), ('test8', ~FailedTest), ('test9', ~FailedTest), ('test10', ~FailedTest), ('test11', ~FailedTest), ('test12', ~FailedTest), ('test13', ~FailedTest), ('test14', ~FailedTest), ('test15', ~PassedTest), ('test16', ~FailedTest), ('test17', ~FailedTest), ('test18', ~FailedTest), ('test19', ~FailedTest)]
Bug Candidates Set by Suspiciousness Ranking:
[('bitonicSort', 15), ('bitonicSort', 14), ('bitonicSort', 16), ('bitonicSort', 13), ('bitonicSort', 17), ('bitonicSort', 18), ('bitonicMerge', 11), ('bitonicMerge', 10), ('aSort', 20), ('aSort', 21), ('aSort', 22), ('bitonicMerge', 8), ('bitonicMerge', 7), ('bitonicMerge', 6), ('bitonicMerge', 5)]

Init HypothesisGenerator
Entering HypothesisGenerator

Current Candidate: 15. Patterns Found: 0


Current Candidate: 14. Patterns Found: 0


Current Candidate: 16. Patterns Found: 0


Current Candidate: 13. Patterns Found: 0


Current Candidate: 17. Patterns Found: 0


Current Candidate: 18. Patterns Found: 0


Current Candidate: 11. Patterns Found: 0


Current Candidate: 10. Patterns Found: 0


Current Candidate: 20. Patterns Found: 0


Current Candidate: 21. Patterns Found: 0


Current Candidate: 22. Patterns Found: 38


Testing Hypothesis 0.
Hypothesis: ('return False', 22, 0)

Init HyphotesisTester
Init ModelTester
Entering ModelTester
Starting Model Testing...
Testing test1...

test_result == expected_output
False == [1, 5, 2, 6, 3, 7, 4, 8]?

check_consistency
Testing test2...

test_result == expected_output
False == [3, 7, 4, 8, 1, 5, 2, 6]?

check_consistency
Testing test3...

test_result == expected_output
False == [17, 31, 44, 78, 52, 71, 55, 86]?

check_consistency
Testing test4...

test_result == expected_output
False == [17, 31, 44, 78, 52, 71, 55, 86]?

check_consistency
Testing test5...

test_result == expected_output
False == [15, 78, 17, 108]?

check_consistency
Testing test6...

test_result == expected_output
False == [17, 108, 15, 78]?

check_consistency
Testing test7...

test_result == expected_output
False == [3, 7, 6, 55, 15, 78, 17, 108, 0, 21, 35, 108, 74, 800, 90, 1457]?

check_consistency
Testing test8...

test_result == expected_output
False == [0, 7, 6, 55, 15, 78, 17, 108, 3, 21, 35, 108, 74, 800, 90, 1457]?

check_consistency
Testing test9...

test_result == expected_output
False == [0, 21, 33, 44, 54, 77, 55, 78, 11, 22, 35, 88, 74, 89, 90, 1457]?

check_consistency
Testing test10...

test_result == expected_output
False == [11, 22, 33, 44, 54, 77, 55, 78, 0, 21, 35, 88, 74, 89, 90, 1457]?

check_consistency
Testing test11...

test_result == expected_output
False == [0, 21, 33, 78, 54, 77, 55, 1455, 22, 44, 35, 88, 74, 89, 90, 1457]?

check_consistency
Testing test12...

test_result == expected_output
False == [22, 44, 33, 78, 54, 77, 55, 1457, 0, 21, 35, 88, 74, 89, 90, 1455]?

check_consistency
Testing test13...

test_result == expected_output
False == [0, 55, 54, 77, 33, 575, 78, 7589, 22, 89, 74, 1455, 35, 7587, 1457, 87588]?

check_consistency
Testing test14...

test_result == expected_output
False == [22, 55, 54, 77, 33, 575, 1457, 7589, 0, 89, 74, 1455, 35, 7587, 78, 87588]?

check_consistency
Testing test15...

test_result == expected_output
False == [1, 2, 3, 4, 5, 6, 7, 8, 9, 10, 11, 12, 13, 14, 15, 16]?

check_consistency

The current test15 result is inconsistent with the previous test15 result.
Previous Result: ('test15', ~PassedTest)
Current Result: ('test15', ~FailedTest)

break for test inconsistency
Model Test Finished...
Previous Explanatory Power: 0.0526
Current Explanatory Power: 0.0
Exiting ModelTester

New Observations:
[('test1', ~FailedTest), ('test2', ~FailedTest), ('test3', ~FailedTest), ('test4', ~FailedTest), ('test5', ~FailedTest), ('test6', ~FailedTest), ('test7', ~FailedTest), ('test8', ~FailedTest), ('test9', ~FailedTest), ('test10', ~FailedTest), ('test11', ~FailedTest), ('test12', ~FailedTest), ('test13', ~FailedTest), ('test14', ~FailedTest), ('test15', ~FailedTest), ('UndefinedTest', ~FailedTest), ('UndefinedTest', ~FailedTest), ('UndefinedTest', ~FailedTest), ('UndefinedTest', ~FailedTest)]
Behavior Type:
Behavior.Worsened


Testing Hypothesis 1.
Hypothesis: ('return', 22, 0)

Init HyphotesisTester
Init ModelTester
Entering ModelTester
Starting Model Testing...
Testing test1...

                   test_result == expected_output
                   None == [1, 5, 2, 6, 3, 7, 4, 8]?
                   
check_consistency
Testing test2...

                   test_result == expected_output
                   None == [3, 7, 4, 8, 1, 5, 2, 6]?
                   
check_consistency
Testing test3...

                   test_result == expected_output
                   None == [17, 31, 44, 78, 52, 71, 55, 86]?
                   
check_consistency
Testing test4...

                   test_result == expected_output
                   None == [17, 31, 44, 78, 52, 71, 55, 86]?
                   
check_consistency
Testing test5...

                   test_result == expected_output
                   None == [15, 78, 17, 108]?
                   
check_consistency
Testing test6...

                   test_result == expected_output
                   None == [17, 108, 15, 78]?
                   
check_consistency
Testing test7...

                   test_result == expected_output
                   None == [3, 7, 6, 55, 15, 78, 17, 108, 0, 21, 35, 108, 74, 800, 90, 1457]?
                   
check_consistency
Testing test8...

                   test_result == expected_output
                   None == [0, 7, 6, 55, 15, 78, 17, 108, 3, 21, 35, 108, 74, 800, 90, 1457]?
                   
check_consistency
Testing test9...

                   test_result == expected_output
                   None == [0, 21, 33, 44, 54, 77, 55, 78, 11, 22, 35, 88, 74, 89, 90, 1457]?
                   
check_consistency
Testing test10...

                   test_result == expected_output
                   None == [11, 22, 33, 44, 54, 77, 55, 78, 0, 21, 35, 88, 74, 89, 90, 1457]?
                   
check_consistency
Testing test11...

                   test_result == expected_output
                   None == [0, 21, 33, 78, 54, 77, 55, 1455, 22, 44, 35, 88, 74, 89, 90, 1457]?
                   
check_consistency
Testing test12...

                   test_result == expected_output
                   None == [22, 44, 33, 78, 54, 77, 55, 1457, 0, 21, 35, 88, 74, 89, 90, 1455]?
                   
check_consistency
Testing test13...

                   test_result == expected_output
                   None == [0, 55, 54, 77, 33, 575, 78, 7589, 22, 89, 74, 1455, 35, 7587, 1457, 87588]?
                   
check_consistency
Testing test14...

                   test_result == expected_output
                   None == [22, 55, 54, 77, 33, 575, 1457, 7589, 0, 89, 74, 1455, 35, 7587, 78, 87588]?
                   
check_consistency
Testing test15...

                   test_result == expected_output
                   None == [1, 2, 3, 4, 5, 6, 7, 8, 9, 10, 11, 12, 13, 14, 15, 16]?
                   
check_consistency

               The current test15 result is inconsistent with the previous test15 result.
               Previous Result: ('test15', ~PassedTest)
               Current Result: ('test15', ~FailedTest)
               
break for test inconsistency
Model Test Finished...
Previous Explanatory Power: 0.0526
Current Explanatory Power: 0.0
Exiting ModelTester

                        New Observations:
                        [('test1', ~FailedTest), ('test2', ~FailedTest), ('test3', ~FailedTest), ('test4', ~FailedTest), ('test5', ~FailedTest), ('test6', ~FailedTest), ('test7', ~FailedTest), ('test8', ~FailedTest), ('test9', ~FailedTest), ('test10', ~FailedTest), ('test11', ~FailedTest), ('test12', ~FailedTest), ('test13', ~FailedTest), ('test14', ~FailedTest), ('test15', ~FailedTest), ('UndefinedTest', ~FailedTest), ('UndefinedTest', ~FailedTest), ('UndefinedTest', ~FailedTest), ('UndefinedTest', ~FailedTest)]
                        Behavior Type:
                        Behavior.Worsened
                        

                        Testing Hypothesis 2.
                        Hypothesis: ('raise a', 22, 0)
                        
Init HyphotesisTester
Init ModelTester
Entering ModelTester
Starting Model Testing...
Testing test1...
check_consistency
Testing test2...
check_consistency
Testing test3...
check_consistency
Testing test4...
check_consistency
Testing test5...
check_consistency
Testing test6...
check_consistency
Testing test7...
check_consistency
Testing test8...
check_consistency
Testing test9...
check_consistency
Testing test10...
check_consistency
Testing test11...
check_consistency
Testing test12...
check_consistency
Testing test13...
check_consistency
Testing test14...
check_consistency
Testing test15...
check_consistency

               The current test15 result is inconsistent with the previous test15 result.
               Previous Result: ('test15', ~PassedTest)
               Current Result: ('UndefinedTest', ~FailedTest)
               
break for test inconsistency
Model Test Finished...
Previous Explanatory Power: 0.0526
Current Explanatory Power: 0.0
Exiting ModelTester

                        New Observations:
                        [('UndefinedTest', ~FailedTest), ('UndefinedTest', ~FailedTest), ('UndefinedTest', ~FailedTest), ('UndefinedTest', ~FailedTest), ('UndefinedTest', ~FailedTest), ('UndefinedTest', ~FailedTest), ('UndefinedTest', ~FailedTest), ('UndefinedTest', ~FailedTest), ('UndefinedTest', ~FailedTest), ('UndefinedTest', ~FailedTest), ('UndefinedTest', ~FailedTest), ('UndefinedTest', ~FailedTest), ('UndefinedTest', ~FailedTest), ('UndefinedTest', ~FailedTest), ('UndefinedTest', ~FailedTest), ('UndefinedTest', ~FailedTest), ('UndefinedTest', ~FailedTest), ('UndefinedTest', ~FailedTest), ('UndefinedTest', ~FailedTest)]
                        Behavior Type:
                        Behavior.Worsened
                        

                        Testing Hypothesis 3.
                        Hypothesis: ('return (a, None)', 22, 0)
                        
Init HyphotesisTester
Init ModelTester
Entering ModelTester
Starting Model Testing...
Testing test1...

                   test_result == expected_output
                   ([3, 7, 4, 8, 6, 2, 1, 5], None) == [1, 5, 2, 6, 3, 7, 4, 8]?
                   
check_consistency
Testing test2...

                   test_result == expected_output
                   ([3, 7, 4, 8, 6, 2, 1, 5], None) == [3, 7, 4, 8, 1, 5, 2, 6]?
                   
check_consistency
Testing test3...

                   test_result == expected_output
                   ([31, 17, 44, 78, 86, 52, 71, 55], None) == [17, 31, 44, 78, 52, 71, 55, 86]?
                   
check_consistency
Testing test4...

                   test_result == expected_output
                   ([31, 17, 44, 78, 86, 52, 71, 55], None) == [17, 31, 44, 78, 52, 71, 55, 86]?
                   
check_consistency
Testing test5...

                   test_result == expected_output
                   ([108, 17, 15, 78], None) == [15, 78, 17, 108]?
                   
check_consistency
Testing test6...

                   test_result == expected_output
                   ([108, 17, 15, 78], None) == [17, 108, 15, 78]?
                   
check_consistency
Testing test7...

                   test_result == expected_output
                   ([6, 7, 55, 3, 108, 17, 15, 78, 108, 35, 21, 0, 800, 74, 90, 1457], None) == [3, 7, 6, 55, 15, 78, 17, 108, 0, 21, 35, 108, 74, 800, 90, 1457]?
                   
check_consistency
Testing test8...

                   test_result == expected_output
                   ([6, 7, 55, 3, 108, 17, 15, 78, 108, 35, 21, 0, 800, 74, 90, 1457], None) == [0, 7, 6, 55, 15, 78, 17, 108, 3, 21, 35, 108, 74, 800, 90, 1457]?
                   
check_consistency
Testing test9...

                   test_result == expected_output
                   ([11, 22, 44, 33, 77, 55, 54, 78, 88, 35, 21, 0, 89, 74, 90, 1457], None) == [0, 21, 33, 44, 54, 77, 55, 78, 11, 22, 35, 88, 74, 89, 90, 1457]?
                   
check_consistency
Testing test10...

                   test_result == expected_output
                   ([11, 22, 44, 33, 77, 55, 54, 78, 88, 35, 21, 0, 89, 74, 90, 1457], None) == [11, 22, 33, 44, 54, 77, 55, 78, 0, 21, 35, 88, 74, 89, 90, 1457]?
                   
check_consistency
Testing test11...

                   test_result == expected_output
                   ([1457, 22, 44, 33, 77, 55, 54, 78, 88, 35, 21, 0, 89, 74, 90, 1455], None) == [0, 21, 33, 78, 54, 77, 55, 1455, 22, 44, 35, 88, 74, 89, 90, 1457]?
                   
check_consistency
Testing test12...

                   test_result == expected_output
                   ([1457, 22, 44, 33, 77, 55, 54, 78, 88, 35, 21, 0, 89, 74, 90, 1455], None) == [22, 44, 33, 78, 54, 77, 55, 1457, 0, 21, 35, 88, 74, 89, 90, 1455]?
                   
check_consistency
Testing test13...

                   test_result == expected_output
                   ([1457, 7589, 22, 575, 33, 77, 55, 54, 78, 87588, 35, 7587, 0, 89, 74, 1455], None) == [0, 55, 54, 77, 33, 575, 78, 7589, 22, 89, 74, 1455, 35, 7587, 1457, 87588]?
                   
check_consistency
Testing test14...

                   test_result == expected_output
                   ([1457, 7589, 22, 575, 33, 77, 55, 54, 78, 87588, 35, 7587, 0, 89, 74, 1455], None) == [22, 55, 54, 77, 33, 575, 1457, 7589, 0, 89, 74, 1455, 35, 7587, 78, 87588]?
                   
check_consistency
Testing test15...

                   test_result == expected_output
                   ([1, 2, 3, 4, 5, 6, 7, 8, 9, 10, 11, 12, 13, 14, 15, 16], None) == [1, 2, 3, 4, 5, 6, 7, 8, 9, 10, 11, 12, 13, 14, 15, 16]?
                   
check_consistency

               The current test15 result is inconsistent with the previous test15 result.
               Previous Result: ('test15', ~PassedTest)
               Current Result: ('test15', ~FailedTest)
               
break for test inconsistency
Model Test Finished...
Previous Explanatory Power: 0.0526
Current Explanatory Power: 0.0
Exiting ModelTester

                        New Observations:
                        [('test1', ~FailedTest), ('test2', ~FailedTest), ('test3', ~FailedTest), ('test4', ~FailedTest), ('test5', ~FailedTest), ('test6', ~FailedTest), ('test7', ~FailedTest), ('test8', ~FailedTest), ('test9', ~FailedTest), ('test10', ~FailedTest), ('test11', ~FailedTest), ('test12', ~FailedTest), ('test13', ~FailedTest), ('test14', ~FailedTest), ('test15', ~FailedTest), ('UndefinedTest', ~FailedTest), ('UndefinedTest', ~FailedTest), ('UndefinedTest', ~FailedTest), ('UndefinedTest', ~FailedTest)]
                        Behavior Type:
                        Behavior.Worsened
                        

                        Testing Hypothesis 4.
                        Hypothesis: ('continue', 22, 0)
                        
Init HyphotesisTester

test_result == expected_output
None == [1, 5, 2, 6, 3, 7, 4, 8]?

check_consistency
Testing test2...

test_result == expected_output
None == [3, 7, 4, 8, 1, 5, 2, 6]?

check_consistency
Testing test3...

test_result == expected_output
None == [17, 31, 44, 78, 52, 71, 55, 86]?

check_consistency
Testing test4...

test_result == expected_output
None == [17, 31, 44, 78, 52, 71, 55, 86]?

check_consistency
Testing test5...

test_result == expected_output
None == [15, 78, 17, 108]?

check_consistency
Testing test6...

test_result == expected_output
None == [17, 108, 15, 78]?

check_consistency
Testing test7...

test_result == expected_output
None == [3, 7, 6, 55, 15, 78, 17, 108, 0, 21, 35, 108, 74, 800, 90, 1457]?

check_consistency
Testing test8...

test_result == expected_output
None == [0, 7, 6, 55, 15, 78, 17, 108, 3, 21, 35, 108, 74, 800, 90, 1457]?

check_consistency
Testing test9...

test_result == expected_output
None == [0, 21, 33, 44, 54, 77, 55, 78, 11, 22, 35, 88, 74, 89, 90, 1457]?

check_consistency
Testing test10...

test_result == expected_output
None == [11, 22, 33, 44, 54, 77, 55, 78, 0, 21, 35, 88, 74, 89, 90, 1457]?

check_consistency
Testing test11...

test_result == expected_output
None == [0, 21, 33, 78, 54, 77, 55, 1455, 22, 44, 35, 88, 74, 89, 90, 1457]?

check_consistency
Testing test12...

test_result == expected_output
None == [22, 44, 33, 78, 54, 77, 55, 1457, 0, 21, 35, 88, 74, 89, 90, 1455]?

check_consistency
Testing test13...

test_result == expected_output
None == [0, 55, 54, 77, 33, 575, 78, 7589, 22, 89, 74, 1455, 35, 7587, 1457, 87588]?

check_consistency
Testing test14...

test_result == expected_output
None == [22, 55, 54, 77, 33, 575, 1457, 7589, 0, 89, 74, 1455, 35, 7587, 78, 87588]?

check_consistency
Testing test15...

test_result == expected_output
None == [1, 2, 3, 4, 5, 6, 7, 8, 9, 10, 11, 12, 13, 14, 15, 16]?

check_consistency

The current test15 result is inconsistent with the previous test15 result.
Previous Result: ('test15', ~PassedTest)
Current Result: ('test15', ~FailedTest)

break for test inconsistency
Model Test Finished...
Previous Explanatory Power: 0.0526
Current Explanatory Power: 0.0
Exiting ModelTester

New Observations:
[('test1', ~FailedTest), ('test2', ~FailedTest), ('test3', ~FailedTest), ('test4', ~FailedTest), ('test5', ~FailedTest), ('test6', ~FailedTest), ('test7', ~FailedTest), ('test8', ~FailedTest), ('test9', ~FailedTest), ('test10', ~FailedTest), ('test11', ~FailedTest), ('test12', ~FailedTest), ('test13', ~FailedTest), ('test14', ~FailedTest), ('test15', ~FailedTest), ('UndefinedTest', ~FailedTest), ('UndefinedTest', ~FailedTest), ('UndefinedTest', ~FailedTest), ('UndefinedTest', ~FailedTest)]
Behavior Type:
Behavior.Worsened


Testing Hypothesis 2.
Hypothesis: ('raise a', 22, 0)

Init HyphotesisTester
Init ModelTester
Entering ModelTester
Starting Model Testing...
Testing test1...
check_consistency
Testing test2...
check_consistency
Testing test3...
check_consistency
Testing test4...
check_consistency
Testing test5...
check_consistency
Testing test6...
check_consistency
Testing test7...
check_consistency
Testing test8...
check_consistency
Testing test9...
check_consistency
Testing test10...
check_consistency
Testing test11...
check_consistency
Testing test12...
check_consistency
Testing test13...
check_consistency
Testing test14...
check_consistency
Testing test15...
check_consistency

The current test15 result is inconsistent with the previous test15 result.
Previous Result: ('test15', ~PassedTest)
Current Result: ('UndefinedTest', ~FailedTest)

break for test inconsistency
Model Test Finished...
Previous Explanatory Power: 0.0526
Current Explanatory Power: 0.0
Exiting ModelTester

New Observations:
[('UndefinedTest', ~FailedTest), ('UndefinedTest', ~FailedTest), ('UndefinedTest', ~FailedTest), ('UndefinedTest', ~FailedTest), ('UndefinedTest', ~FailedTest), ('UndefinedTest', ~FailedTest), ('UndefinedTest', ~FailedTest), ('UndefinedTest', ~FailedTest), ('UndefinedTest', ~FailedTest), ('UndefinedTest', ~FailedTest), ('UndefinedTest', ~FailedTest), ('UndefinedTest', ~FailedTest), ('UndefinedTest', ~FailedTest), ('UndefinedTest', ~FailedTest), ('UndefinedTest', ~FailedTest), ('UndefinedTest', ~FailedTest), ('UndefinedTest', ~FailedTest), ('UndefinedTest', ~FailedTest), ('UndefinedTest', ~FailedTest)]
Behavior Type:
Behavior.Worsened


Testing Hypothesis 3.
Hypothesis: ('return (a, None)', 22, 0)

Init HyphotesisTester
Init ModelTester
Entering ModelTester
Starting Model Testing...
Testing test1...

test_result == expected_output
([3, 7, 4, 8, 6, 2, 1, 5], None) == [1, 5, 2, 6, 3, 7, 4, 8]?

check_consistency
Testing test2...

test_result == expected_output
([3, 7, 4, 8, 6, 2, 1, 5], None) == [3, 7, 4, 8, 1, 5, 2, 6]?

check_consistency
Testing test3...

test_result == expected_output
([31, 17, 44, 78, 86, 52, 71, 55], None) == [17, 31, 44, 78, 52, 71, 55, 86]?

check_consistency
Testing test4...

test_result == expected_output
([31, 17, 44, 78, 86, 52, 71, 55], None) == [17, 31, 44, 78, 52, 71, 55, 86]?

check_consistency
Testing test5...

test_result == expected_output
([108, 17, 15, 78], None) == [15, 78, 17, 108]?

check_consistency
Testing test6...

test_result == expected_output
([108, 17, 15, 78], None) == [17, 108, 15, 78]?

check_consistency
Testing test7...

test_result == expected_output
([6, 7, 55, 3, 108, 17, 15, 78, 108, 35, 21, 0, 800, 74, 90, 1457], None) == [3, 7, 6, 55, 15, 78, 17, 108, 0, 21, 35, 108, 74, 800, 90, 1457]?

check_consistency
Testing test8...

test_result == expected_output
([6, 7, 55, 3, 108, 17, 15, 78, 108, 35, 21, 0, 800, 74, 90, 1457], None) == [0, 7, 6, 55, 15, 78, 17, 108, 3, 21, 35, 108, 74, 800, 90, 1457]?

check_consistency
Testing test9...

test_result == expected_output
([11, 22, 44, 33, 77, 55, 54, 78, 88, 35, 21, 0, 89, 74, 90, 1457], None) == [0, 21, 33, 44, 54, 77, 55, 78, 11, 22, 35, 88, 74, 89, 90, 1457]?

check_consistency
Testing test10...

test_result == expected_output
([11, 22, 44, 33, 77, 55, 54, 78, 88, 35, 21, 0, 89, 74, 90, 1457], None) == [11, 22, 33, 44, 54, 77, 55, 78, 0, 21, 35, 88, 74, 89, 90, 1457]?

check_consistency
Testing test11...

test_result == expected_output
([1457, 22, 44, 33, 77, 55, 54, 78, 88, 35, 21, 0, 89, 74, 90, 1455], None) == [0, 21, 33, 78, 54, 77, 55, 1455, 22, 44, 35, 88, 74, 89, 90, 1457]?

check_consistency
Testing test12...

test_result == expected_output
([1457, 22, 44, 33, 77, 55, 54, 78, 88, 35, 21, 0, 89, 74, 90, 1455], None) == [22, 44, 33, 78, 54, 77, 55, 1457, 0, 21, 35, 88, 74, 89, 90, 1455]?

check_consistency
Testing test13...

test_result == expected_output
([1457, 7589, 22, 575, 33, 77, 55, 54, 78, 87588, 35, 7587, 0, 89, 74, 1455], None) == [0, 55, 54, 77, 33, 575, 78, 7589, 22, 89, 74, 1455, 35, 7587, 1457, 87588]?

check_consistency
Testing test14...

test_result == expected_output
([1457, 7589, 22, 575, 33, 77, 55, 54, 78, 87588, 35, 7587, 0, 89, 74, 1455], None) == [22, 55, 54, 77, 33, 575, 1457, 7589, 0, 89, 74, 1455, 35, 7587, 78, 87588]?

check_consistency
Testing test15...

test_result == expected_output
([1, 2, 3, 4, 5, 6, 7, 8, 9, 10, 11, 12, 13, 14, 15, 16], None) == [1, 2, 3, 4, 5, 6, 7, 8, 9, 10, 11, 12, 13, 14, 15, 16]?

check_consistency

The current test15 result is inconsistent with the previous test15 result.
Previous Result: ('test15', ~PassedTest)
Current Result: ('test15', ~FailedTest)

break for test inconsistency
Model Test Finished...
Previous Explanatory Power: 0.0526
Current Explanatory Power: 0.0
Exiting ModelTester

New Observations:
[('test1', ~FailedTest), ('test2', ~FailedTest), ('test3', ~FailedTest), ('test4', ~FailedTest), ('test5', ~FailedTest), ('test6', ~FailedTest), ('test7', ~FailedTest), ('test8', ~FailedTest), ('test9', ~FailedTest), ('test10', ~FailedTest), ('test11', ~FailedTest), ('test12', ~FailedTest), ('test13', ~FailedTest), ('test14', ~FailedTest), ('test15', ~FailedTest), ('UndefinedTest', ~FailedTest), ('UndefinedTest', ~FailedTest), ('UndefinedTest', ~FailedTest), ('UndefinedTest', ~FailedTest)]
Behavior Type:
Behavior.Worsened


Testing Hypothesis 4.
Hypothesis: ('continue', 22, 0)

Init HyphotesisTester
Init ModelTester
Entering ModelTester
An error ocurred while importing the model model_in_test
Traceback (most recent call last):
  File "/Users/isaac/Documents/Code/AbinDebugger_v2/model/core/ModelTester.py", line 121, in __enter__
    spec.loader.exec_module(self.model)
  File "<frozen importlib._bootstrap_external>", line 846, in exec_module
  File "<frozen importlib._bootstrap_external>", line 983, in get_code
  File "<frozen importlib._bootstrap_external>", line 913, in source_to_code
  File "<frozen importlib._bootstrap>", line 228, in _call_with_frames_removed
  File "model_in_test", line 22
SyntaxError: 'continue' not properly in loop
Starting Model Testing...
Testing test1...
Exiting ModelTester

               An error ocurred during the model test.
               <class 'ImportError'>:
                       Failed to import the given function aSort from the model model_in_test.
                       Please check that the given parameter 'func' correspond to a function in the model.
                       
               Unable to continue the test of the hypothesis model: model_in_test
               

               <== Exception Traceback ==>
               
Traceback (most recent call last):
  File "/Users/isaac/Documents/Code/AbinDebugger_v2/AbinModel.py", line 229, in hyphotesis_testing
    (observation, influence_path) = hypo_test.model_testing(check_consistency=True)
  File "/Users/isaac/Documents/Code/AbinDebugger_v2/model/core/ModelTester.py", line 190, in model_testing
    raise ImportError(f"""
ImportError: 
                       Failed to import the given function aSort from the model model_in_test.
                       Please check that the given parameter 'func' correspond to a function in the model.
                       


                        New Observations:
                        []
                        Behavior Type:
                        Behavior.Undefined
                        

                        Testing Hypothesis 5.
                        Hypothesis: ('return [a]', 22, 0)
                        
Init HyphotesisTester
Init ModelTester
Entering ModelTester
Starting Model Testing...
Testing test1...

                   test_result == expected_output
                   [[3, 7, 4, 8, 6, 2, 1, 5]] == [1, 5, 2, 6, 3, 7, 4, 8]?
                   
check_consistency
Testing test2...

                   test_result == expected_output
                   [[3, 7, 4, 8, 6, 2, 1, 5]] == [3, 7, 4, 8, 1, 5, 2, 6]?
                   
check_consistency
Testing test3...

                   test_result == expected_output
                   [[31, 17, 44, 78, 86, 52, 71, 55]] == [17, 31, 44, 78, 52, 71, 55, 86]?
                   
check_consistency
Testing test4...

                   test_result == expected_output
                   [[31, 17, 44, 78, 86, 52, 71, 55]] == [17, 31, 44, 78, 52, 71, 55, 86]?
                   
check_consistency
Testing test5...

                   test_result == expected_output
                   [[108, 17, 15, 78]] == [15, 78, 17, 108]?
                   
check_consistency
Testing test6...

                   test_result == expected_output
                   [[108, 17, 15, 78]] == [17, 108, 15, 78]?
                   
check_consistency
Testing test7...

                   test_result == expected_output
                   [[6, 7, 55, 3, 108, 17, 15, 78, 108, 35, 21, 0, 800, 74, 90, 1457]] == [3, 7, 6, 55, 15, 78, 17, 108, 0, 21, 35, 108, 74, 800, 90, 1457]?
                   
check_consistency
Testing test8...

                   test_result == expected_output
                   [[6, 7, 55, 3, 108, 17, 15, 78, 108, 35, 21, 0, 800, 74, 90, 1457]] == [0, 7, 6, 55, 15, 78, 17, 108, 3, 21, 35, 108, 74, 800, 90, 1457]?
                   
check_consistency
Testing test9...

                   test_result == expected_output
                   [[11, 22, 44, 33, 77, 55, 54, 78, 88, 35, 21, 0, 89, 74, 90, 1457]] == [0, 21, 33, 44, 54, 77, 55, 78, 11, 22, 35, 88, 74, 89, 90, 1457]?
                   
check_consistency
Testing test10...

                   test_result == expected_output
                   [[11, 22, 44, 33, 77, 55, 54, 78, 88, 35, 21, 0, 89, 74, 90, 1457]] == [11, 22, 33, 44, 54, 77, 55, 78, 0, 21, 35, 88, 74, 89, 90, 1457]?
                   
check_consistency
Testing test11...

                   test_result == expected_output
                   [[1457, 22, 44, 33, 77, 55, 54, 78, 88, 35, 21, 0, 89, 74, 90, 1455]] == [0, 21, 33, 78, 54, 77, 55, 1455, 22, 44, 35, 88, 74, 89, 90, 1457]?
                   
check_consistency
Testing test12...

                   test_result == expected_output
                   [[1457, 22, 44, 33, 77, 55, 54, 78, 88, 35, 21, 0, 89, 74, 90, 1455]] == [22, 44, 33, 78, 54, 77, 55, 1457, 0, 21, 35, 88, 74, 89, 90, 1455]?
                   
check_consistency
Testing test13...

                   test_result == expected_output
                   [[1457, 7589, 22, 575, 33, 77, 55, 54, 78, 87588, 35, 7587, 0, 89, 74, 1455]] == [0, 55, 54, 77, 33, 575, 78, 7589, 22, 89, 74, 1455, 35, 7587, 1457, 87588]?
                   
check_consistency
Testing test14...

                   test_result == expected_output
                   [[1457, 7589, 22, 575, 33, 77, 55, 54, 78, 87588, 35, 7587, 0, 89, 74, 1455]] == [22, 55, 54, 77, 33, 575, 1457, 7589, 0, 89, 74, 1455, 35, 7587, 78, 87588]?
                   
check_consistency
Testing test15...

                   test_result == expected_output
                   [[1, 2, 3, 4, 5, 6, 7, 8, 9, 10, 11, 12, 13, 14, 15, 16]] == [1, 2, 3, 4, 5, 6, 7, 8, 9, 10, 11, 12, 13, 14, 15, 16]?
                   
check_consistency

               The current test15 result is inconsistent with the previous test15 result.
               Previous Result: ('test15', ~PassedTest)
               Current Result: ('test15', ~FailedTest)
               
break for test inconsistency
Model Test Finished...
Previous Explanatory Power: 0.0526
Current Explanatory Power: 0.0
Exiting ModelTester

                        New Observations:
                        [('test1', ~FailedTest), ('test2', ~FailedTest), ('test3', ~FailedTest), ('test4', ~FailedTest), ('test5', ~FailedTest), ('test6', ~FailedTest), ('test7', ~FailedTest), ('test8', ~FailedTest), ('test9', ~FailedTest), ('test10', ~FailedTest), ('test11', ~FailedTest), ('test12', ~FailedTest), ('test13', ~FailedTest), ('test14', ~FailedTest), ('test15', ~FailedTest), ('UndefinedTest', ~FailedTest), ('UndefinedTest', ~FailedTest), ('UndefinedTest', ~FailedTest), ('UndefinedTest', ~FailedTest)]
                        Behavior Type:
                        Behavior.Worsened
                        

                        Testing Hypothesis 6.
                        Hypothesis: ('return (not a)', 22, 0)
                        
Init HyphotesisTester
Init ModelTester
Entering ModelTester
Starting Model Testing...
Testing test1...

                   test_result == expected_output
                   False == [1, 5, 2, 6, 3, 7, 4, 8]?
                   
check_consistency
Testing test2...

                   test_result == expected_output
                   False == [3, 7, 4, 8, 1, 5, 2, 6]?
                   
check_consistency
Testing test3...

                   test_result == expected_output
                   False == [17, 31, 44, 78, 52, 71, 55, 86]?
                   
check_consistency
Testing test4...

                   test_result == expected_output
                   False == [17, 31, 44, 78, 52, 71, 55, 86]?
                   
check_consistency
Testing test5...

                   test_result == expected_output
                   False == [15, 78, 17, 108]?
                   
check_consistency
Testing test6...

                   test_result == expected_output
                   False == [17, 108, 15, 78]?
                   
check_consistency
Testing test7...

                   test_result == expected_output
                   False == [3, 7, 6, 55, 15, 78, 17, 108, 0, 21, 35, 108, 74, 800, 90, 1457]?
                   
check_consistency
Testing test8...

                   test_result == expected_output
                   False == [0, 7, 6, 55, 15, 78, 17, 108, 3, 21, 35, 108, 74, 800, 90, 1457]?
                   
check_consistency
Testing test9...

                   test_result == expected_output
                   False == [0, 21, 33, 44, 54, 77, 55, 78, 11, 22, 35, 88, 74, 89, 90, 1457]?
                   
check_consistency
Testing test10...

                   test_result == expected_output
                   False == [11, 22, 33, 44, 54, 77, 55, 78, 0, 21, 35, 88, 74, 89, 90, 1457]?
                   
check_consistency
Testing test11...

                   test_result == expected_output
                   False == [0, 21, 33, 78, 54, 77, 55, 1455, 22, 44, 35, 88, 74, 89, 90, 1457]?
                   
check_consistency
Testing test12...

                   test_result == expected_output
                   False == [22, 44, 33, 78, 54, 77, 55, 1457, 0, 21, 35, 88, 74, 89, 90, 1455]?
                   
check_consistency
Testing test13...

                   test_result == expected_output
                   False == [0, 55, 54, 77, 33, 575, 78, 7589, 22, 89, 74, 1455, 35, 7587, 1457, 87588]?
                   
check_consistency
Testing test14...

                   test_result == expected_output
                   False == [22, 55, 54, 77, 33, 575, 1457, 7589, 0, 89, 74, 1455, 35, 7587, 78, 87588]?
                   
check_consistency
Testing test15...

                   test_result == expected_output
                   False == [1, 2, 3, 4, 5, 6, 7, 8, 9, 10, 11, 12, 13, 14, 15, 16]?
                   
check_consistency

               The current test15 result is inconsistent with the previous test15 result.
               Previous Result: ('test15', ~PassedTest)
               Current Result: ('test15', ~FailedTest)
               
break for test inconsistency
Model Test Finished...
Previous Explanatory Power: 0.0526
Current Explanatory Power: 0.0
Exiting ModelTester

                        New Observations:
                        [('test1', ~FailedTest), ('test2', ~FailedTest), ('test3', ~FailedTest), ('test4', ~FailedTest), ('test5', ~FailedTest), ('test6', ~FailedTest), ('test7', ~FailedTest), ('test8', ~FailedTest), ('test9', ~FailedTest), ('test10', ~FailedTest), ('test11', ~FailedTest), ('test12', ~FailedTest), ('test13', ~FailedTest), ('test14', ~FailedTest), ('test15', ~FailedTest), ('UndefinedTest', ~FailedTest), ('UndefinedTest', ~FailedTest), ('UndefinedTest', ~FailedTest), ('UndefinedTest', ~FailedTest)]
                        Behavior Type:
                        Behavior.Worsened
                        

                        Testing Hypothesis 7.
                        Hypothesis: ('return True', 22, 0)
                        
Init HyphotesisTester
Init ModelTester
Entering ModelTester
Starting Model Testing...
Testing test1...

                   test_result == expected_output
                   True == [1, 5, 2, 6, 3, 7, 4, 8]?
                   
check_consistency
Testing test2...

                   test_result == expected_output
                   True == [3, 7, 4, 8, 1, 5, 2, 6]?
                   
check_consistency
Testing test3...

                   test_result == expected_output
                   True == [17, 31, 44, 78, 52, 71, 55, 86]?
                   
check_consistency
Testing test4...
Init ModelTester
Entering ModelTester
An error ocurred while importing the model model_in_test
Starting Model Testing...
Testing test1...
Exiting ModelTester

An error ocurred during the model test.
<class 'ImportError'>:
        Failed to import the given function aSort from the model model_in_test.
        Please check that the given parameter 'func' correspond to a function in the model.

Unable to continue the test of the hypothesis model: model_in_test


<== Exception Traceback ==>

Traceback (most recent call last):
  File "/Users/isaac/Documents/Code/AbinDebugger_v2/AbinModel.py", line 229, in hyphotesis_testing
    (observation, influence_path) = hypo_test.model_testing(check_consistency=True)
  File "/Users/isaac/Documents/Code/AbinDebugger_v2/model/core/ModelTester.py", line 190, in model_testing
    raise ImportError(f"""
ImportError: 
                       Failed to import the given function aSort from the model model_in_test.
                       Please check that the given parameter 'func' correspond to a function in the model.



New Observations:
[]
Behavior Type:
Behavior.Undefined


Testing Hypothesis 5.
Hypothesis: ('return [a]', 22, 0)

Init HyphotesisTester
Init ModelTester
Entering ModelTester
Starting Model Testing...
Testing test1...

test_result == expected_output
[[3, 7, 4, 8, 6, 2, 1, 5]] == [1, 5, 2, 6, 3, 7, 4, 8]?

check_consistency
Testing test2...

test_result == expected_output
[[3, 7, 4, 8, 6, 2, 1, 5]] == [3, 7, 4, 8, 1, 5, 2, 6]?

check_consistency
Testing test3...

test_result == expected_output
[[31, 17, 44, 78, 86, 52, 71, 55]] == [17, 31, 44, 78, 52, 71, 55, 86]?

check_consistency
Testing test4...

test_result == expected_output
[[31, 17, 44, 78, 86, 52, 71, 55]] == [17, 31, 44, 78, 52, 71, 55, 86]?

check_consistency
Testing test5...

test_result == expected_output
[[108, 17, 15, 78]] == [15, 78, 17, 108]?

check_consistency
Testing test6...

test_result == expected_output
[[108, 17, 15, 78]] == [17, 108, 15, 78]?

check_consistency
Testing test7...

test_result == expected_output
[[6, 7, 55, 3, 108, 17, 15, 78, 108, 35, 21, 0, 800, 74, 90, 1457]] == [3, 7, 6, 55, 15, 78, 17, 108, 0, 21, 35, 108, 74, 800, 90, 1457]?

check_consistency
Testing test8...

test_result == expected_output
[[6, 7, 55, 3, 108, 17, 15, 78, 108, 35, 21, 0, 800, 74, 90, 1457]] == [0, 7, 6, 55, 15, 78, 17, 108, 3, 21, 35, 108, 74, 800, 90, 1457]?

check_consistency
Testing test9...

test_result == expected_output
[[11, 22, 44, 33, 77, 55, 54, 78, 88, 35, 21, 0, 89, 74, 90, 1457]] == [0, 21, 33, 44, 54, 77, 55, 78, 11, 22, 35, 88, 74, 89, 90, 1457]?

check_consistency
Testing test10...

test_result == expected_output
[[11, 22, 44, 33, 77, 55, 54, 78, 88, 35, 21, 0, 89, 74, 90, 1457]] == [11, 22, 33, 44, 54, 77, 55, 78, 0, 21, 35, 88, 74, 89, 90, 1457]?

check_consistency
Testing test11...

test_result == expected_output
[[1457, 22, 44, 33, 77, 55, 54, 78, 88, 35, 21, 0, 89, 74, 90, 1455]] == [0, 21, 33, 78, 54, 77, 55, 1455, 22, 44, 35, 88, 74, 89, 90, 1457]?

check_consistency
Testing test12...

test_result == expected_output
[[1457, 22, 44, 33, 77, 55, 54, 78, 88, 35, 21, 0, 89, 74, 90, 1455]] == [22, 44, 33, 78, 54, 77, 55, 1457, 0, 21, 35, 88, 74, 89, 90, 1455]?

check_consistency
Testing test13...

test_result == expected_output
[[1457, 7589, 22, 575, 33, 77, 55, 54, 78, 87588, 35, 7587, 0, 89, 74, 1455]] == [0, 55, 54, 77, 33, 575, 78, 7589, 22, 89, 74, 1455, 35, 7587, 1457, 87588]?

check_consistency
Testing test14...

test_result == expected_output
[[1457, 7589, 22, 575, 33, 77, 55, 54, 78, 87588, 35, 7587, 0, 89, 74, 1455]] == [22, 55, 54, 77, 33, 575, 1457, 7589, 0, 89, 74, 1455, 35, 7587, 78, 87588]?

check_consistency
Testing test15...

test_result == expected_output
[[1, 2, 3, 4, 5, 6, 7, 8, 9, 10, 11, 12, 13, 14, 15, 16]] == [1, 2, 3, 4, 5, 6, 7, 8, 9, 10, 11, 12, 13, 14, 15, 16]?

check_consistency

The current test15 result is inconsistent with the previous test15 result.
Previous Result: ('test15', ~PassedTest)
Current Result: ('test15', ~FailedTest)

break for test inconsistency
Model Test Finished...
Previous Explanatory Power: 0.0526
Current Explanatory Power: 0.0
Exiting ModelTester

New Observations:
[('test1', ~FailedTest), ('test2', ~FailedTest), ('test3', ~FailedTest), ('test4', ~FailedTest), ('test5', ~FailedTest), ('test6', ~FailedTest), ('test7', ~FailedTest), ('test8', ~FailedTest), ('test9', ~FailedTest), ('test10', ~FailedTest), ('test11', ~FailedTest), ('test12', ~FailedTest), ('test13', ~FailedTest), ('test14', ~FailedTest), ('test15', ~FailedTest), ('UndefinedTest', ~FailedTest), ('UndefinedTest', ~FailedTest), ('UndefinedTest', ~FailedTest), ('UndefinedTest', ~FailedTest)]
Behavior Type:
Behavior.Worsened


Testing Hypothesis 6.
Hypothesis: ('return (not a)', 22, 0)

Init HyphotesisTester
Init ModelTester
Entering ModelTester
Starting Model Testing...
Testing test1...

test_result == expected_output
False == [1, 5, 2, 6, 3, 7, 4, 8]?

check_consistency
Testing test2...

test_result == expected_output
False == [3, 7, 4, 8, 1, 5, 2, 6]?

check_consistency
Testing test3...

test_result == expected_output
False == [17, 31, 44, 78, 52, 71, 55, 86]?

check_consistency
Testing test4...

test_result == expected_output
False == [17, 31, 44, 78, 52, 71, 55, 86]?

check_consistency
Testing test5...

test_result == expected_output
False == [15, 78, 17, 108]?

check_consistency
Testing test6...

test_result == expected_output
False == [17, 108, 15, 78]?

check_consistency
Testing test7...

test_result == expected_output
False == [3, 7, 6, 55, 15, 78, 17, 108, 0, 21, 35, 108, 74, 800, 90, 1457]?

check_consistency
Testing test8...

test_result == expected_output
False == [0, 7, 6, 55, 15, 78, 17, 108, 3, 21, 35, 108, 74, 800, 90, 1457]?

check_consistency
Testing test9...

test_result == expected_output
False == [0, 21, 33, 44, 54, 77, 55, 78, 11, 22, 35, 88, 74, 89, 90, 1457]?

check_consistency
Testing test10...

test_result == expected_output
False == [11, 22, 33, 44, 54, 77, 55, 78, 0, 21, 35, 88, 74, 89, 90, 1457]?

check_consistency
Testing test11...

test_result == expected_output
False == [0, 21, 33, 78, 54, 77, 55, 1455, 22, 44, 35, 88, 74, 89, 90, 1457]?

check_consistency
Testing test12...

test_result == expected_output
False == [22, 44, 33, 78, 54, 77, 55, 1457, 0, 21, 35, 88, 74, 89, 90, 1455]?

check_consistency
Testing test13...

test_result == expected_output
False == [0, 55, 54, 77, 33, 575, 78, 7589, 22, 89, 74, 1455, 35, 7587, 1457, 87588]?

check_consistency
Testing test14...

test_result == expected_output
False == [22, 55, 54, 77, 33, 575, 1457, 7589, 0, 89, 74, 1455, 35, 7587, 78, 87588]?

check_consistency
Testing test15...

test_result == expected_output
False == [1, 2, 3, 4, 5, 6, 7, 8, 9, 10, 11, 12, 13, 14, 15, 16]?

check_consistency

The current test15 result is inconsistent with the previous test15 result.
Previous Result: ('test15', ~PassedTest)
Current Result: ('test15', ~FailedTest)

break for test inconsistency
Model Test Finished...
Previous Explanatory Power: 0.0526
Current Explanatory Power: 0.0
Exiting ModelTester

New Observations:
[('test1', ~FailedTest), ('test2', ~FailedTest), ('test3', ~FailedTest), ('test4', ~FailedTest), ('test5', ~FailedTest), ('test6', ~FailedTest), ('test7', ~FailedTest), ('test8', ~FailedTest), ('test9', ~FailedTest), ('test10', ~FailedTest), ('test11', ~FailedTest), ('test12', ~FailedTest), ('test13', ~FailedTest), ('test14', ~FailedTest), ('test15', ~FailedTest), ('UndefinedTest', ~FailedTest), ('UndefinedTest', ~FailedTest), ('UndefinedTest', ~FailedTest), ('UndefinedTest', ~FailedTest)]
Behavior Type:
Behavior.Worsened


Testing Hypothesis 7.
Hypothesis: ('return True', 22, 0)

Init HyphotesisTester
Init ModelTester
Entering ModelTester
Starting Model Testing...
Testing test1...

test_result == expected_output
True == [1, 5, 2, 6, 3, 7, 4, 8]?

check_consistency
Testing test2...

test_result == expected_output
True == [3, 7, 4, 8, 1, 5, 2, 6]?

check_consistency
Testing test3...

test_result == expected_output
True == [17, 31, 44, 78, 52, 71, 55, 86]?

check_consistency
Testing test4...

                   test_result == expected_output
                   True == [17, 31, 44, 78, 52, 71, 55, 86]?
                   
check_consistency
Testing test5...

                   test_result == expected_output
                   True == [15, 78, 17, 108]?
                   
check_consistency
Testing test6...

                   test_result == expected_output
                   True == [17, 108, 15, 78]?
                   
check_consistency
Testing test7...

                   test_result == expected_output
                   True == [3, 7, 6, 55, 15, 78, 17, 108, 0, 21, 35, 108, 74, 800, 90, 1457]?
                   
check_consistency
Testing test8...

                   test_result == expected_output
                   True == [0, 7, 6, 55, 15, 78, 17, 108, 3, 21, 35, 108, 74, 800, 90, 1457]?
                   
check_consistency
Testing test9...

                   test_result == expected_output
                   True == [0, 21, 33, 44, 54, 77, 55, 78, 11, 22, 35, 88, 74, 89, 90, 1457]?
                   
check_consistency
Testing test10...

                   test_result == expected_output
                   True == [11, 22, 33, 44, 54, 77, 55, 78, 0, 21, 35, 88, 74, 89, 90, 1457]?
                   
check_consistency
Testing test11...

                   test_result == expected_output
                   True == [0, 21, 33, 78, 54, 77, 55, 1455, 22, 44, 35, 88, 74, 89, 90, 1457]?
                   
check_consistency
Testing test12...

                   test_result == expected_output
                   True == [22, 44, 33, 78, 54, 77, 55, 1457, 0, 21, 35, 88, 74, 89, 90, 1455]?
                   
check_consistency
Testing test13...

                   test_result == expected_output
                   True == [0, 55, 54, 77, 33, 575, 78, 7589, 22, 89, 74, 1455, 35, 7587, 1457, 87588]?
                   
check_consistency
Testing test14...

                   test_result == expected_output
                   True == [22, 55, 54, 77, 33, 575, 1457, 7589, 0, 89, 74, 1455, 35, 7587, 78, 87588]?
                   
check_consistency
Testing test15...

                   test_result == expected_output
                   True == [1, 2, 3, 4, 5, 6, 7, 8, 9, 10, 11, 12, 13, 14, 15, 16]?
                   
check_consistency

               The current test15 result is inconsistent with the previous test15 result.
               Previous Result: ('test15', ~PassedTest)
               Current Result: ('test15', ~FailedTest)
               
break for test inconsistency
Model Test Finished...
Previous Explanatory Power: 0.0526
Current Explanatory Power: 0.0
Exiting ModelTester

                        New Observations:
                        [('test1', ~FailedTest), ('test2', ~FailedTest), ('test3', ~FailedTest), ('test4', ~FailedTest), ('test5', ~FailedTest), ('test6', ~FailedTest), ('test7', ~FailedTest), ('test8', ~FailedTest), ('test9', ~FailedTest), ('test10', ~FailedTest), ('test11', ~FailedTest), ('test12', ~FailedTest), ('test13', ~FailedTest), ('test14', ~FailedTest), ('test15', ~FailedTest), ('UndefinedTest', ~FailedTest), ('UndefinedTest', ~FailedTest), ('UndefinedTest', ~FailedTest), ('UndefinedTest', ~FailedTest)]
                        Behavior Type:
                        Behavior.Worsened
                        

                        Testing Hypothesis 8.
                        Hypothesis: ('raise', 22, 0)
                        
Init HyphotesisTester
Init ModelTester
Entering ModelTester
Starting Model Testing...
Testing test1...
check_consistency
Testing test2...
check_consistency
Testing test3...
check_consistency
Testing test4...
check_consistency
Testing test5...
check_consistency
Testing test6...
check_consistency
Testing test7...
check_consistency
Testing test8...
check_consistency
Testing test9...
check_consistency
Testing test10...
check_consistency
Testing test11...
check_consistency
Testing test12...
check_consistency
Testing test13...
check_consistency
Testing test14...
check_consistency
Testing test15...
check_consistency

               The current test15 result is inconsistent with the previous test15 result.
               Previous Result: ('test15', ~PassedTest)
               Current Result: ('UndefinedTest', ~FailedTest)
               
break for test inconsistency
Model Test Finished...
Previous Explanatory Power: 0.0526
Current Explanatory Power: 0.0
Exiting ModelTester

                        New Observations:
                        [('UndefinedTest', ~FailedTest), ('UndefinedTest', ~FailedTest), ('UndefinedTest', ~FailedTest), ('UndefinedTest', ~FailedTest), ('UndefinedTest', ~FailedTest), ('UndefinedTest', ~FailedTest), ('UndefinedTest', ~FailedTest), ('UndefinedTest', ~FailedTest), ('UndefinedTest', ~FailedTest), ('UndefinedTest', ~FailedTest), ('UndefinedTest', ~FailedTest), ('UndefinedTest', ~FailedTest), ('UndefinedTest', ~FailedTest), ('UndefinedTest', ~FailedTest), ('UndefinedTest', ~FailedTest), ('UndefinedTest', ~FailedTest), ('UndefinedTest', ~FailedTest), ('UndefinedTest', ~FailedTest), ('UndefinedTest', ~FailedTest)]
                        Behavior Type:
                        Behavior.Worsened
                        

                        Testing Hypothesis 9.
                        Hypothesis: ('return None', 22, 0)
                        
Init HyphotesisTester
Init ModelTester
Entering ModelTester
Starting Model Testing...
Testing test1...

                   test_result == expected_output
                   None == [1, 5, 2, 6, 3, 7, 4, 8]?
                   
check_consistency
Testing test2...

                   test_result == expected_output
                   None == [3, 7, 4, 8, 1, 5, 2, 6]?
                   
check_consistency
Testing test3...

                   test_result == expected_output
                   None == [17, 31, 44, 78, 52, 71, 55, 86]?
                   
check_consistency
Testing test4...

                   test_result == expected_output
                   None == [17, 31, 44, 78, 52, 71, 55, 86]?
                   
check_consistency
Testing test5...

                   test_result == expected_output
                   None == [15, 78, 17, 108]?
                   
check_consistency
Testing test6...

                   test_result == expected_output
                   None == [17, 108, 15, 78]?
                   
check_consistency
Testing test7...

                   test_result == expected_output
                   None == [3, 7, 6, 55, 15, 78, 17, 108, 0, 21, 35, 108, 74, 800, 90, 1457]?
                   
check_consistency
Testing test8...

                   test_result == expected_output
                   None == [0, 7, 6, 55, 15, 78, 17, 108, 3, 21, 35, 108, 74, 800, 90, 1457]?
                   
check_consistency
Testing test9...

                   test_result == expected_output
                   None == [0, 21, 33, 44, 54, 77, 55, 78, 11, 22, 35, 88, 74, 89, 90, 1457]?
                   
check_consistency
Testing test10...

                   test_result == expected_output
                   None == [11, 22, 33, 44, 54, 77, 55, 78, 0, 21, 35, 88, 74, 89, 90, 1457]?
                   
check_consistency
Testing test11...

                   test_result == expected_output
                   None == [0, 21, 33, 78, 54, 77, 55, 1455, 22, 44, 35, 88, 74, 89, 90, 1457]?
                   
check_consistency
Testing test12...

                   test_result == expected_output
                   None == [22, 44, 33, 78, 54, 77, 55, 1457, 0, 21, 35, 88, 74, 89, 90, 1455]?
                   
check_consistency
Testing test13...

                   test_result == expected_output
                   None == [0, 55, 54, 77, 33, 575, 78, 7589, 22, 89, 74, 1455, 35, 7587, 1457, 87588]?
                   
check_consistency
Testing test14...

                   test_result == expected_output
                   None == [22, 55, 54, 77, 33, 575, 1457, 7589, 0, 89, 74, 1455, 35, 7587, 78, 87588]?
                   
check_consistency
Testing test15...

                   test_result == expected_output
                   None == [1, 2, 3, 4, 5, 6, 7, 8, 9, 10, 11, 12, 13, 14, 15, 16]?
                   
check_consistency

               The current test15 result is inconsistent with the previous test15 result.
               Previous Result: ('test15', ~PassedTest)
               Current Result: ('test15', ~FailedTest)
               
break for test inconsistency
Model Test Finished...
Previous Explanatory Power: 0.0526
Current Explanatory Power: 0.0
Exiting ModelTester

                        New Observations:
                        [('test1', ~FailedTest), ('test2', ~FailedTest), ('test3', ~FailedTest), ('test4', ~FailedTest), ('test5', ~FailedTest), ('test6', ~FailedTest), ('test7', ~FailedTest), ('test8', ~FailedTest), ('test9', ~FailedTest), ('test10', ~FailedTest), ('test11', ~FailedTest), ('test12', ~FailedTest), ('test13', ~FailedTest), ('test14', ~FailedTest), ('test15', ~FailedTest), ('UndefinedTest', ~FailedTest), ('UndefinedTest', ~FailedTest), ('UndefinedTest', ~FailedTest), ('UndefinedTest', ~FailedTest)]
                        Behavior Type:
                        Behavior.Worsened
                        

                        Testing Hypothesis 10.
                        Hypothesis: ('return (a,)', 22, 0)
                        
Init HyphotesisTester
Init ModelTester
Entering ModelTester
Starting Model Testing...
Testing test1...

                   test_result == expected_output
                   ([3, 7, 4, 8, 6, 2, 1, 5],) == [1, 5, 2, 6, 3, 7, 4, 8]?
                   
check_consistency
Testing test2...

                   test_result == expected_output
                   ([3, 7, 4, 8, 6, 2, 1, 5],) == [3, 7, 4, 8, 1, 5, 2, 6]?
                   
check_consistency
Testing test3...

                   test_result == expected_output
                   ([31, 17, 44, 78, 86, 52, 71, 55],) == [17, 31, 44, 78, 52, 71, 55, 86]?
                   
check_consistency
Testing test4...

                   test_result == expected_output
                   ([31, 17, 44, 78, 86, 52, 71, 55],) == [17, 31, 44, 78, 52, 71, 55, 86]?
                   
check_consistency
Testing test5...

                   test_result == expected_output
                   ([108, 17, 15, 78],) == [15, 78, 17, 108]?
                   
check_consistency
Testing test6...

                   test_result == expected_output
                   ([108, 17, 15, 78],) == [17, 108, 15, 78]?
                   
check_consistency
Testing test7...

                   test_result == expected_output
                   ([6, 7, 55, 3, 108, 17, 15, 78, 108, 35, 21, 0, 800, 74, 90, 1457],) == [3, 7, 6, 55, 15, 78, 17, 108, 0, 21, 35, 108, 74, 800, 90, 1457]?
                   
check_consistency
Testing test8...

test_result == expected_output
True == [17, 31, 44, 78, 52, 71, 55, 86]?

check_consistency
Testing test5...

test_result == expected_output
True == [15, 78, 17, 108]?

check_consistency
Testing test6...

test_result == expected_output
True == [17, 108, 15, 78]?

check_consistency
Testing test7...

test_result == expected_output
True == [3, 7, 6, 55, 15, 78, 17, 108, 0, 21, 35, 108, 74, 800, 90, 1457]?

check_consistency
Testing test8...

test_result == expected_output
True == [0, 7, 6, 55, 15, 78, 17, 108, 3, 21, 35, 108, 74, 800, 90, 1457]?

check_consistency
Testing test9...

test_result == expected_output
True == [0, 21, 33, 44, 54, 77, 55, 78, 11, 22, 35, 88, 74, 89, 90, 1457]?

check_consistency
Testing test10...

test_result == expected_output
True == [11, 22, 33, 44, 54, 77, 55, 78, 0, 21, 35, 88, 74, 89, 90, 1457]?

check_consistency
Testing test11...

test_result == expected_output
True == [0, 21, 33, 78, 54, 77, 55, 1455, 22, 44, 35, 88, 74, 89, 90, 1457]?

check_consistency
Testing test12...

test_result == expected_output
True == [22, 44, 33, 78, 54, 77, 55, 1457, 0, 21, 35, 88, 74, 89, 90, 1455]?

check_consistency
Testing test13...

test_result == expected_output
True == [0, 55, 54, 77, 33, 575, 78, 7589, 22, 89, 74, 1455, 35, 7587, 1457, 87588]?

check_consistency
Testing test14...

test_result == expected_output
True == [22, 55, 54, 77, 33, 575, 1457, 7589, 0, 89, 74, 1455, 35, 7587, 78, 87588]?

check_consistency
Testing test15...

test_result == expected_output
True == [1, 2, 3, 4, 5, 6, 7, 8, 9, 10, 11, 12, 13, 14, 15, 16]?

check_consistency

The current test15 result is inconsistent with the previous test15 result.
Previous Result: ('test15', ~PassedTest)
Current Result: ('test15', ~FailedTest)

break for test inconsistency
Model Test Finished...
Previous Explanatory Power: 0.0526
Current Explanatory Power: 0.0
Exiting ModelTester

New Observations:
[('test1', ~FailedTest), ('test2', ~FailedTest), ('test3', ~FailedTest), ('test4', ~FailedTest), ('test5', ~FailedTest), ('test6', ~FailedTest), ('test7', ~FailedTest), ('test8', ~FailedTest), ('test9', ~FailedTest), ('test10', ~FailedTest), ('test11', ~FailedTest), ('test12', ~FailedTest), ('test13', ~FailedTest), ('test14', ~FailedTest), ('test15', ~FailedTest), ('UndefinedTest', ~FailedTest), ('UndefinedTest', ~FailedTest), ('UndefinedTest', ~FailedTest), ('UndefinedTest', ~FailedTest)]
Behavior Type:
Behavior.Worsened


Testing Hypothesis 8.
Hypothesis: ('raise', 22, 0)

Init HyphotesisTester
Init ModelTester
Entering ModelTester
Starting Model Testing...
Testing test1...
check_consistency
Testing test2...
check_consistency
Testing test3...
check_consistency
Testing test4...
check_consistency
Testing test5...
check_consistency
Testing test6...
check_consistency
Testing test7...
check_consistency
Testing test8...
check_consistency
Testing test9...
check_consistency
Testing test10...
check_consistency
Testing test11...
check_consistency
Testing test12...
check_consistency
Testing test13...
check_consistency
Testing test14...
check_consistency
Testing test15...
check_consistency

The current test15 result is inconsistent with the previous test15 result.
Previous Result: ('test15', ~PassedTest)
Current Result: ('UndefinedTest', ~FailedTest)

break for test inconsistency
Model Test Finished...
Previous Explanatory Power: 0.0526
Current Explanatory Power: 0.0
Exiting ModelTester

New Observations:
[('UndefinedTest', ~FailedTest), ('UndefinedTest', ~FailedTest), ('UndefinedTest', ~FailedTest), ('UndefinedTest', ~FailedTest), ('UndefinedTest', ~FailedTest), ('UndefinedTest', ~FailedTest), ('UndefinedTest', ~FailedTest), ('UndefinedTest', ~FailedTest), ('UndefinedTest', ~FailedTest), ('UndefinedTest', ~FailedTest), ('UndefinedTest', ~FailedTest), ('UndefinedTest', ~FailedTest), ('UndefinedTest', ~FailedTest), ('UndefinedTest', ~FailedTest), ('UndefinedTest', ~FailedTest), ('UndefinedTest', ~FailedTest), ('UndefinedTest', ~FailedTest), ('UndefinedTest', ~FailedTest), ('UndefinedTest', ~FailedTest)]
Behavior Type:
Behavior.Worsened


Testing Hypothesis 9.
Hypothesis: ('return None', 22, 0)

Init HyphotesisTester
Init ModelTester
Entering ModelTester
Starting Model Testing...
Testing test1...

test_result == expected_output
None == [1, 5, 2, 6, 3, 7, 4, 8]?

check_consistency
Testing test2...

test_result == expected_output
None == [3, 7, 4, 8, 1, 5, 2, 6]?

check_consistency
Testing test3...

test_result == expected_output
None == [17, 31, 44, 78, 52, 71, 55, 86]?

check_consistency
Testing test4...

test_result == expected_output
None == [17, 31, 44, 78, 52, 71, 55, 86]?

check_consistency
Testing test5...

test_result == expected_output
None == [15, 78, 17, 108]?

check_consistency
Testing test6...

test_result == expected_output
None == [17, 108, 15, 78]?

check_consistency
Testing test7...

test_result == expected_output
None == [3, 7, 6, 55, 15, 78, 17, 108, 0, 21, 35, 108, 74, 800, 90, 1457]?

check_consistency
Testing test8...

test_result == expected_output
None == [0, 7, 6, 55, 15, 78, 17, 108, 3, 21, 35, 108, 74, 800, 90, 1457]?

check_consistency
Testing test9...

test_result == expected_output
None == [0, 21, 33, 44, 54, 77, 55, 78, 11, 22, 35, 88, 74, 89, 90, 1457]?

check_consistency
Testing test10...

test_result == expected_output
None == [11, 22, 33, 44, 54, 77, 55, 78, 0, 21, 35, 88, 74, 89, 90, 1457]?

check_consistency
Testing test11...

test_result == expected_output
None == [0, 21, 33, 78, 54, 77, 55, 1455, 22, 44, 35, 88, 74, 89, 90, 1457]?

check_consistency
Testing test12...

test_result == expected_output
None == [22, 44, 33, 78, 54, 77, 55, 1457, 0, 21, 35, 88, 74, 89, 90, 1455]?

check_consistency
Testing test13...

test_result == expected_output
None == [0, 55, 54, 77, 33, 575, 78, 7589, 22, 89, 74, 1455, 35, 7587, 1457, 87588]?

check_consistency
Testing test14...

test_result == expected_output
None == [22, 55, 54, 77, 33, 575, 1457, 7589, 0, 89, 74, 1455, 35, 7587, 78, 87588]?

check_consistency
Testing test15...

test_result == expected_output
None == [1, 2, 3, 4, 5, 6, 7, 8, 9, 10, 11, 12, 13, 14, 15, 16]?

check_consistency

The current test15 result is inconsistent with the previous test15 result.
Previous Result: ('test15', ~PassedTest)
Current Result: ('test15', ~FailedTest)

break for test inconsistency
Model Test Finished...
Previous Explanatory Power: 0.0526
Current Explanatory Power: 0.0
Exiting ModelTester

New Observations:
[('test1', ~FailedTest), ('test2', ~FailedTest), ('test3', ~FailedTest), ('test4', ~FailedTest), ('test5', ~FailedTest), ('test6', ~FailedTest), ('test7', ~FailedTest), ('test8', ~FailedTest), ('test9', ~FailedTest), ('test10', ~FailedTest), ('test11', ~FailedTest), ('test12', ~FailedTest), ('test13', ~FailedTest), ('test14', ~FailedTest), ('test15', ~FailedTest), ('UndefinedTest', ~FailedTest), ('UndefinedTest', ~FailedTest), ('UndefinedTest', ~FailedTest), ('UndefinedTest', ~FailedTest)]
Behavior Type:
Behavior.Worsened


Testing Hypothesis 10.
Hypothesis: ('return (a,)', 22, 0)

Init HyphotesisTester
Init ModelTester
Entering ModelTester
Starting Model Testing...
Testing test1...

test_result == expected_output
([3, 7, 4, 8, 6, 2, 1, 5],) == [1, 5, 2, 6, 3, 7, 4, 8]?

check_consistency
Testing test2...

test_result == expected_output
([3, 7, 4, 8, 6, 2, 1, 5],) == [3, 7, 4, 8, 1, 5, 2, 6]?

check_consistency
Testing test3...

test_result == expected_output
([31, 17, 44, 78, 86, 52, 71, 55],) == [17, 31, 44, 78, 52, 71, 55, 86]?

check_consistency
Testing test4...

test_result == expected_output
([31, 17, 44, 78, 86, 52, 71, 55],) == [17, 31, 44, 78, 52, 71, 55, 86]?

check_consistency
Testing test5...

test_result == expected_output
([108, 17, 15, 78],) == [15, 78, 17, 108]?

check_consistency
Testing test6...

test_result == expected_output
([108, 17, 15, 78],) == [17, 108, 15, 78]?

check_consistency
Testing test7...

test_result == expected_output
([6, 7, 55, 3, 108, 17, 15, 78, 108, 35, 21, 0, 800, 74, 90, 1457],) == [3, 7, 6, 55, 15, 78, 17, 108, 0, 21, 35, 108, 74, 800, 90, 1457]?

check_consistency
Testing test8...

                   test_result == expected_output
                   ([6, 7, 55, 3, 108, 17, 15, 78, 108, 35, 21, 0, 800, 74, 90, 1457],) == [0, 7, 6, 55, 15, 78, 17, 108, 3, 21, 35, 108, 74, 800, 90, 1457]?
                   
check_consistency
Testing test9...

                   test_result == expected_output
                   ([11, 22, 44, 33, 77, 55, 54, 78, 88, 35, 21, 0, 89, 74, 90, 1457],) == [0, 21, 33, 44, 54, 77, 55, 78, 11, 22, 35, 88, 74, 89, 90, 1457]?
                   
check_consistency
Testing test10...

                   test_result == expected_output
                   ([11, 22, 44, 33, 77, 55, 54, 78, 88, 35, 21, 0, 89, 74, 90, 1457],) == [11, 22, 33, 44, 54, 77, 55, 78, 0, 21, 35, 88, 74, 89, 90, 1457]?
                   
check_consistency
Testing test11...

                   test_result == expected_output
                   ([1457, 22, 44, 33, 77, 55, 54, 78, 88, 35, 21, 0, 89, 74, 90, 1455],) == [0, 21, 33, 78, 54, 77, 55, 1455, 22, 44, 35, 88, 74, 89, 90, 1457]?
                   
check_consistency
Testing test12...

                   test_result == expected_output
                   ([1457, 22, 44, 33, 77, 55, 54, 78, 88, 35, 21, 0, 89, 74, 90, 1455],) == [22, 44, 33, 78, 54, 77, 55, 1457, 0, 21, 35, 88, 74, 89, 90, 1455]?
                   
check_consistency
Testing test13...

                   test_result == expected_output
                   ([1457, 7589, 22, 575, 33, 77, 55, 54, 78, 87588, 35, 7587, 0, 89, 74, 1455],) == [0, 55, 54, 77, 33, 575, 78, 7589, 22, 89, 74, 1455, 35, 7587, 1457, 87588]?
                   
check_consistency
Testing test14...

                   test_result == expected_output
                   ([1457, 7589, 22, 575, 33, 77, 55, 54, 78, 87588, 35, 7587, 0, 89, 74, 1455],) == [22, 55, 54, 77, 33, 575, 1457, 7589, 0, 89, 74, 1455, 35, 7587, 78, 87588]?
                   
check_consistency
Testing test15...

                   test_result == expected_output
                   ([1, 2, 3, 4, 5, 6, 7, 8, 9, 10, 11, 12, 13, 14, 15, 16],) == [1, 2, 3, 4, 5, 6, 7, 8, 9, 10, 11, 12, 13, 14, 15, 16]?
                   
check_consistency

               The current test15 result is inconsistent with the previous test15 result.
               Previous Result: ('test15', ~PassedTest)
               Current Result: ('test15', ~FailedTest)
               
break for test inconsistency
Model Test Finished...
Previous Explanatory Power: 0.0526
Current Explanatory Power: 0.0
Exiting ModelTester

                        New Observations:
                        [('test1', ~FailedTest), ('test2', ~FailedTest), ('test3', ~FailedTest), ('test4', ~FailedTest), ('test5', ~FailedTest), ('test6', ~FailedTest), ('test7', ~FailedTest), ('test8', ~FailedTest), ('test9', ~FailedTest), ('test10', ~FailedTest), ('test11', ~FailedTest), ('test12', ~FailedTest), ('test13', ~FailedTest), ('test14', ~FailedTest), ('test15', ~FailedTest), ('UndefinedTest', ~FailedTest), ('UndefinedTest', ~FailedTest), ('UndefinedTest', ~FailedTest), ('UndefinedTest', ~FailedTest)]
                        Behavior Type:
                        Behavior.Worsened
                        

                        Testing Hypothesis 11.
                        Hypothesis: ('return a()', 22, 0)
                        
Init HyphotesisTester
Init ModelTester
Entering ModelTester
Starting Model Testing...
Testing test1...
check_consistency
Testing test2...
check_consistency
Testing test3...
check_consistency
Testing test4...
check_consistency
Testing test5...
check_consistency
Testing test6...
check_consistency
Testing test7...
check_consistency
Testing test8...
check_consistency
Testing test9...
check_consistency
Testing test10...
check_consistency
Testing test11...
check_consistency
Testing test12...
check_consistency
Testing test13...
check_consistency
Testing test14...
check_consistency
Testing test15...
check_consistency

               The current test15 result is inconsistent with the previous test15 result.
               Previous Result: ('test15', ~PassedTest)
               Current Result: ('UndefinedTest', ~FailedTest)
               
break for test inconsistency
Model Test Finished...
Previous Explanatory Power: 0.0526
Current Explanatory Power: 0.0
Exiting ModelTester

                        New Observations:
                        [('UndefinedTest', ~FailedTest), ('UndefinedTest', ~FailedTest), ('UndefinedTest', ~FailedTest), ('UndefinedTest', ~FailedTest), ('UndefinedTest', ~FailedTest), ('UndefinedTest', ~FailedTest), ('UndefinedTest', ~FailedTest), ('UndefinedTest', ~FailedTest), ('UndefinedTest', ~FailedTest), ('UndefinedTest', ~FailedTest), ('UndefinedTest', ~FailedTest), ('UndefinedTest', ~FailedTest), ('UndefinedTest', ~FailedTest), ('UndefinedTest', ~FailedTest), ('UndefinedTest', ~FailedTest), ('UndefinedTest', ~FailedTest), ('UndefinedTest', ~FailedTest), ('UndefinedTest', ~FailedTest), ('UndefinedTest', ~FailedTest)]
                        Behavior Type:
                        Behavior.Worsened
                        

                        Testing Hypothesis 12.
                        Hypothesis: ('return (a or [])', 22, 0)
                        
Init HyphotesisTester
Init ModelTester
Entering ModelTester
Starting Model Testing...
Testing test1...

                   test_result == expected_output
                   [3, 7, 4, 8, 6, 2, 1, 5] == [1, 5, 2, 6, 3, 7, 4, 8]?
                   
check_consistency
Testing test2...

                   test_result == expected_output
                   [3, 7, 4, 8, 6, 2, 1, 5] == [3, 7, 4, 8, 1, 5, 2, 6]?
                   
check_consistency
Testing test3...

                   test_result == expected_output
                   [31, 17, 44, 78, 86, 52, 71, 55] == [17, 31, 44, 78, 52, 71, 55, 86]?
                   
check_consistency
Testing test4...

                   test_result == expected_output
                   [31, 17, 44, 78, 86, 52, 71, 55] == [17, 31, 44, 78, 52, 71, 55, 86]?
                   
check_consistency
Testing test5...

                   test_result == expected_output
                   [108, 17, 15, 78] == [15, 78, 17, 108]?
                   
check_consistency
Testing test6...

                   test_result == expected_output
                   [108, 17, 15, 78] == [17, 108, 15, 78]?
                   
check_consistency
Testing test7...

                   test_result == expected_output
                   [6, 7, 55, 3, 108, 17, 15, 78, 108, 35, 21, 0, 800, 74, 90, 1457] == [3, 7, 6, 55, 15, 78, 17, 108, 0, 21, 35, 108, 74, 800, 90, 1457]?
                   
check_consistency
Testing test8...

                   test_result == expected_output
                   [6, 7, 55, 3, 108, 17, 15, 78, 108, 35, 21, 0, 800, 74, 90, 1457] == [0, 7, 6, 55, 15, 78, 17, 108, 3, 21, 35, 108, 74, 800, 90, 1457]?
                   
check_consistency
Testing test9...

                   test_result == expected_output
                   [11, 22, 44, 33, 77, 55, 54, 78, 88, 35, 21, 0, 89, 74, 90, 1457] == [0, 21, 33, 44, 54, 77, 55, 78, 11, 22, 35, 88, 74, 89, 90, 1457]?
                   
check_consistency
Testing test10...

                   test_result == expected_output
                   [11, 22, 44, 33, 77, 55, 54, 78, 88, 35, 21, 0, 89, 74, 90, 1457] == [11, 22, 33, 44, 54, 77, 55, 78, 0, 21, 35, 88, 74, 89, 90, 1457]?
                   
check_consistency
Testing test11...

                   test_result == expected_output
                   [1457, 22, 44, 33, 77, 55, 54, 78, 88, 35, 21, 0, 89, 74, 90, 1455] == [0, 21, 33, 78, 54, 77, 55, 1455, 22, 44, 35, 88, 74, 89, 90, 1457]?
                   
check_consistency
Testing test12...

                   test_result == expected_output
                   [1457, 22, 44, 33, 77, 55, 54, 78, 88, 35, 21, 0, 89, 74, 90, 1455] == [22, 44, 33, 78, 54, 77, 55, 1457, 0, 21, 35, 88, 74, 89, 90, 1455]?
                   
check_consistency
Testing test13...

                   test_result == expected_output
                   [1457, 7589, 22, 575, 33, 77, 55, 54, 78, 87588, 35, 7587, 0, 89, 74, 1455] == [0, 55, 54, 77, 33, 575, 78, 7589, 22, 89, 74, 1455, 35, 7587, 1457, 87588]?
                   
check_consistency
Testing test14...

                   test_result == expected_output
                   [1457, 7589, 22, 575, 33, 77, 55, 54, 78, 87588, 35, 7587, 0, 89, 74, 1455] == [22, 55, 54, 77, 33, 575, 1457, 7589, 0, 89, 74, 1455, 35, 7587, 78, 87588]?
                   
check_consistency
Testing test15...

                   test_result == expected_output
                   [1, 2, 3, 4, 5, 6, 7, 8, 9, 10, 11, 12, 13, 14, 15, 16] == [1, 2, 3, 4, 5, 6, 7, 8, 9, 10, 11, 12, 13, 14, 15, 16]?
                   
Testing test16...

                   test_result == expected_output
                   [1, 2, 3, 4, 5, 6, 7, 8, 20, 10, 11, 12, 13, 14, 15, 16] == [1, 2, 3, 4, 5, 6, 7, 8, 10, 12, 11, 16, 13, 14, 15, 20]?
                   
check_consistency
Testing test17...

                   test_result == expected_output
                   [1, 2, 3, 4, 5, 6, 7, 8, 20, 10, 11, 12, 13, 14, 15, 16] == [1, 2, 3, 4, 5, 6, 7, 8, 10, 12, 11, 16, 13, 14, 15, 20]?
                   
check_consistency
Testing test18...

                   test_result == expected_output
                   [1457, 22, 44, 33, 77, 55, 54, 78, 88, 35, 21, 0, 89, 74, 90, 1455, 1457, 22, 44, 33, 77, 55, 54, 78, 88, 35, 21, 0, 89, 74, 90, 1455] == [0, 21, 33, 78, 54, 77, 55, 1455, 22, 44, 35, 88, 74, 89, 90, 1457, 0, 21, 33, 78, 54, 77, 55, 1455, 22, 44, 35, 88, 74, 89, 90, 1457]?
                   
check_consistency
Testing test19...

                   test_result == expected_output
                   [1457, 22, 44, 33, 77, 55, 54, 78, 88, 35, 21, 0, 89, 74, 90, 1455, 1457, 22, 44, 33, 77, 55, 54, 78, 88, 35, 21, 0, 89, 74, 90, 1455] == [0, 21, 33, 78, 54, 77, 55, 1455, 22, 44, 35, 88, 74, 89, 90, 1457, 0, 21, 33, 78, 54, 77, 55, 1455, 22, 44, 35, 88, 74, 89, 90, 1457]?
                   
check_consistency
Model Test Finished...
Previous Explanatory Power: 0.0526
Current Explanatory Power: 0.0526
Exiting ModelTester

test_result == expected_output
([6, 7, 55, 3, 108, 17, 15, 78, 108, 35, 21, 0, 800, 74, 90, 1457],) == [0, 7, 6, 55, 15, 78, 17, 108, 3, 21, 35, 108, 74, 800, 90, 1457]?

check_consistency
Testing test9...

test_result == expected_output
([11, 22, 44, 33, 77, 55, 54, 78, 88, 35, 21, 0, 89, 74, 90, 1457],) == [0, 21, 33, 44, 54, 77, 55, 78, 11, 22, 35, 88, 74, 89, 90, 1457]?

check_consistency
Testing test10...

test_result == expected_output
([11, 22, 44, 33, 77, 55, 54, 78, 88, 35, 21, 0, 89, 74, 90, 1457],) == [11, 22, 33, 44, 54, 77, 55, 78, 0, 21, 35, 88, 74, 89, 90, 1457]?

check_consistency
Testing test11...

test_result == expected_output
([1457, 22, 44, 33, 77, 55, 54, 78, 88, 35, 21, 0, 89, 74, 90, 1455],) == [0, 21, 33, 78, 54, 77, 55, 1455, 22, 44, 35, 88, 74, 89, 90, 1457]?

check_consistency
Testing test12...

test_result == expected_output
([1457, 22, 44, 33, 77, 55, 54, 78, 88, 35, 21, 0, 89, 74, 90, 1455],) == [22, 44, 33, 78, 54, 77, 55, 1457, 0, 21, 35, 88, 74, 89, 90, 1455]?

check_consistency
Testing test13...

test_result == expected_output
([1457, 7589, 22, 575, 33, 77, 55, 54, 78, 87588, 35, 7587, 0, 89, 74, 1455],) == [0, 55, 54, 77, 33, 575, 78, 7589, 22, 89, 74, 1455, 35, 7587, 1457, 87588]?

check_consistency
Testing test14...

test_result == expected_output
([1457, 7589, 22, 575, 33, 77, 55, 54, 78, 87588, 35, 7587, 0, 89, 74, 1455],) == [22, 55, 54, 77, 33, 575, 1457, 7589, 0, 89, 74, 1455, 35, 7587, 78, 87588]?

check_consistency
Testing test15...

test_result == expected_output
([1, 2, 3, 4, 5, 6, 7, 8, 9, 10, 11, 12, 13, 14, 15, 16],) == [1, 2, 3, 4, 5, 6, 7, 8, 9, 10, 11, 12, 13, 14, 15, 16]?

check_consistency

The current test15 result is inconsistent with the previous test15 result.
Previous Result: ('test15', ~PassedTest)
Current Result: ('test15', ~FailedTest)

break for test inconsistency
Model Test Finished...
Previous Explanatory Power: 0.0526
Current Explanatory Power: 0.0
Exiting ModelTester

New Observations:
[('test1', ~FailedTest), ('test2', ~FailedTest), ('test3', ~FailedTest), ('test4', ~FailedTest), ('test5', ~FailedTest), ('test6', ~FailedTest), ('test7', ~FailedTest), ('test8', ~FailedTest), ('test9', ~FailedTest), ('test10', ~FailedTest), ('test11', ~FailedTest), ('test12', ~FailedTest), ('test13', ~FailedTest), ('test14', ~FailedTest), ('test15', ~FailedTest), ('UndefinedTest', ~FailedTest), ('UndefinedTest', ~FailedTest), ('UndefinedTest', ~FailedTest), ('UndefinedTest', ~FailedTest)]
Behavior Type:
Behavior.Worsened


Testing Hypothesis 11.
Hypothesis: ('return a()', 22, 0)

Init HyphotesisTester
Init ModelTester
Entering ModelTester
Starting Model Testing...
Testing test1...
check_consistency
Testing test2...
check_consistency
Testing test3...
check_consistency
Testing test4...
check_consistency
Testing test5...
check_consistency
Testing test6...
check_consistency
Testing test7...
check_consistency
Testing test8...
check_consistency
Testing test9...
check_consistency
Testing test10...
check_consistency
Testing test11...
check_consistency
Testing test12...
check_consistency
Testing test13...
check_consistency
Testing test14...
check_consistency
Testing test15...
check_consistency

The current test15 result is inconsistent with the previous test15 result.
Previous Result: ('test15', ~PassedTest)
Current Result: ('UndefinedTest', ~FailedTest)

break for test inconsistency
Model Test Finished...
Previous Explanatory Power: 0.0526
Current Explanatory Power: 0.0
Exiting ModelTester

New Observations:
[('UndefinedTest', ~FailedTest), ('UndefinedTest', ~FailedTest), ('UndefinedTest', ~FailedTest), ('UndefinedTest', ~FailedTest), ('UndefinedTest', ~FailedTest), ('UndefinedTest', ~FailedTest), ('UndefinedTest', ~FailedTest), ('UndefinedTest', ~FailedTest), ('UndefinedTest', ~FailedTest), ('UndefinedTest', ~FailedTest), ('UndefinedTest', ~FailedTest), ('UndefinedTest', ~FailedTest), ('UndefinedTest', ~FailedTest), ('UndefinedTest', ~FailedTest), ('UndefinedTest', ~FailedTest), ('UndefinedTest', ~FailedTest), ('UndefinedTest', ~FailedTest), ('UndefinedTest', ~FailedTest), ('UndefinedTest', ~FailedTest)]
Behavior Type:
Behavior.Worsened


Testing Hypothesis 12.
Hypothesis: ('return (a or [])', 22, 0)

Init HyphotesisTester
Init ModelTester
Entering ModelTester
Starting Model Testing...
Testing test1...

test_result == expected_output
[3, 7, 4, 8, 6, 2, 1, 5] == [1, 5, 2, 6, 3, 7, 4, 8]?

check_consistency
Testing test2...

test_result == expected_output
[3, 7, 4, 8, 6, 2, 1, 5] == [3, 7, 4, 8, 1, 5, 2, 6]?

check_consistency
Testing test3...

test_result == expected_output
[31, 17, 44, 78, 86, 52, 71, 55] == [17, 31, 44, 78, 52, 71, 55, 86]?

check_consistency
Testing test4...

test_result == expected_output
[31, 17, 44, 78, 86, 52, 71, 55] == [17, 31, 44, 78, 52, 71, 55, 86]?

check_consistency
Testing test5...

test_result == expected_output
[108, 17, 15, 78] == [15, 78, 17, 108]?

check_consistency
Testing test6...

test_result == expected_output
[108, 17, 15, 78] == [17, 108, 15, 78]?

check_consistency
Testing test7...

test_result == expected_output
[6, 7, 55, 3, 108, 17, 15, 78, 108, 35, 21, 0, 800, 74, 90, 1457] == [3, 7, 6, 55, 15, 78, 17, 108, 0, 21, 35, 108, 74, 800, 90, 1457]?

check_consistency
Testing test8...

test_result == expected_output
[6, 7, 55, 3, 108, 17, 15, 78, 108, 35, 21, 0, 800, 74, 90, 1457] == [0, 7, 6, 55, 15, 78, 17, 108, 3, 21, 35, 108, 74, 800, 90, 1457]?

check_consistency
Testing test9...

test_result == expected_output
[11, 22, 44, 33, 77, 55, 54, 78, 88, 35, 21, 0, 89, 74, 90, 1457] == [0, 21, 33, 44, 54, 77, 55, 78, 11, 22, 35, 88, 74, 89, 90, 1457]?

check_consistency
Testing test10...

test_result == expected_output
[11, 22, 44, 33, 77, 55, 54, 78, 88, 35, 21, 0, 89, 74, 90, 1457] == [11, 22, 33, 44, 54, 77, 55, 78, 0, 21, 35, 88, 74, 89, 90, 1457]?

check_consistency
Testing test11...

test_result == expected_output
[1457, 22, 44, 33, 77, 55, 54, 78, 88, 35, 21, 0, 89, 74, 90, 1455] == [0, 21, 33, 78, 54, 77, 55, 1455, 22, 44, 35, 88, 74, 89, 90, 1457]?

check_consistency
Testing test12...

test_result == expected_output
[1457, 22, 44, 33, 77, 55, 54, 78, 88, 35, 21, 0, 89, 74, 90, 1455] == [22, 44, 33, 78, 54, 77, 55, 1457, 0, 21, 35, 88, 74, 89, 90, 1455]?

check_consistency
Testing test13...

test_result == expected_output
[1457, 7589, 22, 575, 33, 77, 55, 54, 78, 87588, 35, 7587, 0, 89, 74, 1455] == [0, 55, 54, 77, 33, 575, 78, 7589, 22, 89, 74, 1455, 35, 7587, 1457, 87588]?

check_consistency
Testing test14...

test_result == expected_output
[1457, 7589, 22, 575, 33, 77, 55, 54, 78, 87588, 35, 7587, 0, 89, 74, 1455] == [22, 55, 54, 77, 33, 575, 1457, 7589, 0, 89, 74, 1455, 35, 7587, 78, 87588]?

check_consistency
Testing test15...

test_result == expected_output
[1, 2, 3, 4, 5, 6, 7, 8, 9, 10, 11, 12, 13, 14, 15, 16] == [1, 2, 3, 4, 5, 6, 7, 8, 9, 10, 11, 12, 13, 14, 15, 16]?

Testing test16...

test_result == expected_output
[1, 2, 3, 4, 5, 6, 7, 8, 20, 10, 11, 12, 13, 14, 15, 16] == [1, 2, 3, 4, 5, 6, 7, 8, 10, 12, 11, 16, 13, 14, 15, 20]?

check_consistency
Testing test17...

test_result == expected_output
[1, 2, 3, 4, 5, 6, 7, 8, 20, 10, 11, 12, 13, 14, 15, 16] == [1, 2, 3, 4, 5, 6, 7, 8, 10, 12, 11, 16, 13, 14, 15, 20]?

check_consistency
Testing test18...

test_result == expected_output
[1457, 22, 44, 33, 77, 55, 54, 78, 88, 35, 21, 0, 89, 74, 90, 1455, 1457, 22, 44, 33, 77, 55, 54, 78, 88, 35, 21, 0, 89, 74, 90, 1455] == [0, 21, 33, 78, 54, 77, 55, 1455, 22, 44, 35, 88, 74, 89, 90, 1457, 0, 21, 33, 78, 54, 77, 55, 1455, 22, 44, 35, 88, 74, 89, 90, 1457]?

check_consistency
Testing test19...

test_result == expected_output
[1457, 22, 44, 33, 77, 55, 54, 78, 88, 35, 21, 0, 89, 74, 90, 1455, 1457, 22, 44, 33, 77, 55, 54, 78, 88, 35, 21, 0, 89, 74, 90, 1455] == [0, 21, 33, 78, 54, 77, 55, 1455, 22, 44, 35, 88, 74, 89, 90, 1457, 0, 21, 33, 78, 54, 77, 55, 1455, 22, 44, 35, 88, 74, 89, 90, 1457]?

check_consistency
Model Test Finished...
Previous Explanatory Power: 0.0526
Current Explanatory Power: 0.0526
Exiting ModelTester

                        New Observations:
                        [('test1', ~FailedTest), ('test2', ~FailedTest), ('test3', ~FailedTest), ('test4', ~FailedTest), ('test5', ~FailedTest), ('test6', ~FailedTest), ('test7', ~FailedTest), ('test8', ~FailedTest), ('test9', ~FailedTest), ('test10', ~FailedTest), ('test11', ~FailedTest), ('test12', ~FailedTest), ('test13', ~FailedTest), ('test14', ~FailedTest), ('test15', ~PassedTest), ('test16', ~FailedTest), ('test17', ~FailedTest), ('test18', ~FailedTest), ('test19', ~FailedTest)]
                        Behavior Type:
                        Behavior.Same
                        

                        Testing Hypothesis 13.
                        Hypothesis: ('return a.detach()', 22, 0)
                        
Init HyphotesisTester
Init ModelTester
Entering ModelTester
Starting Model Testing...
Testing test1...
check_consistency
Testing test2...
check_consistency
Testing test3...
check_consistency
Testing test4...
check_consistency
Testing test5...
check_consistency
Testing test6...
check_consistency
Testing test7...
check_consistency
Testing test8...
check_consistency
Testing test9...
check_consistency
Testing test10...
check_consistency
Testing test11...
check_consistency
Testing test12...
check_consistency
Testing test13...
check_consistency
Testing test14...
check_consistency
Testing test15...
check_consistency

               The current test15 result is inconsistent with the previous test15 result.
               Previous Result: ('test15', ~PassedTest)
               Current Result: ('UndefinedTest', ~FailedTest)
               
break for test inconsistency
Model Test Finished...
Previous Explanatory Power: 0.0526
Current Explanatory Power: 0.0
Exiting ModelTester

                        New Observations:
                        [('UndefinedTest', ~FailedTest), ('UndefinedTest', ~FailedTest), ('UndefinedTest', ~FailedTest), ('UndefinedTest', ~FailedTest), ('UndefinedTest', ~FailedTest), ('UndefinedTest', ~FailedTest), ('UndefinedTest', ~FailedTest), ('UndefinedTest', ~FailedTest), ('UndefinedTest', ~FailedTest), ('UndefinedTest', ~FailedTest), ('UndefinedTest', ~FailedTest), ('UndefinedTest', ~FailedTest), ('UndefinedTest', ~FailedTest), ('UndefinedTest', ~FailedTest), ('UndefinedTest', ~FailedTest), ('UndefinedTest', ~FailedTest), ('UndefinedTest', ~FailedTest), ('UndefinedTest', ~FailedTest), ('UndefinedTest', ~FailedTest)]
                        Behavior Type:
                        Behavior.Worsened
                        

                        Testing Hypothesis 14.
                        Hypothesis: ('return bitonicSort', 22, 0)
                        
Init HyphotesisTester
Init ModelTester
Entering ModelTester
Starting Model Testing...
Testing test1...

                   test_result == expected_output
                   <function bitonicSort at 0x11c669dc0> == [1, 5, 2, 6, 3, 7, 4, 8]?
                   
check_consistency
Testing test2...

                   test_result == expected_output
                   <function bitonicSort at 0x11c669dc0> == [3, 7, 4, 8, 1, 5, 2, 6]?
                   
check_consistency
Testing test3...

                   test_result == expected_output
                   <function bitonicSort at 0x11c669dc0> == [17, 31, 44, 78, 52, 71, 55, 86]?
                   
check_consistency
Testing test4...

                   test_result == expected_output
                   <function bitonicSort at 0x11c669dc0> == [17, 31, 44, 78, 52, 71, 55, 86]?
                   
check_consistency
Testing test5...

                   test_result == expected_output
                   <function bitonicSort at 0x11c669dc0> == [15, 78, 17, 108]?
                   
check_consistency
Testing test6...

                   test_result == expected_output
                   <function bitonicSort at 0x11c669dc0> == [17, 108, 15, 78]?
                   
check_consistency
Testing test7...

                   test_result == expected_output
                   <function bitonicSort at 0x11c669dc0> == [3, 7, 6, 55, 15, 78, 17, 108, 0, 21, 35, 108, 74, 800, 90, 1457]?
                   
check_consistency
Testing test8...

                   test_result == expected_output
                   <function bitonicSort at 0x11c669dc0> == [0, 7, 6, 55, 15, 78, 17, 108, 3, 21, 35, 108, 74, 800, 90, 1457]?
                   
check_consistency
Testing test9...

                   test_result == expected_output
                   <function bitonicSort at 0x11c669dc0> == [0, 21, 33, 44, 54, 77, 55, 78, 11, 22, 35, 88, 74, 89, 90, 1457]?
                   
check_consistency
Testing test10...

                   test_result == expected_output
                   <function bitonicSort at 0x11c669dc0> == [11, 22, 33, 44, 54, 77, 55, 78, 0, 21, 35, 88, 74, 89, 90, 1457]?
                   
check_consistency
Testing test11...

                   test_result == expected_output
                   <function bitonicSort at 0x11c669dc0> == [0, 21, 33, 78, 54, 77, 55, 1455, 22, 44, 35, 88, 74, 89, 90, 1457]?
                   
check_consistency
Testing test12...

                   test_result == expected_output
                   <function bitonicSort at 0x11c669dc0> == [22, 44, 33, 78, 54, 77, 55, 1457, 0, 21, 35, 88, 74, 89, 90, 1455]?
                   
check_consistency
Testing test13...

                   test_result == expected_output
                   <function bitonicSort at 0x11c669dc0> == [0, 55, 54, 77, 33, 575, 78, 7589, 22, 89, 74, 1455, 35, 7587, 1457, 87588]?
                   
check_consistency
Testing test14...

                   test_result == expected_output
                   <function bitonicSort at 0x11c669dc0> == [22, 55, 54, 77, 33, 575, 1457, 7589, 0, 89, 74, 1455, 35, 7587, 78, 87588]?
                   
check_consistency
Testing test15...

                   test_result == expected_output
                   <function bitonicSort at 0x11c669dc0> == [1, 2, 3, 4, 5, 6, 7, 8, 9, 10, 11, 12, 13, 14, 15, 16]?
                   
check_consistency

               The current test15 result is inconsistent with the previous test15 result.
               Previous Result: ('test15', ~PassedTest)
               Current Result: ('test15', ~FailedTest)
               
break for test inconsistency
Model Test Finished...
Previous Explanatory Power: 0.0526
Current Explanatory Power: 0.0
Exiting ModelTester

                        New Observations:
                        [('test1', ~FailedTest), ('test2', ~FailedTest), ('test3', ~FailedTest), ('test4', ~FailedTest), ('test5', ~FailedTest), ('test6', ~FailedTest), ('test7', ~FailedTest), ('test8', ~FailedTest), ('test9', ~FailedTest), ('test10', ~FailedTest), ('test11', ~FailedTest), ('test12', ~FailedTest), ('test13', ~FailedTest), ('test14', ~FailedTest), ('test15', ~FailedTest), ('UndefinedTest', ~FailedTest), ('UndefinedTest', ~FailedTest), ('UndefinedTest', ~FailedTest), ('UndefinedTest', ~FailedTest)]
                        Behavior Type:
                        Behavior.Worsened
                        

                        Testing Hypothesis 15.
                        Hypothesis: ('return k', 22, 0)
                        
Init HyphotesisTester
Init ModelTester
Entering ModelTester
Starting Model Testing...
Testing test1...
check_consistency
Testing test2...
check_consistency
Testing test3...
check_consistency
Testing test4...
check_consistency
Testing test5...
check_consistency
Testing test6...
check_consistency
Testing test7...
check_consistency
Testing test8...
check_consistency
Testing test9...
check_consistency
Testing test10...
check_consistency
Testing test11...
check_consistency
Testing test12...
check_consistency
Testing test13...
check_consistency
Testing test14...
check_consistency
Testing test15...
check_consistency

               The current test15 result is inconsistent with the previous test15 result.
               Previous Result: ('test15', ~PassedTest)
               Current Result: ('UndefinedTest', ~FailedTest)
               
break for test inconsistency
Model Test Finished...
Previous Explanatory Power: 0.0526
Current Explanatory Power: 0.0
Exiting ModelTester

                        New Observations:
                        [('UndefinedTest', ~FailedTest), ('UndefinedTest', ~FailedTest), ('UndefinedTest', ~FailedTest), ('UndefinedTest', ~FailedTest), ('UndefinedTest', ~FailedTest), ('UndefinedTest', ~FailedTest), ('UndefinedTest', ~FailedTest), ('UndefinedTest', ~FailedTest), ('UndefinedTest', ~FailedTest), ('UndefinedTest', ~FailedTest), ('UndefinedTest', ~FailedTest), ('UndefinedTest', ~FailedTest), ('UndefinedTest', ~FailedTest), ('UndefinedTest', ~FailedTest), ('UndefinedTest', ~FailedTest), ('UndefinedTest', ~FailedTest), ('UndefinedTest', ~FailedTest), ('UndefinedTest', ~FailedTest), ('UndefinedTest', ~FailedTest)]
                        Behavior Type:
                        Behavior.Worsened
                        

                        Testing Hypothesis 16.
                        Hypothesis: ('return N', 22, 0)
                        
Init HyphotesisTester
Init ModelTester
Entering ModelTester
Starting Model Testing...
Testing test1...

                   test_result == expected_output
                   8 == [1, 5, 2, 6, 3, 7, 4, 8]?
                   
check_consistency
Testing test2...

                   test_result == expected_output
                   8 == [3, 7, 4, 8, 1, 5, 2, 6]?
                   
check_consistency
Testing test3...

                   test_result == expected_output
                   8 == [17, 31, 44, 78, 52, 71, 55, 86]?
                   
check_consistency
Testing test4...

                   test_result == expected_output
                   8 == [17, 31, 44, 78, 52, 71, 55, 86]?
                   
check_consistency
Testing test5...

                   test_result == expected_output
                   4 == [15, 78, 17, 108]?
                   
check_consistency
Testing test6...

                   test_result == expected_output
                   4 == [17, 108, 15, 78]?
                   
check_consistency
Testing test7...

                   test_result == expected_output
                   16 == [3, 7, 6, 55, 15, 78, 17, 108, 0, 21, 35, 108, 74, 800, 90, 1457]?
                   
check_consistency
Testing test8...

New Observations:
[('test1', ~FailedTest), ('test2', ~FailedTest), ('test3', ~FailedTest), ('test4', ~FailedTest), ('test5', ~FailedTest), ('test6', ~FailedTest), ('test7', ~FailedTest), ('test8', ~FailedTest), ('test9', ~FailedTest), ('test10', ~FailedTest), ('test11', ~FailedTest), ('test12', ~FailedTest), ('test13', ~FailedTest), ('test14', ~FailedTest), ('test15', ~PassedTest), ('test16', ~FailedTest), ('test17', ~FailedTest), ('test18', ~FailedTest), ('test19', ~FailedTest)]
Behavior Type:
Behavior.Same


Testing Hypothesis 13.
Hypothesis: ('return a.detach()', 22, 0)

Init HyphotesisTester
Init ModelTester
Entering ModelTester
Starting Model Testing...
Testing test1...
check_consistency
Testing test2...
check_consistency
Testing test3...
check_consistency
Testing test4...
check_consistency
Testing test5...
check_consistency
Testing test6...
check_consistency
Testing test7...
check_consistency
Testing test8...
check_consistency
Testing test9...
check_consistency
Testing test10...
check_consistency
Testing test11...
check_consistency
Testing test12...
check_consistency
Testing test13...
check_consistency
Testing test14...
check_consistency
Testing test15...
check_consistency

The current test15 result is inconsistent with the previous test15 result.
Previous Result: ('test15', ~PassedTest)
Current Result: ('UndefinedTest', ~FailedTest)

break for test inconsistency
Model Test Finished...
Previous Explanatory Power: 0.0526
Current Explanatory Power: 0.0
Exiting ModelTester

New Observations:
[('UndefinedTest', ~FailedTest), ('UndefinedTest', ~FailedTest), ('UndefinedTest', ~FailedTest), ('UndefinedTest', ~FailedTest), ('UndefinedTest', ~FailedTest), ('UndefinedTest', ~FailedTest), ('UndefinedTest', ~FailedTest), ('UndefinedTest', ~FailedTest), ('UndefinedTest', ~FailedTest), ('UndefinedTest', ~FailedTest), ('UndefinedTest', ~FailedTest), ('UndefinedTest', ~FailedTest), ('UndefinedTest', ~FailedTest), ('UndefinedTest', ~FailedTest), ('UndefinedTest', ~FailedTest), ('UndefinedTest', ~FailedTest), ('UndefinedTest', ~FailedTest), ('UndefinedTest', ~FailedTest), ('UndefinedTest', ~FailedTest)]
Behavior Type:
Behavior.Worsened


Testing Hypothesis 14.
Hypothesis: ('return bitonicSort', 22, 0)

Init HyphotesisTester
Init ModelTester
Entering ModelTester
Starting Model Testing...
Testing test1...

test_result == expected_output
<function bitonicSort at 0x11c669dc0> == [1, 5, 2, 6, 3, 7, 4, 8]?

check_consistency
Testing test2...

test_result == expected_output
<function bitonicSort at 0x11c669dc0> == [3, 7, 4, 8, 1, 5, 2, 6]?

check_consistency
Testing test3...

test_result == expected_output
<function bitonicSort at 0x11c669dc0> == [17, 31, 44, 78, 52, 71, 55, 86]?

check_consistency
Testing test4...

test_result == expected_output
<function bitonicSort at 0x11c669dc0> == [17, 31, 44, 78, 52, 71, 55, 86]?

check_consistency
Testing test5...

test_result == expected_output
<function bitonicSort at 0x11c669dc0> == [15, 78, 17, 108]?

check_consistency
Testing test6...

test_result == expected_output
<function bitonicSort at 0x11c669dc0> == [17, 108, 15, 78]?

check_consistency
Testing test7...

test_result == expected_output
<function bitonicSort at 0x11c669dc0> == [3, 7, 6, 55, 15, 78, 17, 108, 0, 21, 35, 108, 74, 800, 90, 1457]?

check_consistency
Testing test8...

test_result == expected_output
<function bitonicSort at 0x11c669dc0> == [0, 7, 6, 55, 15, 78, 17, 108, 3, 21, 35, 108, 74, 800, 90, 1457]?

check_consistency
Testing test9...

test_result == expected_output
<function bitonicSort at 0x11c669dc0> == [0, 21, 33, 44, 54, 77, 55, 78, 11, 22, 35, 88, 74, 89, 90, 1457]?

check_consistency
Testing test10...

test_result == expected_output
<function bitonicSort at 0x11c669dc0> == [11, 22, 33, 44, 54, 77, 55, 78, 0, 21, 35, 88, 74, 89, 90, 1457]?

check_consistency
Testing test11...

test_result == expected_output
<function bitonicSort at 0x11c669dc0> == [0, 21, 33, 78, 54, 77, 55, 1455, 22, 44, 35, 88, 74, 89, 90, 1457]?

check_consistency
Testing test12...

test_result == expected_output
<function bitonicSort at 0x11c669dc0> == [22, 44, 33, 78, 54, 77, 55, 1457, 0, 21, 35, 88, 74, 89, 90, 1455]?

check_consistency
Testing test13...

test_result == expected_output
<function bitonicSort at 0x11c669dc0> == [0, 55, 54, 77, 33, 575, 78, 7589, 22, 89, 74, 1455, 35, 7587, 1457, 87588]?

check_consistency
Testing test14...

test_result == expected_output
<function bitonicSort at 0x11c669dc0> == [22, 55, 54, 77, 33, 575, 1457, 7589, 0, 89, 74, 1455, 35, 7587, 78, 87588]?

check_consistency
Testing test15...

test_result == expected_output
<function bitonicSort at 0x11c669dc0> == [1, 2, 3, 4, 5, 6, 7, 8, 9, 10, 11, 12, 13, 14, 15, 16]?

check_consistency

The current test15 result is inconsistent with the previous test15 result.
Previous Result: ('test15', ~PassedTest)
Current Result: ('test15', ~FailedTest)

break for test inconsistency
Model Test Finished...
Previous Explanatory Power: 0.0526
Current Explanatory Power: 0.0
Exiting ModelTester

New Observations:
[('test1', ~FailedTest), ('test2', ~FailedTest), ('test3', ~FailedTest), ('test4', ~FailedTest), ('test5', ~FailedTest), ('test6', ~FailedTest), ('test7', ~FailedTest), ('test8', ~FailedTest), ('test9', ~FailedTest), ('test10', ~FailedTest), ('test11', ~FailedTest), ('test12', ~FailedTest), ('test13', ~FailedTest), ('test14', ~FailedTest), ('test15', ~FailedTest), ('UndefinedTest', ~FailedTest), ('UndefinedTest', ~FailedTest), ('UndefinedTest', ~FailedTest), ('UndefinedTest', ~FailedTest)]
Behavior Type:
Behavior.Worsened


Testing Hypothesis 15.
Hypothesis: ('return k', 22, 0)

Init HyphotesisTester
Init ModelTester
Entering ModelTester
Starting Model Testing...
Testing test1...
check_consistency
Testing test2...
check_consistency
Testing test3...
check_consistency
Testing test4...
check_consistency
Testing test5...
check_consistency
Testing test6...
check_consistency
Testing test7...
check_consistency
Testing test8...
check_consistency
Testing test9...
check_consistency
Testing test10...
check_consistency
Testing test11...
check_consistency
Testing test12...
check_consistency
Testing test13...
check_consistency
Testing test14...
check_consistency
Testing test15...
check_consistency

The current test15 result is inconsistent with the previous test15 result.
Previous Result: ('test15', ~PassedTest)
Current Result: ('UndefinedTest', ~FailedTest)

break for test inconsistency
Model Test Finished...
Previous Explanatory Power: 0.0526
Current Explanatory Power: 0.0
Exiting ModelTester

New Observations:
[('UndefinedTest', ~FailedTest), ('UndefinedTest', ~FailedTest), ('UndefinedTest', ~FailedTest), ('UndefinedTest', ~FailedTest), ('UndefinedTest', ~FailedTest), ('UndefinedTest', ~FailedTest), ('UndefinedTest', ~FailedTest), ('UndefinedTest', ~FailedTest), ('UndefinedTest', ~FailedTest), ('UndefinedTest', ~FailedTest), ('UndefinedTest', ~FailedTest), ('UndefinedTest', ~FailedTest), ('UndefinedTest', ~FailedTest), ('UndefinedTest', ~FailedTest), ('UndefinedTest', ~FailedTest), ('UndefinedTest', ~FailedTest), ('UndefinedTest', ~FailedTest), ('UndefinedTest', ~FailedTest), ('UndefinedTest', ~FailedTest)]
Behavior Type:
Behavior.Worsened


Testing Hypothesis 16.
Hypothesis: ('return N', 22, 0)

Init HyphotesisTester
Init ModelTester
Entering ModelTester
Starting Model Testing...
Testing test1...

test_result == expected_output
8 == [1, 5, 2, 6, 3, 7, 4, 8]?

check_consistency
Testing test2...

test_result == expected_output
8 == [3, 7, 4, 8, 1, 5, 2, 6]?

check_consistency
Testing test3...

test_result == expected_output
8 == [17, 31, 44, 78, 52, 71, 55, 86]?

check_consistency
Testing test4...

test_result == expected_output
8 == [17, 31, 44, 78, 52, 71, 55, 86]?

check_consistency
Testing test5...

test_result == expected_output
4 == [15, 78, 17, 108]?

check_consistency
Testing test6...

test_result == expected_output
4 == [17, 108, 15, 78]?

check_consistency
Testing test7...

test_result == expected_output
16 == [3, 7, 6, 55, 15, 78, 17, 108, 0, 21, 35, 108, 74, 800, 90, 1457]?

check_consistency
Testing test8...

                   test_result == expected_output
                   16 == [0, 7, 6, 55, 15, 78, 17, 108, 3, 21, 35, 108, 74, 800, 90, 1457]?
                   
check_consistency
Testing test9...

                   test_result == expected_output
                   16 == [0, 21, 33, 44, 54, 77, 55, 78, 11, 22, 35, 88, 74, 89, 90, 1457]?
                   
check_consistency
Testing test10...

                   test_result == expected_output
                   16 == [11, 22, 33, 44, 54, 77, 55, 78, 0, 21, 35, 88, 74, 89, 90, 1457]?
                   
check_consistency
Testing test11...

                   test_result == expected_output
                   16 == [0, 21, 33, 78, 54, 77, 55, 1455, 22, 44, 35, 88, 74, 89, 90, 1457]?
                   
check_consistency
Testing test12...

                   test_result == expected_output
                   16 == [22, 44, 33, 78, 54, 77, 55, 1457, 0, 21, 35, 88, 74, 89, 90, 1455]?
                   
check_consistency
Testing test13...

                   test_result == expected_output
                   16 == [0, 55, 54, 77, 33, 575, 78, 7589, 22, 89, 74, 1455, 35, 7587, 1457, 87588]?
                   
check_consistency
Testing test14...

                   test_result == expected_output
                   16 == [22, 55, 54, 77, 33, 575, 1457, 7589, 0, 89, 74, 1455, 35, 7587, 78, 87588]?
                   
check_consistency
Testing test15...

                   test_result == expected_output
                   16 == [1, 2, 3, 4, 5, 6, 7, 8, 9, 10, 11, 12, 13, 14, 15, 16]?
                   
check_consistency

               The current test15 result is inconsistent with the previous test15 result.
               Previous Result: ('test15', ~PassedTest)
               Current Result: ('test15', ~FailedTest)
               
break for test inconsistency
Model Test Finished...
Previous Explanatory Power: 0.0526
Current Explanatory Power: 0.0
Exiting ModelTester

                        New Observations:
                        [('test1', ~FailedTest), ('test2', ~FailedTest), ('test3', ~FailedTest), ('test4', ~FailedTest), ('test5', ~FailedTest), ('test6', ~FailedTest), ('test7', ~FailedTest), ('test8', ~FailedTest), ('test9', ~FailedTest), ('test10', ~FailedTest), ('test11', ~FailedTest), ('test12', ~FailedTest), ('test13', ~FailedTest), ('test14', ~FailedTest), ('test15', ~FailedTest), ('UndefinedTest', ~FailedTest), ('UndefinedTest', ~FailedTest), ('UndefinedTest', ~FailedTest), ('UndefinedTest', ~FailedTest)]
                        Behavior Type:
                        Behavior.Worsened
                        

                        Testing Hypothesis 17.
                        Hypothesis: ('return dire', 22, 0)
                        
Init HyphotesisTester
Init ModelTester
Entering ModelTester
Starting Model Testing...
Testing test1...
check_consistency
Testing test2...
check_consistency
Testing test3...
check_consistency
Testing test4...
check_consistency
Testing test5...
check_consistency
Testing test6...
check_consistency
Testing test7...
check_consistency
Testing test8...
check_consistency
Testing test9...
check_consistency
Testing test10...
check_consistency
Testing test11...
check_consistency
Testing test12...
check_consistency
Testing test13...
check_consistency
Testing test14...
check_consistency
Testing test15...
check_consistency

               The current test15 result is inconsistent with the previous test15 result.
               Previous Result: ('test15', ~PassedTest)
               Current Result: ('UndefinedTest', ~FailedTest)
               
break for test inconsistency
Model Test Finished...
Previous Explanatory Power: 0.0526
Current Explanatory Power: 0.0
Exiting ModelTester

                        New Observations:
                        [('UndefinedTest', ~FailedTest), ('UndefinedTest', ~FailedTest), ('UndefinedTest', ~FailedTest), ('UndefinedTest', ~FailedTest), ('UndefinedTest', ~FailedTest), ('UndefinedTest', ~FailedTest), ('UndefinedTest', ~FailedTest), ('UndefinedTest', ~FailedTest), ('UndefinedTest', ~FailedTest), ('UndefinedTest', ~FailedTest), ('UndefinedTest', ~FailedTest), ('UndefinedTest', ~FailedTest), ('UndefinedTest', ~FailedTest), ('UndefinedTest', ~FailedTest), ('UndefinedTest', ~FailedTest), ('UndefinedTest', ~FailedTest), ('UndefinedTest', ~FailedTest), ('UndefinedTest', ~FailedTest), ('UndefinedTest', ~FailedTest)]
                        Behavior Type:
                        Behavior.Worsened
                        

                        Testing Hypothesis 18.
                        Hypothesis: ('return j', 22, 0)
                        
Init HyphotesisTester
Init ModelTester
Entering ModelTester
Starting Model Testing...
Testing test1...
check_consistency
Testing test2...
check_consistency
Testing test3...
check_consistency
Testing test4...
check_consistency
Testing test5...
check_consistency
Testing test6...
check_consistency
Testing test7...
check_consistency
Testing test8...
check_consistency
Testing test9...
check_consistency
Testing test10...
check_consistency
Testing test11...
check_consistency
Testing test12...
check_consistency
Testing test13...
check_consistency
Testing test14...
check_consistency
Testing test15...
check_consistency

               The current test15 result is inconsistent with the previous test15 result.
               Previous Result: ('test15', ~PassedTest)
               Current Result: ('UndefinedTest', ~FailedTest)
               
break for test inconsistency
Model Test Finished...
Previous Explanatory Power: 0.0526
Current Explanatory Power: 0.0
Exiting ModelTester

                        New Observations:
                        [('UndefinedTest', ~FailedTest), ('UndefinedTest', ~FailedTest), ('UndefinedTest', ~FailedTest), ('UndefinedTest', ~FailedTest), ('UndefinedTest', ~FailedTest), ('UndefinedTest', ~FailedTest), ('UndefinedTest', ~FailedTest), ('UndefinedTest', ~FailedTest), ('UndefinedTest', ~FailedTest), ('UndefinedTest', ~FailedTest), ('UndefinedTest', ~FailedTest), ('UndefinedTest', ~FailedTest), ('UndefinedTest', ~FailedTest), ('UndefinedTest', ~FailedTest), ('UndefinedTest', ~FailedTest), ('UndefinedTest', ~FailedTest), ('UndefinedTest', ~FailedTest), ('UndefinedTest', ~FailedTest), ('UndefinedTest', ~FailedTest)]
                        Behavior Type:
                        Behavior.Worsened
                        

                        Testing Hypothesis 19.
                        Hypothesis: ('return result', 22, 0)
                        
Init HyphotesisTester
Init ModelTester
Entering ModelTester
Starting Model Testing...
Testing test1...
check_consistency
Testing test2...
check_consistency
Testing test3...
check_consistency
Testing test4...
check_consistency
Testing test5...
check_consistency
Testing test6...
check_consistency
Testing test7...
check_consistency
Testing test8...
check_consistency
Testing test9...
check_consistency
Testing test10...
check_consistency
Testing test11...
check_consistency
Testing test12...
check_consistency
Testing test13...
check_consistency
Testing test14...
check_consistency
Testing test15...
check_consistency

               The current test15 result is inconsistent with the previous test15 result.
               Previous Result: ('test15', ~PassedTest)
               Current Result: ('UndefinedTest', ~FailedTest)
               
break for test inconsistency
Model Test Finished...
Previous Explanatory Power: 0.0526
Current Explanatory Power: 0.0
Exiting ModelTester

                        New Observations:
                        [('UndefinedTest', ~FailedTest), ('UndefinedTest', ~FailedTest), ('UndefinedTest', ~FailedTest), ('UndefinedTest', ~FailedTest), ('UndefinedTest', ~FailedTest), ('UndefinedTest', ~FailedTest), ('UndefinedTest', ~FailedTest), ('UndefinedTest', ~FailedTest), ('UndefinedTest', ~FailedTest), ('UndefinedTest', ~FailedTest), ('UndefinedTest', ~FailedTest), ('UndefinedTest', ~FailedTest), ('UndefinedTest', ~FailedTest), ('UndefinedTest', ~FailedTest), ('UndefinedTest', ~FailedTest), ('UndefinedTest', ~FailedTest), ('UndefinedTest', ~FailedTest), ('UndefinedTest', ~FailedTest), ('UndefinedTest', ~FailedTest)]
                        Behavior Type:
                        Behavior.Worsened
                        

                        Testing Hypothesis 20.
                        Hypothesis: ('return i', 22, 0)
                        
Init HyphotesisTester
Init ModelTester
Entering ModelTester
Starting Model Testing...
Testing test1...
check_consistency
Testing test2...
check_consistency
Testing test3...
check_consistency
Testing test4...
check_consistency
Testing test5...
check_consistency
Testing test6...
check_consistency
Testing test7...
check_consistency
Testing test8...
check_consistency
Testing test9...
check_consistency
Testing test10...
check_consistency
Testing test11...
check_consistency
Testing test12...
check_consistency
Testing test13...
check_consistency
Testing test14...
check_consistency
Testing test15...
check_consistency

               The current test15 result is inconsistent with the previous test15 result.
               Previous Result: ('test15', ~PassedTest)
               Current Result: ('UndefinedTest', ~FailedTest)
               
break for test inconsistency
Model Test Finished...
Previous Explanatory Power: 0.0526
Current Explanatory Power: 0.0
Exiting ModelTester

test_result == expected_output
16 == [0, 7, 6, 55, 15, 78, 17, 108, 3, 21, 35, 108, 74, 800, 90, 1457]?

check_consistency
Testing test9...

test_result == expected_output
16 == [0, 21, 33, 44, 54, 77, 55, 78, 11, 22, 35, 88, 74, 89, 90, 1457]?

check_consistency
Testing test10...

test_result == expected_output
16 == [11, 22, 33, 44, 54, 77, 55, 78, 0, 21, 35, 88, 74, 89, 90, 1457]?

check_consistency
Testing test11...

test_result == expected_output
16 == [0, 21, 33, 78, 54, 77, 55, 1455, 22, 44, 35, 88, 74, 89, 90, 1457]?

check_consistency
Testing test12...

test_result == expected_output
16 == [22, 44, 33, 78, 54, 77, 55, 1457, 0, 21, 35, 88, 74, 89, 90, 1455]?

check_consistency
Testing test13...

test_result == expected_output
16 == [0, 55, 54, 77, 33, 575, 78, 7589, 22, 89, 74, 1455, 35, 7587, 1457, 87588]?

check_consistency
Testing test14...

test_result == expected_output
16 == [22, 55, 54, 77, 33, 575, 1457, 7589, 0, 89, 74, 1455, 35, 7587, 78, 87588]?

check_consistency
Testing test15...

test_result == expected_output
16 == [1, 2, 3, 4, 5, 6, 7, 8, 9, 10, 11, 12, 13, 14, 15, 16]?

check_consistency

The current test15 result is inconsistent with the previous test15 result.
Previous Result: ('test15', ~PassedTest)
Current Result: ('test15', ~FailedTest)

break for test inconsistency
Model Test Finished...
Previous Explanatory Power: 0.0526
Current Explanatory Power: 0.0
Exiting ModelTester

New Observations:
[('test1', ~FailedTest), ('test2', ~FailedTest), ('test3', ~FailedTest), ('test4', ~FailedTest), ('test5', ~FailedTest), ('test6', ~FailedTest), ('test7', ~FailedTest), ('test8', ~FailedTest), ('test9', ~FailedTest), ('test10', ~FailedTest), ('test11', ~FailedTest), ('test12', ~FailedTest), ('test13', ~FailedTest), ('test14', ~FailedTest), ('test15', ~FailedTest), ('UndefinedTest', ~FailedTest), ('UndefinedTest', ~FailedTest), ('UndefinedTest', ~FailedTest), ('UndefinedTest', ~FailedTest)]
Behavior Type:
Behavior.Worsened


Testing Hypothesis 17.
Hypothesis: ('return dire', 22, 0)

Init HyphotesisTester
Init ModelTester
Entering ModelTester
Starting Model Testing...
Testing test1...
check_consistency
Testing test2...
check_consistency
Testing test3...
check_consistency
Testing test4...
check_consistency
Testing test5...
check_consistency
Testing test6...
check_consistency
Testing test7...
check_consistency
Testing test8...
check_consistency
Testing test9...
check_consistency
Testing test10...
check_consistency
Testing test11...
check_consistency
Testing test12...
check_consistency
Testing test13...
check_consistency
Testing test14...
check_consistency
Testing test15...
check_consistency

The current test15 result is inconsistent with the previous test15 result.
Previous Result: ('test15', ~PassedTest)
Current Result: ('UndefinedTest', ~FailedTest)

break for test inconsistency
Model Test Finished...
Previous Explanatory Power: 0.0526
Current Explanatory Power: 0.0
Exiting ModelTester

New Observations:
[('UndefinedTest', ~FailedTest), ('UndefinedTest', ~FailedTest), ('UndefinedTest', ~FailedTest), ('UndefinedTest', ~FailedTest), ('UndefinedTest', ~FailedTest), ('UndefinedTest', ~FailedTest), ('UndefinedTest', ~FailedTest), ('UndefinedTest', ~FailedTest), ('UndefinedTest', ~FailedTest), ('UndefinedTest', ~FailedTest), ('UndefinedTest', ~FailedTest), ('UndefinedTest', ~FailedTest), ('UndefinedTest', ~FailedTest), ('UndefinedTest', ~FailedTest), ('UndefinedTest', ~FailedTest), ('UndefinedTest', ~FailedTest), ('UndefinedTest', ~FailedTest), ('UndefinedTest', ~FailedTest), ('UndefinedTest', ~FailedTest)]
Behavior Type:
Behavior.Worsened


Testing Hypothesis 18.
Hypothesis: ('return j', 22, 0)

Init HyphotesisTester
Init ModelTester
Entering ModelTester
Starting Model Testing...
Testing test1...
check_consistency
Testing test2...
check_consistency
Testing test3...
check_consistency
Testing test4...
check_consistency
Testing test5...
check_consistency
Testing test6...
check_consistency
Testing test7...
check_consistency
Testing test8...
check_consistency
Testing test9...
check_consistency
Testing test10...
check_consistency
Testing test11...
check_consistency
Testing test12...
check_consistency
Testing test13...
check_consistency
Testing test14...
check_consistency
Testing test15...
check_consistency

The current test15 result is inconsistent with the previous test15 result.
Previous Result: ('test15', ~PassedTest)
Current Result: ('UndefinedTest', ~FailedTest)

break for test inconsistency
Model Test Finished...
Previous Explanatory Power: 0.0526
Current Explanatory Power: 0.0
Exiting ModelTester

New Observations:
[('UndefinedTest', ~FailedTest), ('UndefinedTest', ~FailedTest), ('UndefinedTest', ~FailedTest), ('UndefinedTest', ~FailedTest), ('UndefinedTest', ~FailedTest), ('UndefinedTest', ~FailedTest), ('UndefinedTest', ~FailedTest), ('UndefinedTest', ~FailedTest), ('UndefinedTest', ~FailedTest), ('UndefinedTest', ~FailedTest), ('UndefinedTest', ~FailedTest), ('UndefinedTest', ~FailedTest), ('UndefinedTest', ~FailedTest), ('UndefinedTest', ~FailedTest), ('UndefinedTest', ~FailedTest), ('UndefinedTest', ~FailedTest), ('UndefinedTest', ~FailedTest), ('UndefinedTest', ~FailedTest), ('UndefinedTest', ~FailedTest)]
Behavior Type:
Behavior.Worsened


Testing Hypothesis 19.
Hypothesis: ('return result', 22, 0)

Init HyphotesisTester
Init ModelTester
Entering ModelTester
Starting Model Testing...
Testing test1...
check_consistency
Testing test2...
check_consistency
Testing test3...
check_consistency
Testing test4...
check_consistency
Testing test5...
check_consistency
Testing test6...
check_consistency
Testing test7...
check_consistency
Testing test8...
check_consistency
Testing test9...
check_consistency
Testing test10...
check_consistency
Testing test11...
check_consistency
Testing test12...
check_consistency
Testing test13...
check_consistency
Testing test14...
check_consistency
Testing test15...
check_consistency

The current test15 result is inconsistent with the previous test15 result.
Previous Result: ('test15', ~PassedTest)
Current Result: ('UndefinedTest', ~FailedTest)

break for test inconsistency
Model Test Finished...
Previous Explanatory Power: 0.0526
Current Explanatory Power: 0.0
Exiting ModelTester

New Observations:
[('UndefinedTest', ~FailedTest), ('UndefinedTest', ~FailedTest), ('UndefinedTest', ~FailedTest), ('UndefinedTest', ~FailedTest), ('UndefinedTest', ~FailedTest), ('UndefinedTest', ~FailedTest), ('UndefinedTest', ~FailedTest), ('UndefinedTest', ~FailedTest), ('UndefinedTest', ~FailedTest), ('UndefinedTest', ~FailedTest), ('UndefinedTest', ~FailedTest), ('UndefinedTest', ~FailedTest), ('UndefinedTest', ~FailedTest), ('UndefinedTest', ~FailedTest), ('UndefinedTest', ~FailedTest), ('UndefinedTest', ~FailedTest), ('UndefinedTest', ~FailedTest), ('UndefinedTest', ~FailedTest), ('UndefinedTest', ~FailedTest)]
Behavior Type:
Behavior.Worsened


Testing Hypothesis 20.
Hypothesis: ('return i', 22, 0)

Init HyphotesisTester
Init ModelTester
Entering ModelTester
Starting Model Testing...
Testing test1...
check_consistency
Testing test2...
check_consistency
Testing test3...
check_consistency
Testing test4...
check_consistency
Testing test5...
check_consistency
Testing test6...
check_consistency
Testing test7...
check_consistency
Testing test8...
check_consistency
Testing test9...
check_consistency
Testing test10...
check_consistency
Testing test11...
check_consistency
Testing test12...
check_consistency
Testing test13...
check_consistency
Testing test14...
check_consistency
Testing test15...
check_consistency

The current test15 result is inconsistent with the previous test15 result.
Previous Result: ('test15', ~PassedTest)
Current Result: ('UndefinedTest', ~FailedTest)

break for test inconsistency
Model Test Finished...
Previous Explanatory Power: 0.0526
Current Explanatory Power: 0.0
Exiting ModelTester

                        New Observations:
                        [('UndefinedTest', ~FailedTest), ('UndefinedTest', ~FailedTest), ('UndefinedTest', ~FailedTest), ('UndefinedTest', ~FailedTest), ('UndefinedTest', ~FailedTest), ('UndefinedTest', ~FailedTest), ('UndefinedTest', ~FailedTest), ('UndefinedTest', ~FailedTest), ('UndefinedTest', ~FailedTest), ('UndefinedTest', ~FailedTest), ('UndefinedTest', ~FailedTest), ('UndefinedTest', ~FailedTest), ('UndefinedTest', ~FailedTest), ('UndefinedTest', ~FailedTest), ('UndefinedTest', ~FailedTest), ('UndefinedTest', ~FailedTest), ('UndefinedTest', ~FailedTest), ('UndefinedTest', ~FailedTest), ('UndefinedTest', ~FailedTest)]
                        Behavior Type:
                        Behavior.Worsened
                        

                        Testing Hypothesis 21.
                        Hypothesis: ('return bitonicMerge', 22, 0)
                        
Init HyphotesisTester
Init ModelTester
Entering ModelTester
Starting Model Testing...
Testing test1...

                   test_result == expected_output
                   <function bitonicMerge at 0x11c6629d0> == [1, 5, 2, 6, 3, 7, 4, 8]?
                   
check_consistency
Testing test2...

                   test_result == expected_output
                   <function bitonicMerge at 0x11c6629d0> == [3, 7, 4, 8, 1, 5, 2, 6]?
                   
check_consistency
Testing test3...

                   test_result == expected_output
                   <function bitonicMerge at 0x11c6629d0> == [17, 31, 44, 78, 52, 71, 55, 86]?
                   
check_consistency
Testing test4...

                   test_result == expected_output
                   <function bitonicMerge at 0x11c6629d0> == [17, 31, 44, 78, 52, 71, 55, 86]?
                   
check_consistency
Testing test5...

                   test_result == expected_output
                   <function bitonicMerge at 0x11c6629d0> == [15, 78, 17, 108]?
                   
check_consistency
Testing test6...

                   test_result == expected_output
                   <function bitonicMerge at 0x11c6629d0> == [17, 108, 15, 78]?
                   
check_consistency
Testing test7...

                   test_result == expected_output
                   <function bitonicMerge at 0x11c6629d0> == [3, 7, 6, 55, 15, 78, 17, 108, 0, 21, 35, 108, 74, 800, 90, 1457]?
                   
check_consistency
Testing test8...

                   test_result == expected_output
                   <function bitonicMerge at 0x11c6629d0> == [0, 7, 6, 55, 15, 78, 17, 108, 3, 21, 35, 108, 74, 800, 90, 1457]?
                   
check_consistency
Testing test9...

                   test_result == expected_output
                   <function bitonicMerge at 0x11c6629d0> == [0, 21, 33, 44, 54, 77, 55, 78, 11, 22, 35, 88, 74, 89, 90, 1457]?
                   
check_consistency
Testing test10...

                   test_result == expected_output
                   <function bitonicMerge at 0x11c6629d0> == [11, 22, 33, 44, 54, 77, 55, 78, 0, 21, 35, 88, 74, 89, 90, 1457]?
                   
check_consistency
Testing test11...

                   test_result == expected_output
                   <function bitonicMerge at 0x11c6629d0> == [0, 21, 33, 78, 54, 77, 55, 1455, 22, 44, 35, 88, 74, 89, 90, 1457]?
                   
check_consistency
Testing test12...

                   test_result == expected_output
                   <function bitonicMerge at 0x11c6629d0> == [22, 44, 33, 78, 54, 77, 55, 1457, 0, 21, 35, 88, 74, 89, 90, 1455]?
                   
check_consistency
Testing test13...

                   test_result == expected_output
                   <function bitonicMerge at 0x11c6629d0> == [0, 55, 54, 77, 33, 575, 78, 7589, 22, 89, 74, 1455, 35, 7587, 1457, 87588]?
                   
check_consistency
Testing test14...

                   test_result == expected_output
                   <function bitonicMerge at 0x11c6629d0> == [22, 55, 54, 77, 33, 575, 1457, 7589, 0, 89, 74, 1455, 35, 7587, 78, 87588]?
                   
check_consistency
Testing test15...

                   test_result == expected_output
                   <function bitonicMerge at 0x11c6629d0> == [1, 2, 3, 4, 5, 6, 7, 8, 9, 10, 11, 12, 13, 14, 15, 16]?
                   
check_consistency

               The current test15 result is inconsistent with the previous test15 result.
               Previous Result: ('test15', ~PassedTest)
               Current Result: ('test15', ~FailedTest)
               
break for test inconsistency
Model Test Finished...
Previous Explanatory Power: 0.0526
Current Explanatory Power: 0.0
Exiting ModelTester

                        New Observations:
                        [('test1', ~FailedTest), ('test2', ~FailedTest), ('test3', ~FailedTest), ('test4', ~FailedTest), ('test5', ~FailedTest), ('test6', ~FailedTest), ('test7', ~FailedTest), ('test8', ~FailedTest), ('test9', ~FailedTest), ('test10', ~FailedTest), ('test11', ~FailedTest), ('test12', ~FailedTest), ('test13', ~FailedTest), ('test14', ~FailedTest), ('test15', ~FailedTest), ('UndefinedTest', ~FailedTest), ('UndefinedTest', ~FailedTest), ('UndefinedTest', ~FailedTest), ('UndefinedTest', ~FailedTest)]
                        Behavior Type:
                        Behavior.Worsened
                        

                        Testing Hypothesis 22.
                        Hypothesis: ('return output', 22, 0)
                        
Init HyphotesisTester
Init ModelTester
Entering ModelTester
Starting Model Testing...
Testing test1...
check_consistency
Testing test2...
check_consistency
Testing test3...
check_consistency
Testing test4...
check_consistency
Testing test5...
check_consistency
Testing test6...
check_consistency
Testing test7...
check_consistency
Testing test8...
check_consistency
Testing test9...
check_consistency
Testing test10...
check_consistency
Testing test11...
check_consistency
Testing test12...
check_consistency
Testing test13...
check_consistency
Testing test14...
check_consistency
Testing test15...
check_consistency

               The current test15 result is inconsistent with the previous test15 result.
               Previous Result: ('test15', ~PassedTest)
               Current Result: ('UndefinedTest', ~FailedTest)
               
break for test inconsistency
Model Test Finished...
Previous Explanatory Power: 0.0526
Current Explanatory Power: 0.0
Exiting ModelTester

                        New Observations:
                        [('UndefinedTest', ~FailedTest), ('UndefinedTest', ~FailedTest), ('UndefinedTest', ~FailedTest), ('UndefinedTest', ~FailedTest), ('UndefinedTest', ~FailedTest), ('UndefinedTest', ~FailedTest), ('UndefinedTest', ~FailedTest), ('UndefinedTest', ~FailedTest), ('UndefinedTest', ~FailedTest), ('UndefinedTest', ~FailedTest), ('UndefinedTest', ~FailedTest), ('UndefinedTest', ~FailedTest), ('UndefinedTest', ~FailedTest), ('UndefinedTest', ~FailedTest), ('UndefinedTest', ~FailedTest), ('UndefinedTest', ~FailedTest), ('UndefinedTest', ~FailedTest), ('UndefinedTest', ~FailedTest), ('UndefinedTest', ~FailedTest)]
                        Behavior Type:
                        Behavior.Worsened
                        

                        Testing Hypothesis 23.
                        Hypothesis: ('return low', 22, 0)
                        
Init HyphotesisTester
Init ModelTester
Entering ModelTester
Starting Model Testing...
Testing test1...
check_consistency
Testing test2...
check_consistency
Testing test3...
check_consistency
Testing test4...
check_consistency
Testing test5...
check_consistency
Testing test6...
check_consistency
Testing test7...
check_consistency
Testing test8...
check_consistency
Testing test9...
check_consistency
Testing test10...
check_consistency
Testing test11...
check_consistency
Testing test12...
check_consistency
Testing test13...
check_consistency
Testing test14...
check_consistency
Testing test15...
check_consistency

               The current test15 result is inconsistent with the previous test15 result.
               Previous Result: ('test15', ~PassedTest)
               Current Result: ('UndefinedTest', ~FailedTest)
               
break for test inconsistency
Model Test Finished...
Previous Explanatory Power: 0.0526
Current Explanatory Power: 0.0
Exiting ModelTester

                        New Observations:
                        [('UndefinedTest', ~FailedTest), ('UndefinedTest', ~FailedTest), ('UndefinedTest', ~FailedTest), ('UndefinedTest', ~FailedTest), ('UndefinedTest', ~FailedTest), ('UndefinedTest', ~FailedTest), ('UndefinedTest', ~FailedTest), ('UndefinedTest', ~FailedTest), ('UndefinedTest', ~FailedTest), ('UndefinedTest', ~FailedTest), ('UndefinedTest', ~FailedTest), ('UndefinedTest', ~FailedTest), ('UndefinedTest', ~FailedTest), ('UndefinedTest', ~FailedTest), ('UndefinedTest', ~FailedTest), ('UndefinedTest', ~FailedTest), ('UndefinedTest', ~FailedTest), ('UndefinedTest', ~FailedTest), ('UndefinedTest', ~FailedTest)]
                        Behavior Type:
                        Behavior.Worsened
                        

                        Testing Hypothesis 24.
                        Hypothesis: ('return cnt', 22, 0)
                        
Init HyphotesisTester
Init ModelTester
Entering ModelTester
Starting Model Testing...
Testing test1...
check_consistency
Testing test2...
check_consistency
Testing test3...
check_consistency
Testing test4...
check_consistency
Testing test5...
check_consistency
Testing test6...
check_consistency
Testing test7...
check_consistency
Testing test8...
check_consistency
Testing test9...
check_consistency
Testing test10...
check_consistency
Testing test11...
check_consistency
Testing test12...
check_consistency
Testing test13...
check_consistency
Testing test14...
check_consistency
Testing test15...
check_consistency

New Observations:
[('UndefinedTest', ~FailedTest), ('UndefinedTest', ~FailedTest), ('UndefinedTest', ~FailedTest), ('UndefinedTest', ~FailedTest), ('UndefinedTest', ~FailedTest), ('UndefinedTest', ~FailedTest), ('UndefinedTest', ~FailedTest), ('UndefinedTest', ~FailedTest), ('UndefinedTest', ~FailedTest), ('UndefinedTest', ~FailedTest), ('UndefinedTest', ~FailedTest), ('UndefinedTest', ~FailedTest), ('UndefinedTest', ~FailedTest), ('UndefinedTest', ~FailedTest), ('UndefinedTest', ~FailedTest), ('UndefinedTest', ~FailedTest), ('UndefinedTest', ~FailedTest), ('UndefinedTest', ~FailedTest), ('UndefinedTest', ~FailedTest)]
Behavior Type:
Behavior.Worsened


Testing Hypothesis 21.
Hypothesis: ('return bitonicMerge', 22, 0)

Init HyphotesisTester
Init ModelTester
Entering ModelTester
Starting Model Testing...
Testing test1...

test_result == expected_output
<function bitonicMerge at 0x11c6629d0> == [1, 5, 2, 6, 3, 7, 4, 8]?

check_consistency
Testing test2...

test_result == expected_output
<function bitonicMerge at 0x11c6629d0> == [3, 7, 4, 8, 1, 5, 2, 6]?

check_consistency
Testing test3...

test_result == expected_output
<function bitonicMerge at 0x11c6629d0> == [17, 31, 44, 78, 52, 71, 55, 86]?

check_consistency
Testing test4...

test_result == expected_output
<function bitonicMerge at 0x11c6629d0> == [17, 31, 44, 78, 52, 71, 55, 86]?

check_consistency
Testing test5...

test_result == expected_output
<function bitonicMerge at 0x11c6629d0> == [15, 78, 17, 108]?

check_consistency
Testing test6...

test_result == expected_output
<function bitonicMerge at 0x11c6629d0> == [17, 108, 15, 78]?

check_consistency
Testing test7...

test_result == expected_output
<function bitonicMerge at 0x11c6629d0> == [3, 7, 6, 55, 15, 78, 17, 108, 0, 21, 35, 108, 74, 800, 90, 1457]?

check_consistency
Testing test8...

test_result == expected_output
<function bitonicMerge at 0x11c6629d0> == [0, 7, 6, 55, 15, 78, 17, 108, 3, 21, 35, 108, 74, 800, 90, 1457]?

check_consistency
Testing test9...

test_result == expected_output
<function bitonicMerge at 0x11c6629d0> == [0, 21, 33, 44, 54, 77, 55, 78, 11, 22, 35, 88, 74, 89, 90, 1457]?

check_consistency
Testing test10...

test_result == expected_output
<function bitonicMerge at 0x11c6629d0> == [11, 22, 33, 44, 54, 77, 55, 78, 0, 21, 35, 88, 74, 89, 90, 1457]?

check_consistency
Testing test11...

test_result == expected_output
<function bitonicMerge at 0x11c6629d0> == [0, 21, 33, 78, 54, 77, 55, 1455, 22, 44, 35, 88, 74, 89, 90, 1457]?

check_consistency
Testing test12...

test_result == expected_output
<function bitonicMerge at 0x11c6629d0> == [22, 44, 33, 78, 54, 77, 55, 1457, 0, 21, 35, 88, 74, 89, 90, 1455]?

check_consistency
Testing test13...

test_result == expected_output
<function bitonicMerge at 0x11c6629d0> == [0, 55, 54, 77, 33, 575, 78, 7589, 22, 89, 74, 1455, 35, 7587, 1457, 87588]?

check_consistency
Testing test14...

test_result == expected_output
<function bitonicMerge at 0x11c6629d0> == [22, 55, 54, 77, 33, 575, 1457, 7589, 0, 89, 74, 1455, 35, 7587, 78, 87588]?

check_consistency
Testing test15...

test_result == expected_output
<function bitonicMerge at 0x11c6629d0> == [1, 2, 3, 4, 5, 6, 7, 8, 9, 10, 11, 12, 13, 14, 15, 16]?

check_consistency

The current test15 result is inconsistent with the previous test15 result.
Previous Result: ('test15', ~PassedTest)
Current Result: ('test15', ~FailedTest)

break for test inconsistency
Model Test Finished...
Previous Explanatory Power: 0.0526
Current Explanatory Power: 0.0
Exiting ModelTester

New Observations:
[('test1', ~FailedTest), ('test2', ~FailedTest), ('test3', ~FailedTest), ('test4', ~FailedTest), ('test5', ~FailedTest), ('test6', ~FailedTest), ('test7', ~FailedTest), ('test8', ~FailedTest), ('test9', ~FailedTest), ('test10', ~FailedTest), ('test11', ~FailedTest), ('test12', ~FailedTest), ('test13', ~FailedTest), ('test14', ~FailedTest), ('test15', ~FailedTest), ('UndefinedTest', ~FailedTest), ('UndefinedTest', ~FailedTest), ('UndefinedTest', ~FailedTest), ('UndefinedTest', ~FailedTest)]
Behavior Type:
Behavior.Worsened


Testing Hypothesis 22.
Hypothesis: ('return output', 22, 0)

Init HyphotesisTester
Init ModelTester
Entering ModelTester
Starting Model Testing...
Testing test1...
check_consistency
Testing test2...
check_consistency
Testing test3...
check_consistency
Testing test4...
check_consistency
Testing test5...
check_consistency
Testing test6...
check_consistency
Testing test7...
check_consistency
Testing test8...
check_consistency
Testing test9...
check_consistency
Testing test10...
check_consistency
Testing test11...
check_consistency
Testing test12...
check_consistency
Testing test13...
check_consistency
Testing test14...
check_consistency
Testing test15...
check_consistency

The current test15 result is inconsistent with the previous test15 result.
Previous Result: ('test15', ~PassedTest)
Current Result: ('UndefinedTest', ~FailedTest)

break for test inconsistency
Model Test Finished...
Previous Explanatory Power: 0.0526
Current Explanatory Power: 0.0
Exiting ModelTester

New Observations:
[('UndefinedTest', ~FailedTest), ('UndefinedTest', ~FailedTest), ('UndefinedTest', ~FailedTest), ('UndefinedTest', ~FailedTest), ('UndefinedTest', ~FailedTest), ('UndefinedTest', ~FailedTest), ('UndefinedTest', ~FailedTest), ('UndefinedTest', ~FailedTest), ('UndefinedTest', ~FailedTest), ('UndefinedTest', ~FailedTest), ('UndefinedTest', ~FailedTest), ('UndefinedTest', ~FailedTest), ('UndefinedTest', ~FailedTest), ('UndefinedTest', ~FailedTest), ('UndefinedTest', ~FailedTest), ('UndefinedTest', ~FailedTest), ('UndefinedTest', ~FailedTest), ('UndefinedTest', ~FailedTest), ('UndefinedTest', ~FailedTest)]
Behavior Type:
Behavior.Worsened


Testing Hypothesis 23.
Hypothesis: ('return low', 22, 0)

Init HyphotesisTester
Init ModelTester
Entering ModelTester
Starting Model Testing...
Testing test1...
check_consistency
Testing test2...
check_consistency
Testing test3...
check_consistency
Testing test4...
check_consistency
Testing test5...
check_consistency
Testing test6...
check_consistency
Testing test7...
check_consistency
Testing test8...
check_consistency
Testing test9...
check_consistency
Testing test10...
check_consistency
Testing test11...
check_consistency
Testing test12...
check_consistency
Testing test13...
check_consistency
Testing test14...
check_consistency
Testing test15...
check_consistency

The current test15 result is inconsistent with the previous test15 result.
Previous Result: ('test15', ~PassedTest)
Current Result: ('UndefinedTest', ~FailedTest)

break for test inconsistency
Model Test Finished...
Previous Explanatory Power: 0.0526
Current Explanatory Power: 0.0
Exiting ModelTester

New Observations:
[('UndefinedTest', ~FailedTest), ('UndefinedTest', ~FailedTest), ('UndefinedTest', ~FailedTest), ('UndefinedTest', ~FailedTest), ('UndefinedTest', ~FailedTest), ('UndefinedTest', ~FailedTest), ('UndefinedTest', ~FailedTest), ('UndefinedTest', ~FailedTest), ('UndefinedTest', ~FailedTest), ('UndefinedTest', ~FailedTest), ('UndefinedTest', ~FailedTest), ('UndefinedTest', ~FailedTest), ('UndefinedTest', ~FailedTest), ('UndefinedTest', ~FailedTest), ('UndefinedTest', ~FailedTest), ('UndefinedTest', ~FailedTest), ('UndefinedTest', ~FailedTest), ('UndefinedTest', ~FailedTest), ('UndefinedTest', ~FailedTest)]
Behavior Type:
Behavior.Worsened


Testing Hypothesis 24.
Hypothesis: ('return cnt', 22, 0)

Init HyphotesisTester
Init ModelTester
Entering ModelTester
Starting Model Testing...
Testing test1...
check_consistency
Testing test2...
check_consistency
Testing test3...
check_consistency
Testing test4...
check_consistency
Testing test5...
check_consistency
Testing test6...
check_consistency
Testing test7...
check_consistency
Testing test8...
check_consistency
Testing test9...
check_consistency
Testing test10...
check_consistency
Testing test11...
check_consistency
Testing test12...
check_consistency
Testing test13...
check_consistency
Testing test14...
check_consistency
Testing test15...
check_consistency

               The current test15 result is inconsistent with the previous test15 result.
               Previous Result: ('test15', ~PassedTest)
               Current Result: ('UndefinedTest', ~FailedTest)
               
break for test inconsistency
Model Test Finished...
Previous Explanatory Power: 0.0526
Current Explanatory Power: 0.0
Exiting ModelTester

                        New Observations:
                        [('UndefinedTest', ~FailedTest), ('UndefinedTest', ~FailedTest), ('UndefinedTest', ~FailedTest), ('UndefinedTest', ~FailedTest), ('UndefinedTest', ~FailedTest), ('UndefinedTest', ~FailedTest), ('UndefinedTest', ~FailedTest), ('UndefinedTest', ~FailedTest), ('UndefinedTest', ~FailedTest), ('UndefinedTest', ~FailedTest), ('UndefinedTest', ~FailedTest), ('UndefinedTest', ~FailedTest), ('UndefinedTest', ~FailedTest), ('UndefinedTest', ~FailedTest), ('UndefinedTest', ~FailedTest), ('UndefinedTest', ~FailedTest), ('UndefinedTest', ~FailedTest), ('UndefinedTest', ~FailedTest), ('UndefinedTest', ~FailedTest)]
                        Behavior Type:
                        Behavior.Worsened
                        

                        Testing Hypothesis 25.
                        Hypothesis: ('return a', 22, 0)
                        
Init HyphotesisTester
Init ModelTester
Entering ModelTester
Starting Model Testing...
Testing test1...

                   test_result == expected_output
                   [3, 7, 4, 8, 6, 2, 1, 5] == [1, 5, 2, 6, 3, 7, 4, 8]?
                   
check_consistency
Testing test2...

                   test_result == expected_output
                   [3, 7, 4, 8, 6, 2, 1, 5] == [3, 7, 4, 8, 1, 5, 2, 6]?
                   
check_consistency
Testing test3...

                   test_result == expected_output
                   [31, 17, 44, 78, 86, 52, 71, 55] == [17, 31, 44, 78, 52, 71, 55, 86]?
                   
check_consistency
Testing test4...

                   test_result == expected_output
                   [31, 17, 44, 78, 86, 52, 71, 55] == [17, 31, 44, 78, 52, 71, 55, 86]?
                   
check_consistency
Testing test5...

                   test_result == expected_output
                   [108, 17, 15, 78] == [15, 78, 17, 108]?
                   
check_consistency
Testing test6...

                   test_result == expected_output
                   [108, 17, 15, 78] == [17, 108, 15, 78]?
                   
check_consistency
Testing test7...

                   test_result == expected_output
                   [6, 7, 55, 3, 108, 17, 15, 78, 108, 35, 21, 0, 800, 74, 90, 1457] == [3, 7, 6, 55, 15, 78, 17, 108, 0, 21, 35, 108, 74, 800, 90, 1457]?
                   
check_consistency
Testing test8...

                   test_result == expected_output
                   [6, 7, 55, 3, 108, 17, 15, 78, 108, 35, 21, 0, 800, 74, 90, 1457] == [0, 7, 6, 55, 15, 78, 17, 108, 3, 21, 35, 108, 74, 800, 90, 1457]?
                   
check_consistency
Testing test9...

                   test_result == expected_output
                   [11, 22, 44, 33, 77, 55, 54, 78, 88, 35, 21, 0, 89, 74, 90, 1457] == [0, 21, 33, 44, 54, 77, 55, 78, 11, 22, 35, 88, 74, 89, 90, 1457]?
                   
check_consistency
Testing test10...

                   test_result == expected_output
                   [11, 22, 44, 33, 77, 55, 54, 78, 88, 35, 21, 0, 89, 74, 90, 1457] == [11, 22, 33, 44, 54, 77, 55, 78, 0, 21, 35, 88, 74, 89, 90, 1457]?
                   
check_consistency
Testing test11...

                   test_result == expected_output
                   [1457, 22, 44, 33, 77, 55, 54, 78, 88, 35, 21, 0, 89, 74, 90, 1455] == [0, 21, 33, 78, 54, 77, 55, 1455, 22, 44, 35, 88, 74, 89, 90, 1457]?
                   
check_consistency
Testing test12...

                   test_result == expected_output
                   [1457, 22, 44, 33, 77, 55, 54, 78, 88, 35, 21, 0, 89, 74, 90, 1455] == [22, 44, 33, 78, 54, 77, 55, 1457, 0, 21, 35, 88, 74, 89, 90, 1455]?
                   
check_consistency
Testing test13...

                   test_result == expected_output
                   [1457, 7589, 22, 575, 33, 77, 55, 54, 78, 87588, 35, 7587, 0, 89, 74, 1455] == [0, 55, 54, 77, 33, 575, 78, 7589, 22, 89, 74, 1455, 35, 7587, 1457, 87588]?
                   
check_consistency
Testing test14...

                   test_result == expected_output
                   [1457, 7589, 22, 575, 33, 77, 55, 54, 78, 87588, 35, 7587, 0, 89, 74, 1455] == [22, 55, 54, 77, 33, 575, 1457, 7589, 0, 89, 74, 1455, 35, 7587, 78, 87588]?
                   
check_consistency
Testing test15...

                   test_result == expected_output
                   [1, 2, 3, 4, 5, 6, 7, 8, 9, 10, 11, 12, 13, 14, 15, 16] == [1, 2, 3, 4, 5, 6, 7, 8, 9, 10, 11, 12, 13, 14, 15, 16]?
                   
Testing test16...

                   test_result == expected_output
                   [1, 2, 3, 4, 5, 6, 7, 8, 20, 10, 11, 12, 13, 14, 15, 16] == [1, 2, 3, 4, 5, 6, 7, 8, 10, 12, 11, 16, 13, 14, 15, 20]?
                   
check_consistency
Testing test17...

                   test_result == expected_output
                   [1, 2, 3, 4, 5, 6, 7, 8, 20, 10, 11, 12, 13, 14, 15, 16] == [1, 2, 3, 4, 5, 6, 7, 8, 10, 12, 11, 16, 13, 14, 15, 20]?
                   
check_consistency
Testing test18...

                   test_result == expected_output
                   [1457, 22, 44, 33, 77, 55, 54, 78, 88, 35, 21, 0, 89, 74, 90, 1455, 1457, 22, 44, 33, 77, 55, 54, 78, 88, 35, 21, 0, 89, 74, 90, 1455] == [0, 21, 33, 78, 54, 77, 55, 1455, 22, 44, 35, 88, 74, 89, 90, 1457, 0, 21, 33, 78, 54, 77, 55, 1455, 22, 44, 35, 88, 74, 89, 90, 1457]?
                   
check_consistency
Testing test19...

                   test_result == expected_output
                   [1457, 22, 44, 33, 77, 55, 54, 78, 88, 35, 21, 0, 89, 74, 90, 1455, 1457, 22, 44, 33, 77, 55, 54, 78, 88, 35, 21, 0, 89, 74, 90, 1455] == [0, 21, 33, 78, 54, 77, 55, 1455, 22, 44, 35, 88, 74, 89, 90, 1457, 0, 21, 33, 78, 54, 77, 55, 1455, 22, 44, 35, 88, 74, 89, 90, 1457]?
                   
check_consistency
Model Test Finished...
Previous Explanatory Power: 0.0526
Current Explanatory Power: 0.0526
Exiting ModelTester

                        New Observations:
                        [('test1', ~FailedTest), ('test2', ~FailedTest), ('test3', ~FailedTest), ('test4', ~FailedTest), ('test5', ~FailedTest), ('test6', ~FailedTest), ('test7', ~FailedTest), ('test8', ~FailedTest), ('test9', ~FailedTest), ('test10', ~FailedTest), ('test11', ~FailedTest), ('test12', ~FailedTest), ('test13', ~FailedTest), ('test14', ~FailedTest), ('test15', ~PassedTest), ('test16', ~FailedTest), ('test17', ~FailedTest), ('test18', ~FailedTest), ('test19', ~FailedTest)]
                        Behavior Type:
                        Behavior.Same
                        

                        Testing Hypothesis 26.
                        Hypothesis: ('return up', 22, 0)
                        
Init HyphotesisTester
Init ModelTester
Entering ModelTester
Starting Model Testing...
Testing test1...

                   test_result == expected_output
                   1 == [1, 5, 2, 6, 3, 7, 4, 8]?
                   
check_consistency
Testing test2...

                   test_result == expected_output
                   2 == [3, 7, 4, 8, 1, 5, 2, 6]?
                   
check_consistency
Testing test3...

                   test_result == expected_output
                   1 == [17, 31, 44, 78, 52, 71, 55, 86]?
                   
check_consistency
Testing test4...

                   test_result == expected_output
                   2 == [17, 31, 44, 78, 52, 71, 55, 86]?
                   
check_consistency
Testing test5...

                   test_result == expected_output
                   1 == [15, 78, 17, 108]?
                   
check_consistency
Testing test6...

                   test_result == expected_output
                   2 == [17, 108, 15, 78]?
                   
check_consistency
Testing test7...

                   test_result == expected_output
                   2 == [3, 7, 6, 55, 15, 78, 17, 108, 0, 21, 35, 108, 74, 800, 90, 1457]?
                   
check_consistency
Testing test8...

                   test_result == expected_output
                   1 == [0, 7, 6, 55, 15, 78, 17, 108, 3, 21, 35, 108, 74, 800, 90, 1457]?
                   
check_consistency
Testing test9...

                   test_result == expected_output
                   1 == [0, 21, 33, 44, 54, 77, 55, 78, 11, 22, 35, 88, 74, 89, 90, 1457]?
                   
check_consistency
Testing test10...

                   test_result == expected_output
                   2 == [11, 22, 33, 44, 54, 77, 55, 78, 0, 21, 35, 88, 74, 89, 90, 1457]?
                   
check_consistency
Testing test11...

                   test_result == expected_output
                   1 == [0, 21, 33, 78, 54, 77, 55, 1455, 22, 44, 35, 88, 74, 89, 90, 1457]?
                   
check_consistency
Testing test12...

                   test_result == expected_output
                   2 == [22, 44, 33, 78, 54, 77, 55, 1457, 0, 21, 35, 88, 74, 89, 90, 1455]?
                   
check_consistency
Testing test13...

                   test_result == expected_output
                   1 == [0, 55, 54, 77, 33, 575, 78, 7589, 22, 89, 74, 1455, 35, 7587, 1457, 87588]?
                   
check_consistency
Testing test14...

                   test_result == expected_output
                   2 == [22, 55, 54, 77, 33, 575, 1457, 7589, 0, 89, 74, 1455, 35, 7587, 78, 87588]?
                   
check_consistency
Testing test15...

                   test_result == expected_output
                   1 == [1, 2, 3, 4, 5, 6, 7, 8, 9, 10, 11, 12, 13, 14, 15, 16]?
                   
check_consistency

               The current test15 result is inconsistent with the previous test15 result.
               Previous Result: ('test15', ~PassedTest)
               Current Result: ('test15', ~FailedTest)
               
break for test inconsistency
Model Test Finished...
Previous Explanatory Power: 0.0526
Current Explanatory Power: 0.0
Exiting ModelTester

The current test15 result is inconsistent with the previous test15 result.
Previous Result: ('test15', ~PassedTest)
Current Result: ('UndefinedTest', ~FailedTest)

break for test inconsistency
Model Test Finished...
Previous Explanatory Power: 0.0526
Current Explanatory Power: 0.0
Exiting ModelTester

New Observations:
[('UndefinedTest', ~FailedTest), ('UndefinedTest', ~FailedTest), ('UndefinedTest', ~FailedTest), ('UndefinedTest', ~FailedTest), ('UndefinedTest', ~FailedTest), ('UndefinedTest', ~FailedTest), ('UndefinedTest', ~FailedTest), ('UndefinedTest', ~FailedTest), ('UndefinedTest', ~FailedTest), ('UndefinedTest', ~FailedTest), ('UndefinedTest', ~FailedTest), ('UndefinedTest', ~FailedTest), ('UndefinedTest', ~FailedTest), ('UndefinedTest', ~FailedTest), ('UndefinedTest', ~FailedTest), ('UndefinedTest', ~FailedTest), ('UndefinedTest', ~FailedTest), ('UndefinedTest', ~FailedTest), ('UndefinedTest', ~FailedTest)]
Behavior Type:
Behavior.Worsened


Testing Hypothesis 25.
Hypothesis: ('return a', 22, 0)

Init HyphotesisTester
Init ModelTester
Entering ModelTester
Starting Model Testing...
Testing test1...

test_result == expected_output
[3, 7, 4, 8, 6, 2, 1, 5] == [1, 5, 2, 6, 3, 7, 4, 8]?

check_consistency
Testing test2...

test_result == expected_output
[3, 7, 4, 8, 6, 2, 1, 5] == [3, 7, 4, 8, 1, 5, 2, 6]?

check_consistency
Testing test3...

test_result == expected_output
[31, 17, 44, 78, 86, 52, 71, 55] == [17, 31, 44, 78, 52, 71, 55, 86]?

check_consistency
Testing test4...

test_result == expected_output
[31, 17, 44, 78, 86, 52, 71, 55] == [17, 31, 44, 78, 52, 71, 55, 86]?

check_consistency
Testing test5...

test_result == expected_output
[108, 17, 15, 78] == [15, 78, 17, 108]?

check_consistency
Testing test6...

test_result == expected_output
[108, 17, 15, 78] == [17, 108, 15, 78]?

check_consistency
Testing test7...

test_result == expected_output
[6, 7, 55, 3, 108, 17, 15, 78, 108, 35, 21, 0, 800, 74, 90, 1457] == [3, 7, 6, 55, 15, 78, 17, 108, 0, 21, 35, 108, 74, 800, 90, 1457]?

check_consistency
Testing test8...

test_result == expected_output
[6, 7, 55, 3, 108, 17, 15, 78, 108, 35, 21, 0, 800, 74, 90, 1457] == [0, 7, 6, 55, 15, 78, 17, 108, 3, 21, 35, 108, 74, 800, 90, 1457]?

check_consistency
Testing test9...

test_result == expected_output
[11, 22, 44, 33, 77, 55, 54, 78, 88, 35, 21, 0, 89, 74, 90, 1457] == [0, 21, 33, 44, 54, 77, 55, 78, 11, 22, 35, 88, 74, 89, 90, 1457]?

check_consistency
Testing test10...

test_result == expected_output
[11, 22, 44, 33, 77, 55, 54, 78, 88, 35, 21, 0, 89, 74, 90, 1457] == [11, 22, 33, 44, 54, 77, 55, 78, 0, 21, 35, 88, 74, 89, 90, 1457]?

check_consistency
Testing test11...

test_result == expected_output
[1457, 22, 44, 33, 77, 55, 54, 78, 88, 35, 21, 0, 89, 74, 90, 1455] == [0, 21, 33, 78, 54, 77, 55, 1455, 22, 44, 35, 88, 74, 89, 90, 1457]?

check_consistency
Testing test12...

test_result == expected_output
[1457, 22, 44, 33, 77, 55, 54, 78, 88, 35, 21, 0, 89, 74, 90, 1455] == [22, 44, 33, 78, 54, 77, 55, 1457, 0, 21, 35, 88, 74, 89, 90, 1455]?

check_consistency
Testing test13...

test_result == expected_output
[1457, 7589, 22, 575, 33, 77, 55, 54, 78, 87588, 35, 7587, 0, 89, 74, 1455] == [0, 55, 54, 77, 33, 575, 78, 7589, 22, 89, 74, 1455, 35, 7587, 1457, 87588]?

check_consistency
Testing test14...

test_result == expected_output
[1457, 7589, 22, 575, 33, 77, 55, 54, 78, 87588, 35, 7587, 0, 89, 74, 1455] == [22, 55, 54, 77, 33, 575, 1457, 7589, 0, 89, 74, 1455, 35, 7587, 78, 87588]?

check_consistency
Testing test15...

test_result == expected_output
[1, 2, 3, 4, 5, 6, 7, 8, 9, 10, 11, 12, 13, 14, 15, 16] == [1, 2, 3, 4, 5, 6, 7, 8, 9, 10, 11, 12, 13, 14, 15, 16]?

Testing test16...

test_result == expected_output
[1, 2, 3, 4, 5, 6, 7, 8, 20, 10, 11, 12, 13, 14, 15, 16] == [1, 2, 3, 4, 5, 6, 7, 8, 10, 12, 11, 16, 13, 14, 15, 20]?

check_consistency
Testing test17...

test_result == expected_output
[1, 2, 3, 4, 5, 6, 7, 8, 20, 10, 11, 12, 13, 14, 15, 16] == [1, 2, 3, 4, 5, 6, 7, 8, 10, 12, 11, 16, 13, 14, 15, 20]?

check_consistency
Testing test18...

test_result == expected_output
[1457, 22, 44, 33, 77, 55, 54, 78, 88, 35, 21, 0, 89, 74, 90, 1455, 1457, 22, 44, 33, 77, 55, 54, 78, 88, 35, 21, 0, 89, 74, 90, 1455] == [0, 21, 33, 78, 54, 77, 55, 1455, 22, 44, 35, 88, 74, 89, 90, 1457, 0, 21, 33, 78, 54, 77, 55, 1455, 22, 44, 35, 88, 74, 89, 90, 1457]?

check_consistency
Testing test19...

test_result == expected_output
[1457, 22, 44, 33, 77, 55, 54, 78, 88, 35, 21, 0, 89, 74, 90, 1455, 1457, 22, 44, 33, 77, 55, 54, 78, 88, 35, 21, 0, 89, 74, 90, 1455] == [0, 21, 33, 78, 54, 77, 55, 1455, 22, 44, 35, 88, 74, 89, 90, 1457, 0, 21, 33, 78, 54, 77, 55, 1455, 22, 44, 35, 88, 74, 89, 90, 1457]?

check_consistency
Model Test Finished...
Previous Explanatory Power: 0.0526
Current Explanatory Power: 0.0526
Exiting ModelTester

New Observations:
[('test1', ~FailedTest), ('test2', ~FailedTest), ('test3', ~FailedTest), ('test4', ~FailedTest), ('test5', ~FailedTest), ('test6', ~FailedTest), ('test7', ~FailedTest), ('test8', ~FailedTest), ('test9', ~FailedTest), ('test10', ~FailedTest), ('test11', ~FailedTest), ('test12', ~FailedTest), ('test13', ~FailedTest), ('test14', ~FailedTest), ('test15', ~PassedTest), ('test16', ~FailedTest), ('test17', ~FailedTest), ('test18', ~FailedTest), ('test19', ~FailedTest)]
Behavior Type:
Behavior.Same


Testing Hypothesis 26.
Hypothesis: ('return up', 22, 0)

Init HyphotesisTester
Init ModelTester
Entering ModelTester
Starting Model Testing...
Testing test1...

test_result == expected_output
1 == [1, 5, 2, 6, 3, 7, 4, 8]?

check_consistency
Testing test2...

test_result == expected_output
2 == [3, 7, 4, 8, 1, 5, 2, 6]?

check_consistency
Testing test3...

test_result == expected_output
1 == [17, 31, 44, 78, 52, 71, 55, 86]?

check_consistency
Testing test4...

test_result == expected_output
2 == [17, 31, 44, 78, 52, 71, 55, 86]?

check_consistency
Testing test5...

test_result == expected_output
1 == [15, 78, 17, 108]?

check_consistency
Testing test6...

test_result == expected_output
2 == [17, 108, 15, 78]?

check_consistency
Testing test7...

test_result == expected_output
2 == [3, 7, 6, 55, 15, 78, 17, 108, 0, 21, 35, 108, 74, 800, 90, 1457]?

check_consistency
Testing test8...

test_result == expected_output
1 == [0, 7, 6, 55, 15, 78, 17, 108, 3, 21, 35, 108, 74, 800, 90, 1457]?

check_consistency
Testing test9...

test_result == expected_output
1 == [0, 21, 33, 44, 54, 77, 55, 78, 11, 22, 35, 88, 74, 89, 90, 1457]?

check_consistency
Testing test10...

test_result == expected_output
2 == [11, 22, 33, 44, 54, 77, 55, 78, 0, 21, 35, 88, 74, 89, 90, 1457]?

check_consistency
Testing test11...

test_result == expected_output
1 == [0, 21, 33, 78, 54, 77, 55, 1455, 22, 44, 35, 88, 74, 89, 90, 1457]?

check_consistency
Testing test12...

test_result == expected_output
2 == [22, 44, 33, 78, 54, 77, 55, 1457, 0, 21, 35, 88, 74, 89, 90, 1455]?

check_consistency
Testing test13...

test_result == expected_output
1 == [0, 55, 54, 77, 33, 575, 78, 7589, 22, 89, 74, 1455, 35, 7587, 1457, 87588]?

check_consistency
Testing test14...

test_result == expected_output
2 == [22, 55, 54, 77, 33, 575, 1457, 7589, 0, 89, 74, 1455, 35, 7587, 78, 87588]?

check_consistency
Testing test15...

test_result == expected_output
1 == [1, 2, 3, 4, 5, 6, 7, 8, 9, 10, 11, 12, 13, 14, 15, 16]?

check_consistency

The current test15 result is inconsistent with the previous test15 result.
Previous Result: ('test15', ~PassedTest)
Current Result: ('test15', ~FailedTest)

break for test inconsistency
Model Test Finished...
Previous Explanatory Power: 0.0526
Current Explanatory Power: 0.0
Exiting ModelTester

                        New Observations:
                        [('test1', ~FailedTest), ('test2', ~FailedTest), ('test3', ~FailedTest), ('test4', ~FailedTest), ('test5', ~FailedTest), ('test6', ~FailedTest), ('test7', ~FailedTest), ('test8', ~FailedTest), ('test9', ~FailedTest), ('test10', ~FailedTest), ('test11', ~FailedTest), ('test12', ~FailedTest), ('test13', ~FailedTest), ('test14', ~FailedTest), ('test15', ~FailedTest), ('UndefinedTest', ~FailedTest), ('UndefinedTest', ~FailedTest), ('UndefinedTest', ~FailedTest), ('UndefinedTest', ~FailedTest)]
                        Behavior Type:
                        Behavior.Worsened
                        

                        Testing Hypothesis 27.
                        Hypothesis: ('return compAndSwap', 22, 0)
                        
Init HyphotesisTester
Init ModelTester
Entering ModelTester
Starting Model Testing...
Testing test1...

                   test_result == expected_output
                   <function compAndSwap at 0x11bd48550> == [1, 5, 2, 6, 3, 7, 4, 8]?
                   
check_consistency
Testing test2...

                   test_result == expected_output
                   <function compAndSwap at 0x11bd48550> == [3, 7, 4, 8, 1, 5, 2, 6]?
                   
check_consistency
Testing test3...

                   test_result == expected_output
                   <function compAndSwap at 0x11bd48550> == [17, 31, 44, 78, 52, 71, 55, 86]?
                   
check_consistency
Testing test4...

                   test_result == expected_output
                   <function compAndSwap at 0x11bd48550> == [17, 31, 44, 78, 52, 71, 55, 86]?
                   
check_consistency
Testing test5...

                   test_result == expected_output
                   <function compAndSwap at 0x11bd48550> == [15, 78, 17, 108]?
                   
check_consistency
Testing test6...

                   test_result == expected_output
                   <function compAndSwap at 0x11bd48550> == [17, 108, 15, 78]?
                   
check_consistency
Testing test7...

                   test_result == expected_output
                   <function compAndSwap at 0x11bd48550> == [3, 7, 6, 55, 15, 78, 17, 108, 0, 21, 35, 108, 74, 800, 90, 1457]?
                   
check_consistency
Testing test8...

                   test_result == expected_output
                   <function compAndSwap at 0x11bd48550> == [0, 7, 6, 55, 15, 78, 17, 108, 3, 21, 35, 108, 74, 800, 90, 1457]?
                   
check_consistency
Testing test9...

                   test_result == expected_output
                   <function compAndSwap at 0x11bd48550> == [0, 21, 33, 44, 54, 77, 55, 78, 11, 22, 35, 88, 74, 89, 90, 1457]?
                   
check_consistency
Testing test10...

                   test_result == expected_output
                   <function compAndSwap at 0x11bd48550> == [11, 22, 33, 44, 54, 77, 55, 78, 0, 21, 35, 88, 74, 89, 90, 1457]?
                   
check_consistency
Testing test11...

                   test_result == expected_output
                   <function compAndSwap at 0x11bd48550> == [0, 21, 33, 78, 54, 77, 55, 1455, 22, 44, 35, 88, 74, 89, 90, 1457]?
                   
check_consistency
Testing test12...

                   test_result == expected_output
                   <function compAndSwap at 0x11bd48550> == [22, 44, 33, 78, 54, 77, 55, 1457, 0, 21, 35, 88, 74, 89, 90, 1455]?
                   
check_consistency
Testing test13...

                   test_result == expected_output
                   <function compAndSwap at 0x11bd48550> == [0, 55, 54, 77, 33, 575, 78, 7589, 22, 89, 74, 1455, 35, 7587, 1457, 87588]?
                   
check_consistency
Testing test14...

                   test_result == expected_output
                   <function compAndSwap at 0x11bd48550> == [22, 55, 54, 77, 33, 575, 1457, 7589, 0, 89, 74, 1455, 35, 7587, 78, 87588]?
                   
check_consistency
Testing test15...

                   test_result == expected_output
                   <function compAndSwap at 0x11bd48550> == [1, 2, 3, 4, 5, 6, 7, 8, 9, 10, 11, 12, 13, 14, 15, 16]?
                   
check_consistency

               The current test15 result is inconsistent with the previous test15 result.
               Previous Result: ('test15', ~PassedTest)
               Current Result: ('test15', ~FailedTest)
               
break for test inconsistency
Model Test Finished...
Previous Explanatory Power: 0.0526
Current Explanatory Power: 0.0
Exiting ModelTester

                        New Observations:
                        [('test1', ~FailedTest), ('test2', ~FailedTest), ('test3', ~FailedTest), ('test4', ~FailedTest), ('test5', ~FailedTest), ('test6', ~FailedTest), ('test7', ~FailedTest), ('test8', ~FailedTest), ('test9', ~FailedTest), ('test10', ~FailedTest), ('test11', ~FailedTest), ('test12', ~FailedTest), ('test13', ~FailedTest), ('test14', ~FailedTest), ('test15', ~FailedTest), ('UndefinedTest', ~FailedTest), ('UndefinedTest', ~FailedTest), ('UndefinedTest', ~FailedTest), ('UndefinedTest', ~FailedTest)]
                        Behavior Type:
                        Behavior.Worsened
                        

                        Testing Hypothesis 28.
                        Hypothesis: ('return range(a)', 22, 0)
                        
Init HyphotesisTester
Init ModelTester
Entering ModelTester
Starting Model Testing...
Testing test1...
check_consistency
Testing test2...
check_consistency
Testing test3...
check_consistency
Testing test4...
check_consistency
Testing test5...
check_consistency
Testing test6...
check_consistency
Testing test7...
check_consistency
Testing test8...
check_consistency
Testing test9...
check_consistency
Testing test10...
check_consistency
Testing test11...
check_consistency
Testing test12...
check_consistency
Testing test13...
check_consistency
Testing test14...
check_consistency
Testing test15...
check_consistency

               The current test15 result is inconsistent with the previous test15 result.
               Previous Result: ('test15', ~PassedTest)
               Current Result: ('UndefinedTest', ~FailedTest)
               
break for test inconsistency
Model Test Finished...
Previous Explanatory Power: 0.0526
Current Explanatory Power: 0.0
Exiting ModelTester

                        New Observations:
                        [('UndefinedTest', ~FailedTest), ('UndefinedTest', ~FailedTest), ('UndefinedTest', ~FailedTest), ('UndefinedTest', ~FailedTest), ('UndefinedTest', ~FailedTest), ('UndefinedTest', ~FailedTest), ('UndefinedTest', ~FailedTest), ('UndefinedTest', ~FailedTest), ('UndefinedTest', ~FailedTest), ('UndefinedTest', ~FailedTest), ('UndefinedTest', ~FailedTest), ('UndefinedTest', ~FailedTest), ('UndefinedTest', ~FailedTest), ('UndefinedTest', ~FailedTest), ('UndefinedTest', ~FailedTest), ('UndefinedTest', ~FailedTest), ('UndefinedTest', ~FailedTest), ('UndefinedTest', ~FailedTest), ('UndefinedTest', ~FailedTest)]
                        Behavior Type:
                        Behavior.Worsened
                        

                        Testing Hypothesis 29.
                        Hypothesis: ('return list(a)', 22, 0)
                        
Init HyphotesisTester
Init ModelTester
Entering ModelTester
Starting Model Testing...
Testing test1...

                   test_result == expected_output
                   [3, 7, 4, 8, 6, 2, 1, 5] == [1, 5, 2, 6, 3, 7, 4, 8]?
                   
check_consistency
Testing test2...

                   test_result == expected_output
                   [3, 7, 4, 8, 6, 2, 1, 5] == [3, 7, 4, 8, 1, 5, 2, 6]?
                   
check_consistency
Testing test3...

                   test_result == expected_output
                   [31, 17, 44, 78, 86, 52, 71, 55] == [17, 31, 44, 78, 52, 71, 55, 86]?
                   
check_consistency
Testing test4...

                   test_result == expected_output
                   [31, 17, 44, 78, 86, 52, 71, 55] == [17, 31, 44, 78, 52, 71, 55, 86]?
                   
check_consistency
Testing test5...

                   test_result == expected_output
                   [108, 17, 15, 78] == [15, 78, 17, 108]?
                   
check_consistency
Testing test6...

                   test_result == expected_output
                   [108, 17, 15, 78] == [17, 108, 15, 78]?
                   
check_consistency
Testing test7...

                   test_result == expected_output
                   [6, 7, 55, 3, 108, 17, 15, 78, 108, 35, 21, 0, 800, 74, 90, 1457] == [3, 7, 6, 55, 15, 78, 17, 108, 0, 21, 35, 108, 74, 800, 90, 1457]?
                   
check_consistency
Testing test8...

                   test_result == expected_output
                   [6, 7, 55, 3, 108, 17, 15, 78, 108, 35, 21, 0, 800, 74, 90, 1457] == [0, 7, 6, 55, 15, 78, 17, 108, 3, 21, 35, 108, 74, 800, 90, 1457]?
                   
check_consistency
Testing test9...

                   test_result == expected_output
                   [11, 22, 44, 33, 77, 55, 54, 78, 88, 35, 21, 0, 89, 74, 90, 1457] == [0, 21, 33, 44, 54, 77, 55, 78, 11, 22, 35, 88, 74, 89, 90, 1457]?
                   
check_consistency
Testing test10...

                   test_result == expected_output
                   [11, 22, 44, 33, 77, 55, 54, 78, 88, 35, 21, 0, 89, 74, 90, 1457] == [11, 22, 33, 44, 54, 77, 55, 78, 0, 21, 35, 88, 74, 89, 90, 1457]?
                   
check_consistency
Testing test11...

                   test_result == expected_output
                   [1457, 22, 44, 33, 77, 55, 54, 78, 88, 35, 21, 0, 89, 74, 90, 1455] == [0, 21, 33, 78, 54, 77, 55, 1455, 22, 44, 35, 88, 74, 89, 90, 1457]?
                   
check_consistency
Testing test12...

                   test_result == expected_output
                   [1457, 22, 44, 33, 77, 55, 54, 78, 88, 35, 21, 0, 89, 74, 90, 1455] == [22, 44, 33, 78, 54, 77, 55, 1457, 0, 21, 35, 88, 74, 89, 90, 1455]?
                   
check_consistency
Testing test13...

                   test_result == expected_output
                   [1457, 7589, 22, 575, 33, 77, 55, 54, 78, 87588, 35, 7587, 0, 89, 74, 1455] == [0, 55, 54, 77, 33, 575, 78, 7589, 22, 89, 74, 1455, 35, 7587, 1457, 87588]?
                   
check_consistency
Testing test14...

                   test_result == expected_output
                   [1457, 7589, 22, 575, 33, 77, 55, 54, 78, 87588, 35, 7587, 0, 89, 74, 1455] == [22, 55, 54, 77, 33, 575, 1457, 7589, 0, 89, 74, 1455, 35, 7587, 78, 87588]?
                   
check_consistency

New Observations:
[('test1', ~FailedTest), ('test2', ~FailedTest), ('test3', ~FailedTest), ('test4', ~FailedTest), ('test5', ~FailedTest), ('test6', ~FailedTest), ('test7', ~FailedTest), ('test8', ~FailedTest), ('test9', ~FailedTest), ('test10', ~FailedTest), ('test11', ~FailedTest), ('test12', ~FailedTest), ('test13', ~FailedTest), ('test14', ~FailedTest), ('test15', ~FailedTest), ('UndefinedTest', ~FailedTest), ('UndefinedTest', ~FailedTest), ('UndefinedTest', ~FailedTest), ('UndefinedTest', ~FailedTest)]
Behavior Type:
Behavior.Worsened


Testing Hypothesis 27.
Hypothesis: ('return compAndSwap', 22, 0)

Init HyphotesisTester
Init ModelTester
Entering ModelTester
Starting Model Testing...
Testing test1...

test_result == expected_output
<function compAndSwap at 0x11bd48550> == [1, 5, 2, 6, 3, 7, 4, 8]?

check_consistency
Testing test2...

test_result == expected_output
<function compAndSwap at 0x11bd48550> == [3, 7, 4, 8, 1, 5, 2, 6]?

check_consistency
Testing test3...

test_result == expected_output
<function compAndSwap at 0x11bd48550> == [17, 31, 44, 78, 52, 71, 55, 86]?

check_consistency
Testing test4...

test_result == expected_output
<function compAndSwap at 0x11bd48550> == [17, 31, 44, 78, 52, 71, 55, 86]?

check_consistency
Testing test5...

test_result == expected_output
<function compAndSwap at 0x11bd48550> == [15, 78, 17, 108]?

check_consistency
Testing test6...

test_result == expected_output
<function compAndSwap at 0x11bd48550> == [17, 108, 15, 78]?

check_consistency
Testing test7...

test_result == expected_output
<function compAndSwap at 0x11bd48550> == [3, 7, 6, 55, 15, 78, 17, 108, 0, 21, 35, 108, 74, 800, 90, 1457]?

check_consistency
Testing test8...

test_result == expected_output
<function compAndSwap at 0x11bd48550> == [0, 7, 6, 55, 15, 78, 17, 108, 3, 21, 35, 108, 74, 800, 90, 1457]?

check_consistency
Testing test9...

test_result == expected_output
<function compAndSwap at 0x11bd48550> == [0, 21, 33, 44, 54, 77, 55, 78, 11, 22, 35, 88, 74, 89, 90, 1457]?

check_consistency
Testing test10...

test_result == expected_output
<function compAndSwap at 0x11bd48550> == [11, 22, 33, 44, 54, 77, 55, 78, 0, 21, 35, 88, 74, 89, 90, 1457]?

check_consistency
Testing test11...

test_result == expected_output
<function compAndSwap at 0x11bd48550> == [0, 21, 33, 78, 54, 77, 55, 1455, 22, 44, 35, 88, 74, 89, 90, 1457]?

check_consistency
Testing test12...

test_result == expected_output
<function compAndSwap at 0x11bd48550> == [22, 44, 33, 78, 54, 77, 55, 1457, 0, 21, 35, 88, 74, 89, 90, 1455]?

check_consistency
Testing test13...

test_result == expected_output
<function compAndSwap at 0x11bd48550> == [0, 55, 54, 77, 33, 575, 78, 7589, 22, 89, 74, 1455, 35, 7587, 1457, 87588]?

check_consistency
Testing test14...

test_result == expected_output
<function compAndSwap at 0x11bd48550> == [22, 55, 54, 77, 33, 575, 1457, 7589, 0, 89, 74, 1455, 35, 7587, 78, 87588]?

check_consistency
Testing test15...

test_result == expected_output
<function compAndSwap at 0x11bd48550> == [1, 2, 3, 4, 5, 6, 7, 8, 9, 10, 11, 12, 13, 14, 15, 16]?

check_consistency

The current test15 result is inconsistent with the previous test15 result.
Previous Result: ('test15', ~PassedTest)
Current Result: ('test15', ~FailedTest)

break for test inconsistency
Model Test Finished...
Previous Explanatory Power: 0.0526
Current Explanatory Power: 0.0
Exiting ModelTester

New Observations:
[('test1', ~FailedTest), ('test2', ~FailedTest), ('test3', ~FailedTest), ('test4', ~FailedTest), ('test5', ~FailedTest), ('test6', ~FailedTest), ('test7', ~FailedTest), ('test8', ~FailedTest), ('test9', ~FailedTest), ('test10', ~FailedTest), ('test11', ~FailedTest), ('test12', ~FailedTest), ('test13', ~FailedTest), ('test14', ~FailedTest), ('test15', ~FailedTest), ('UndefinedTest', ~FailedTest), ('UndefinedTest', ~FailedTest), ('UndefinedTest', ~FailedTest), ('UndefinedTest', ~FailedTest)]
Behavior Type:
Behavior.Worsened


Testing Hypothesis 28.
Hypothesis: ('return range(a)', 22, 0)

Init HyphotesisTester
Init ModelTester
Entering ModelTester
Starting Model Testing...
Testing test1...
check_consistency
Testing test2...
check_consistency
Testing test3...
check_consistency
Testing test4...
check_consistency
Testing test5...
check_consistency
Testing test6...
check_consistency
Testing test7...
check_consistency
Testing test8...
check_consistency
Testing test9...
check_consistency
Testing test10...
check_consistency
Testing test11...
check_consistency
Testing test12...
check_consistency
Testing test13...
check_consistency
Testing test14...
check_consistency
Testing test15...
check_consistency

The current test15 result is inconsistent with the previous test15 result.
Previous Result: ('test15', ~PassedTest)
Current Result: ('UndefinedTest', ~FailedTest)

break for test inconsistency
Model Test Finished...
Previous Explanatory Power: 0.0526
Current Explanatory Power: 0.0
Exiting ModelTester

New Observations:
[('UndefinedTest', ~FailedTest), ('UndefinedTest', ~FailedTest), ('UndefinedTest', ~FailedTest), ('UndefinedTest', ~FailedTest), ('UndefinedTest', ~FailedTest), ('UndefinedTest', ~FailedTest), ('UndefinedTest', ~FailedTest), ('UndefinedTest', ~FailedTest), ('UndefinedTest', ~FailedTest), ('UndefinedTest', ~FailedTest), ('UndefinedTest', ~FailedTest), ('UndefinedTest', ~FailedTest), ('UndefinedTest', ~FailedTest), ('UndefinedTest', ~FailedTest), ('UndefinedTest', ~FailedTest), ('UndefinedTest', ~FailedTest), ('UndefinedTest', ~FailedTest), ('UndefinedTest', ~FailedTest), ('UndefinedTest', ~FailedTest)]
Behavior Type:
Behavior.Worsened


Testing Hypothesis 29.
Hypothesis: ('return list(a)', 22, 0)

Init HyphotesisTester
Init ModelTester
Entering ModelTester
Starting Model Testing...
Testing test1...

test_result == expected_output
[3, 7, 4, 8, 6, 2, 1, 5] == [1, 5, 2, 6, 3, 7, 4, 8]?

check_consistency
Testing test2...

test_result == expected_output
[3, 7, 4, 8, 6, 2, 1, 5] == [3, 7, 4, 8, 1, 5, 2, 6]?

check_consistency
Testing test3...

test_result == expected_output
[31, 17, 44, 78, 86, 52, 71, 55] == [17, 31, 44, 78, 52, 71, 55, 86]?

check_consistency
Testing test4...

test_result == expected_output
[31, 17, 44, 78, 86, 52, 71, 55] == [17, 31, 44, 78, 52, 71, 55, 86]?

check_consistency
Testing test5...

test_result == expected_output
[108, 17, 15, 78] == [15, 78, 17, 108]?

check_consistency
Testing test6...

test_result == expected_output
[108, 17, 15, 78] == [17, 108, 15, 78]?

check_consistency
Testing test7...

test_result == expected_output
[6, 7, 55, 3, 108, 17, 15, 78, 108, 35, 21, 0, 800, 74, 90, 1457] == [3, 7, 6, 55, 15, 78, 17, 108, 0, 21, 35, 108, 74, 800, 90, 1457]?

check_consistency
Testing test8...

test_result == expected_output
[6, 7, 55, 3, 108, 17, 15, 78, 108, 35, 21, 0, 800, 74, 90, 1457] == [0, 7, 6, 55, 15, 78, 17, 108, 3, 21, 35, 108, 74, 800, 90, 1457]?

check_consistency
Testing test9...

test_result == expected_output
[11, 22, 44, 33, 77, 55, 54, 78, 88, 35, 21, 0, 89, 74, 90, 1457] == [0, 21, 33, 44, 54, 77, 55, 78, 11, 22, 35, 88, 74, 89, 90, 1457]?

check_consistency
Testing test10...

test_result == expected_output
[11, 22, 44, 33, 77, 55, 54, 78, 88, 35, 21, 0, 89, 74, 90, 1457] == [11, 22, 33, 44, 54, 77, 55, 78, 0, 21, 35, 88, 74, 89, 90, 1457]?

check_consistency
Testing test11...

test_result == expected_output
[1457, 22, 44, 33, 77, 55, 54, 78, 88, 35, 21, 0, 89, 74, 90, 1455] == [0, 21, 33, 78, 54, 77, 55, 1455, 22, 44, 35, 88, 74, 89, 90, 1457]?

check_consistency
Testing test12...

test_result == expected_output
[1457, 22, 44, 33, 77, 55, 54, 78, 88, 35, 21, 0, 89, 74, 90, 1455] == [22, 44, 33, 78, 54, 77, 55, 1457, 0, 21, 35, 88, 74, 89, 90, 1455]?

check_consistency
Testing test13...

test_result == expected_output
[1457, 7589, 22, 575, 33, 77, 55, 54, 78, 87588, 35, 7587, 0, 89, 74, 1455] == [0, 55, 54, 77, 33, 575, 78, 7589, 22, 89, 74, 1455, 35, 7587, 1457, 87588]?

check_consistency
Testing test14...

test_result == expected_output
[1457, 7589, 22, 575, 33, 77, 55, 54, 78, 87588, 35, 7587, 0, 89, 74, 1455] == [22, 55, 54, 77, 33, 575, 1457, 7589, 0, 89, 74, 1455, 35, 7587, 78, 87588]?

check_consistency
Testing test15...

                   test_result == expected_output
                   [1, 2, 3, 4, 5, 6, 7, 8, 9, 10, 11, 12, 13, 14, 15, 16] == [1, 2, 3, 4, 5, 6, 7, 8, 9, 10, 11, 12, 13, 14, 15, 16]?
                   
Testing test16...

                   test_result == expected_output
                   [1, 2, 3, 4, 5, 6, 7, 8, 20, 10, 11, 12, 13, 14, 15, 16] == [1, 2, 3, 4, 5, 6, 7, 8, 10, 12, 11, 16, 13, 14, 15, 20]?
                   
check_consistency
Testing test17...

                   test_result == expected_output
                   [1, 2, 3, 4, 5, 6, 7, 8, 20, 10, 11, 12, 13, 14, 15, 16] == [1, 2, 3, 4, 5, 6, 7, 8, 10, 12, 11, 16, 13, 14, 15, 20]?
                   
check_consistency
Testing test18...

                   test_result == expected_output
                   [1457, 22, 44, 33, 77, 55, 54, 78, 88, 35, 21, 0, 89, 74, 90, 1455, 1457, 22, 44, 33, 77, 55, 54, 78, 88, 35, 21, 0, 89, 74, 90, 1455] == [0, 21, 33, 78, 54, 77, 55, 1455, 22, 44, 35, 88, 74, 89, 90, 1457, 0, 21, 33, 78, 54, 77, 55, 1455, 22, 44, 35, 88, 74, 89, 90, 1457]?
                   
check_consistency
Testing test19...

                   test_result == expected_output
                   [1457, 22, 44, 33, 77, 55, 54, 78, 88, 35, 21, 0, 89, 74, 90, 1455, 1457, 22, 44, 33, 77, 55, 54, 78, 88, 35, 21, 0, 89, 74, 90, 1455] == [0, 21, 33, 78, 54, 77, 55, 1455, 22, 44, 35, 88, 74, 89, 90, 1457, 0, 21, 33, 78, 54, 77, 55, 1455, 22, 44, 35, 88, 74, 89, 90, 1457]?
                   
check_consistency
Model Test Finished...
Previous Explanatory Power: 0.0526
Current Explanatory Power: 0.0526
Exiting ModelTester

                        New Observations:
                        [('test1', ~FailedTest), ('test2', ~FailedTest), ('test3', ~FailedTest), ('test4', ~FailedTest), ('test5', ~FailedTest), ('test6', ~FailedTest), ('test7', ~FailedTest), ('test8', ~FailedTest), ('test9', ~FailedTest), ('test10', ~FailedTest), ('test11', ~FailedTest), ('test12', ~FailedTest), ('test13', ~FailedTest), ('test14', ~FailedTest), ('test15', ~PassedTest), ('test16', ~FailedTest), ('test17', ~FailedTest), ('test18', ~FailedTest), ('test19', ~FailedTest)]
                        Behavior Type:
                        Behavior.Same
                        

                        Testing Hypothesis 30.
                        Hypothesis: ('return bitonicSort.a', 22, 0)
                        
Init HyphotesisTester
Init ModelTester
Entering ModelTester
Starting Model Testing...
Testing test1...
check_consistency
Testing test2...
check_consistency
Testing test3...
check_consistency
Testing test4...
check_consistency
Testing test5...
check_consistency
Testing test6...
check_consistency
Testing test7...
check_consistency
Testing test8...
check_consistency
Testing test9...
check_consistency
Testing test10...
check_consistency
Testing test11...
check_consistency
Testing test12...
check_consistency
Testing test13...
check_consistency
Testing test14...
check_consistency
Testing test15...
check_consistency

               The current test15 result is inconsistent with the previous test15 result.
               Previous Result: ('test15', ~PassedTest)
               Current Result: ('UndefinedTest', ~FailedTest)
               
break for test inconsistency
Model Test Finished...
Previous Explanatory Power: 0.0526
Current Explanatory Power: 0.0
Exiting ModelTester

                        New Observations:
                        [('UndefinedTest', ~FailedTest), ('UndefinedTest', ~FailedTest), ('UndefinedTest', ~FailedTest), ('UndefinedTest', ~FailedTest), ('UndefinedTest', ~FailedTest), ('UndefinedTest', ~FailedTest), ('UndefinedTest', ~FailedTest), ('UndefinedTest', ~FailedTest), ('UndefinedTest', ~FailedTest), ('UndefinedTest', ~FailedTest), ('UndefinedTest', ~FailedTest), ('UndefinedTest', ~FailedTest), ('UndefinedTest', ~FailedTest), ('UndefinedTest', ~FailedTest), ('UndefinedTest', ~FailedTest), ('UndefinedTest', ~FailedTest), ('UndefinedTest', ~FailedTest), ('UndefinedTest', ~FailedTest), ('UndefinedTest', ~FailedTest)]
                        Behavior Type:
                        Behavior.Worsened
                        

                        Testing Hypothesis 31.
                        Hypothesis: ('return k.a', 22, 0)
                        
Init HyphotesisTester
Init ModelTester
Entering ModelTester
Starting Model Testing...
Testing test1...
check_consistency
Testing test2...
check_consistency
Testing test3...
check_consistency
Testing test4...
check_consistency
Testing test5...
check_consistency
Testing test6...
check_consistency
Testing test7...
check_consistency
Testing test8...
check_consistency
Testing test9...
check_consistency
Testing test10...
check_consistency
Testing test11...
check_consistency
Testing test12...
check_consistency
Testing test13...
check_consistency
Testing test14...
check_consistency
Testing test15...
check_consistency

               The current test15 result is inconsistent with the previous test15 result.
               Previous Result: ('test15', ~PassedTest)
               Current Result: ('UndefinedTest', ~FailedTest)
               
break for test inconsistency
Model Test Finished...
Previous Explanatory Power: 0.0526
Current Explanatory Power: 0.0
Exiting ModelTester

                        New Observations:
                        [('UndefinedTest', ~FailedTest), ('UndefinedTest', ~FailedTest), ('UndefinedTest', ~FailedTest), ('UndefinedTest', ~FailedTest), ('UndefinedTest', ~FailedTest), ('UndefinedTest', ~FailedTest), ('UndefinedTest', ~FailedTest), ('UndefinedTest', ~FailedTest), ('UndefinedTest', ~FailedTest), ('UndefinedTest', ~FailedTest), ('UndefinedTest', ~FailedTest), ('UndefinedTest', ~FailedTest), ('UndefinedTest', ~FailedTest), ('UndefinedTest', ~FailedTest), ('UndefinedTest', ~FailedTest), ('UndefinedTest', ~FailedTest), ('UndefinedTest', ~FailedTest), ('UndefinedTest', ~FailedTest), ('UndefinedTest', ~FailedTest)]
                        Behavior Type:
                        Behavior.Worsened
                        

                        Testing Hypothesis 32.
                        Hypothesis: ('return N.a', 22, 0)
                        
Init HyphotesisTester
Init ModelTester
Entering ModelTester
Starting Model Testing...
Testing test1...
check_consistency
Testing test2...
check_consistency
Testing test3...
check_consistency
Testing test4...
check_consistency
Testing test5...
check_consistency
Testing test6...
check_consistency
Testing test7...
check_consistency
Testing test8...
check_consistency
Testing test9...
check_consistency
Testing test10...
check_consistency
Testing test11...
check_consistency
Testing test12...
check_consistency
Testing test13...
check_consistency
Testing test14...
check_consistency
Testing test15...
check_consistency

               The current test15 result is inconsistent with the previous test15 result.
               Previous Result: ('test15', ~PassedTest)
               Current Result: ('UndefinedTest', ~FailedTest)
               
break for test inconsistency
Model Test Finished...
Previous Explanatory Power: 0.0526
Current Explanatory Power: 0.0
Exiting ModelTester

                        New Observations:
                        [('UndefinedTest', ~FailedTest), ('UndefinedTest', ~FailedTest), ('UndefinedTest', ~FailedTest), ('UndefinedTest', ~FailedTest), ('UndefinedTest', ~FailedTest), ('UndefinedTest', ~FailedTest), ('UndefinedTest', ~FailedTest), ('UndefinedTest', ~FailedTest), ('UndefinedTest', ~FailedTest), ('UndefinedTest', ~FailedTest), ('UndefinedTest', ~FailedTest), ('UndefinedTest', ~FailedTest), ('UndefinedTest', ~FailedTest), ('UndefinedTest', ~FailedTest), ('UndefinedTest', ~FailedTest), ('UndefinedTest', ~FailedTest), ('UndefinedTest', ~FailedTest), ('UndefinedTest', ~FailedTest), ('UndefinedTest', ~FailedTest)]
                        Behavior Type:
                        Behavior.Worsened
                        

                        Testing Hypothesis 33.
                        Hypothesis: ('return dire.a', 22, 0)
                        
Init HyphotesisTester
Init ModelTester
Entering ModelTester
Starting Model Testing...
Testing test1...
check_consistency
Testing test2...
check_consistency
Testing test3...
check_consistency
Testing test4...
check_consistency
Testing test5...
check_consistency
Testing test6...
check_consistency
Testing test7...
check_consistency
Testing test8...
check_consistency
Testing test9...
check_consistency
Testing test10...
check_consistency
Testing test11...
check_consistency
Testing test12...
check_consistency
Testing test13...
check_consistency
Testing test14...
check_consistency
Testing test15...
check_consistency

               The current test15 result is inconsistent with the previous test15 result.
               Previous Result: ('test15', ~PassedTest)
               Current Result: ('UndefinedTest', ~FailedTest)
               
break for test inconsistency
Model Test Finished...
Previous Explanatory Power: 0.0526
Current Explanatory Power: 0.0
Exiting ModelTester
Testing test15...

test_result == expected_output
[1, 2, 3, 4, 5, 6, 7, 8, 9, 10, 11, 12, 13, 14, 15, 16] == [1, 2, 3, 4, 5, 6, 7, 8, 9, 10, 11, 12, 13, 14, 15, 16]?

Testing test16...

test_result == expected_output
[1, 2, 3, 4, 5, 6, 7, 8, 20, 10, 11, 12, 13, 14, 15, 16] == [1, 2, 3, 4, 5, 6, 7, 8, 10, 12, 11, 16, 13, 14, 15, 20]?

check_consistency
Testing test17...

test_result == expected_output
[1, 2, 3, 4, 5, 6, 7, 8, 20, 10, 11, 12, 13, 14, 15, 16] == [1, 2, 3, 4, 5, 6, 7, 8, 10, 12, 11, 16, 13, 14, 15, 20]?

check_consistency
Testing test18...

test_result == expected_output
[1457, 22, 44, 33, 77, 55, 54, 78, 88, 35, 21, 0, 89, 74, 90, 1455, 1457, 22, 44, 33, 77, 55, 54, 78, 88, 35, 21, 0, 89, 74, 90, 1455] == [0, 21, 33, 78, 54, 77, 55, 1455, 22, 44, 35, 88, 74, 89, 90, 1457, 0, 21, 33, 78, 54, 77, 55, 1455, 22, 44, 35, 88, 74, 89, 90, 1457]?

check_consistency
Testing test19...

test_result == expected_output
[1457, 22, 44, 33, 77, 55, 54, 78, 88, 35, 21, 0, 89, 74, 90, 1455, 1457, 22, 44, 33, 77, 55, 54, 78, 88, 35, 21, 0, 89, 74, 90, 1455] == [0, 21, 33, 78, 54, 77, 55, 1455, 22, 44, 35, 88, 74, 89, 90, 1457, 0, 21, 33, 78, 54, 77, 55, 1455, 22, 44, 35, 88, 74, 89, 90, 1457]?

check_consistency
Model Test Finished...
Previous Explanatory Power: 0.0526
Current Explanatory Power: 0.0526
Exiting ModelTester

New Observations:
[('test1', ~FailedTest), ('test2', ~FailedTest), ('test3', ~FailedTest), ('test4', ~FailedTest), ('test5', ~FailedTest), ('test6', ~FailedTest), ('test7', ~FailedTest), ('test8', ~FailedTest), ('test9', ~FailedTest), ('test10', ~FailedTest), ('test11', ~FailedTest), ('test12', ~FailedTest), ('test13', ~FailedTest), ('test14', ~FailedTest), ('test15', ~PassedTest), ('test16', ~FailedTest), ('test17', ~FailedTest), ('test18', ~FailedTest), ('test19', ~FailedTest)]
Behavior Type:
Behavior.Same


Testing Hypothesis 30.
Hypothesis: ('return bitonicSort.a', 22, 0)

Init HyphotesisTester
Init ModelTester
Entering ModelTester
Starting Model Testing...
Testing test1...
check_consistency
Testing test2...
check_consistency
Testing test3...
check_consistency
Testing test4...
check_consistency
Testing test5...
check_consistency
Testing test6...
check_consistency
Testing test7...
check_consistency
Testing test8...
check_consistency
Testing test9...
check_consistency
Testing test10...
check_consistency
Testing test11...
check_consistency
Testing test12...
check_consistency
Testing test13...
check_consistency
Testing test14...
check_consistency
Testing test15...
check_consistency

The current test15 result is inconsistent with the previous test15 result.
Previous Result: ('test15', ~PassedTest)
Current Result: ('UndefinedTest', ~FailedTest)

break for test inconsistency
Model Test Finished...
Previous Explanatory Power: 0.0526
Current Explanatory Power: 0.0
Exiting ModelTester

New Observations:
[('UndefinedTest', ~FailedTest), ('UndefinedTest', ~FailedTest), ('UndefinedTest', ~FailedTest), ('UndefinedTest', ~FailedTest), ('UndefinedTest', ~FailedTest), ('UndefinedTest', ~FailedTest), ('UndefinedTest', ~FailedTest), ('UndefinedTest', ~FailedTest), ('UndefinedTest', ~FailedTest), ('UndefinedTest', ~FailedTest), ('UndefinedTest', ~FailedTest), ('UndefinedTest', ~FailedTest), ('UndefinedTest', ~FailedTest), ('UndefinedTest', ~FailedTest), ('UndefinedTest', ~FailedTest), ('UndefinedTest', ~FailedTest), ('UndefinedTest', ~FailedTest), ('UndefinedTest', ~FailedTest), ('UndefinedTest', ~FailedTest)]
Behavior Type:
Behavior.Worsened


Testing Hypothesis 31.
Hypothesis: ('return k.a', 22, 0)

Init HyphotesisTester
Init ModelTester
Entering ModelTester
Starting Model Testing...
Testing test1...
check_consistency
Testing test2...
check_consistency
Testing test3...
check_consistency
Testing test4...
check_consistency
Testing test5...
check_consistency
Testing test6...
check_consistency
Testing test7...
check_consistency
Testing test8...
check_consistency
Testing test9...
check_consistency
Testing test10...
check_consistency
Testing test11...
check_consistency
Testing test12...
check_consistency
Testing test13...
check_consistency
Testing test14...
check_consistency
Testing test15...
check_consistency

The current test15 result is inconsistent with the previous test15 result.
Previous Result: ('test15', ~PassedTest)
Current Result: ('UndefinedTest', ~FailedTest)

break for test inconsistency
Model Test Finished...
Previous Explanatory Power: 0.0526
Current Explanatory Power: 0.0
Exiting ModelTester

New Observations:
[('UndefinedTest', ~FailedTest), ('UndefinedTest', ~FailedTest), ('UndefinedTest', ~FailedTest), ('UndefinedTest', ~FailedTest), ('UndefinedTest', ~FailedTest), ('UndefinedTest', ~FailedTest), ('UndefinedTest', ~FailedTest), ('UndefinedTest', ~FailedTest), ('UndefinedTest', ~FailedTest), ('UndefinedTest', ~FailedTest), ('UndefinedTest', ~FailedTest), ('UndefinedTest', ~FailedTest), ('UndefinedTest', ~FailedTest), ('UndefinedTest', ~FailedTest), ('UndefinedTest', ~FailedTest), ('UndefinedTest', ~FailedTest), ('UndefinedTest', ~FailedTest), ('UndefinedTest', ~FailedTest), ('UndefinedTest', ~FailedTest)]
Behavior Type:
Behavior.Worsened


Testing Hypothesis 32.
Hypothesis: ('return N.a', 22, 0)

Init HyphotesisTester
Init ModelTester
Entering ModelTester
Starting Model Testing...
Testing test1...
check_consistency
Testing test2...
check_consistency
Testing test3...
check_consistency
Testing test4...
check_consistency
Testing test5...
check_consistency
Testing test6...
check_consistency
Testing test7...
check_consistency
Testing test8...
check_consistency
Testing test9...
check_consistency
Testing test10...
check_consistency
Testing test11...
check_consistency
Testing test12...
check_consistency
Testing test13...
check_consistency
Testing test14...
check_consistency
Testing test15...
check_consistency

The current test15 result is inconsistent with the previous test15 result.
Previous Result: ('test15', ~PassedTest)
Current Result: ('UndefinedTest', ~FailedTest)

break for test inconsistency
Model Test Finished...
Previous Explanatory Power: 0.0526
Current Explanatory Power: 0.0
Exiting ModelTester

New Observations:
[('UndefinedTest', ~FailedTest), ('UndefinedTest', ~FailedTest), ('UndefinedTest', ~FailedTest), ('UndefinedTest', ~FailedTest), ('UndefinedTest', ~FailedTest), ('UndefinedTest', ~FailedTest), ('UndefinedTest', ~FailedTest), ('UndefinedTest', ~FailedTest), ('UndefinedTest', ~FailedTest), ('UndefinedTest', ~FailedTest), ('UndefinedTest', ~FailedTest), ('UndefinedTest', ~FailedTest), ('UndefinedTest', ~FailedTest), ('UndefinedTest', ~FailedTest), ('UndefinedTest', ~FailedTest), ('UndefinedTest', ~FailedTest), ('UndefinedTest', ~FailedTest), ('UndefinedTest', ~FailedTest), ('UndefinedTest', ~FailedTest)]
Behavior Type:
Behavior.Worsened


Testing Hypothesis 33.
Hypothesis: ('return dire.a', 22, 0)

Init HyphotesisTester
Init ModelTester
Entering ModelTester
Starting Model Testing...
Testing test1...
check_consistency
Testing test2...
check_consistency
Testing test3...
check_consistency
Testing test4...
check_consistency
Testing test5...
check_consistency
Testing test6...
check_consistency
Testing test7...
check_consistency
Testing test8...
check_consistency
Testing test9...
check_consistency
Testing test10...
check_consistency
Testing test11...
check_consistency
Testing test12...
check_consistency
Testing test13...
check_consistency
Testing test14...
check_consistency
Testing test15...
check_consistency

The current test15 result is inconsistent with the previous test15 result.
Previous Result: ('test15', ~PassedTest)
Current Result: ('UndefinedTest', ~FailedTest)

break for test inconsistency
Model Test Finished...
Previous Explanatory Power: 0.0526
Current Explanatory Power: 0.0
Exiting ModelTester

                        New Observations:
                        [('UndefinedTest', ~FailedTest), ('UndefinedTest', ~FailedTest), ('UndefinedTest', ~FailedTest), ('UndefinedTest', ~FailedTest), ('UndefinedTest', ~FailedTest), ('UndefinedTest', ~FailedTest), ('UndefinedTest', ~FailedTest), ('UndefinedTest', ~FailedTest), ('UndefinedTest', ~FailedTest), ('UndefinedTest', ~FailedTest), ('UndefinedTest', ~FailedTest), ('UndefinedTest', ~FailedTest), ('UndefinedTest', ~FailedTest), ('UndefinedTest', ~FailedTest), ('UndefinedTest', ~FailedTest), ('UndefinedTest', ~FailedTest), ('UndefinedTest', ~FailedTest), ('UndefinedTest', ~FailedTest), ('UndefinedTest', ~FailedTest)]
                        Behavior Type:
                        Behavior.Worsened
                        

                        Testing Hypothesis 34.
                        Hypothesis: ('return j.a', 22, 0)
                        
Init HyphotesisTester
Init ModelTester
Entering ModelTester
Starting Model Testing...
Testing test1...
check_consistency
Testing test2...
check_consistency
Testing test3...
check_consistency
Testing test4...
check_consistency
Testing test5...
check_consistency
Testing test6...
check_consistency
Testing test7...
check_consistency
Testing test8...
check_consistency
Testing test9...
check_consistency
Testing test10...
check_consistency
Testing test11...
check_consistency
Testing test12...
check_consistency
Testing test13...
check_consistency
Testing test14...
check_consistency
Testing test15...
check_consistency

               The current test15 result is inconsistent with the previous test15 result.
               Previous Result: ('test15', ~PassedTest)
               Current Result: ('UndefinedTest', ~FailedTest)
               
break for test inconsistency
Model Test Finished...
Previous Explanatory Power: 0.0526
Current Explanatory Power: 0.0
Exiting ModelTester

                        New Observations:
                        [('UndefinedTest', ~FailedTest), ('UndefinedTest', ~FailedTest), ('UndefinedTest', ~FailedTest), ('UndefinedTest', ~FailedTest), ('UndefinedTest', ~FailedTest), ('UndefinedTest', ~FailedTest), ('UndefinedTest', ~FailedTest), ('UndefinedTest', ~FailedTest), ('UndefinedTest', ~FailedTest), ('UndefinedTest', ~FailedTest), ('UndefinedTest', ~FailedTest), ('UndefinedTest', ~FailedTest), ('UndefinedTest', ~FailedTest), ('UndefinedTest', ~FailedTest), ('UndefinedTest', ~FailedTest), ('UndefinedTest', ~FailedTest), ('UndefinedTest', ~FailedTest), ('UndefinedTest', ~FailedTest), ('UndefinedTest', ~FailedTest)]
                        Behavior Type:
                        Behavior.Worsened
                        

                        Testing Hypothesis 35.
                        Hypothesis: ('return result.a', 22, 0)
                        
Init HyphotesisTester
Init ModelTester
Entering ModelTester
Starting Model Testing...
Testing test1...
check_consistency
Testing test2...
check_consistency
Testing test3...
check_consistency
Testing test4...
check_consistency
Testing test5...
check_consistency
Testing test6...
check_consistency
Testing test7...
check_consistency
Testing test8...
check_consistency
Testing test9...
check_consistency
Testing test10...
check_consistency
Testing test11...
check_consistency
Testing test12...
check_consistency
Testing test13...
check_consistency
Testing test14...
check_consistency
Testing test15...
check_consistency

               The current test15 result is inconsistent with the previous test15 result.
               Previous Result: ('test15', ~PassedTest)
               Current Result: ('UndefinedTest', ~FailedTest)
               
break for test inconsistency
Model Test Finished...
Previous Explanatory Power: 0.0526
Current Explanatory Power: 0.0
Exiting ModelTester

                        New Observations:
                        [('UndefinedTest', ~FailedTest), ('UndefinedTest', ~FailedTest), ('UndefinedTest', ~FailedTest), ('UndefinedTest', ~FailedTest), ('UndefinedTest', ~FailedTest), ('UndefinedTest', ~FailedTest), ('UndefinedTest', ~FailedTest), ('UndefinedTest', ~FailedTest), ('UndefinedTest', ~FailedTest), ('UndefinedTest', ~FailedTest), ('UndefinedTest', ~FailedTest), ('UndefinedTest', ~FailedTest), ('UndefinedTest', ~FailedTest), ('UndefinedTest', ~FailedTest), ('UndefinedTest', ~FailedTest), ('UndefinedTest', ~FailedTest), ('UndefinedTest', ~FailedTest), ('UndefinedTest', ~FailedTest), ('UndefinedTest', ~FailedTest)]
                        Behavior Type:
                        Behavior.Worsened
                        

                        Testing Hypothesis 36.
                        Hypothesis: ('return i.a', 22, 0)
                        
Init HyphotesisTester
Init ModelTester
Entering ModelTester
Starting Model Testing...
Testing test1...
check_consistency
Testing test2...
check_consistency
Testing test3...
check_consistency
Testing test4...
check_consistency
Testing test5...
check_consistency
Testing test6...
check_consistency
Testing test7...
check_consistency
Testing test8...
check_consistency
Testing test9...
check_consistency
Testing test10...
check_consistency
Testing test11...
check_consistency
Testing test12...
check_consistency
Testing test13...
check_consistency
Testing test14...
check_consistency
Testing test15...
check_consistency

               The current test15 result is inconsistent with the previous test15 result.
               Previous Result: ('test15', ~PassedTest)
               Current Result: ('UndefinedTest', ~FailedTest)
               
break for test inconsistency
Model Test Finished...
Previous Explanatory Power: 0.0526
Current Explanatory Power: 0.0
Exiting ModelTester

                        New Observations:
                        [('UndefinedTest', ~FailedTest), ('UndefinedTest', ~FailedTest), ('UndefinedTest', ~FailedTest), ('UndefinedTest', ~FailedTest), ('UndefinedTest', ~FailedTest), ('UndefinedTest', ~FailedTest), ('UndefinedTest', ~FailedTest), ('UndefinedTest', ~FailedTest), ('UndefinedTest', ~FailedTest), ('UndefinedTest', ~FailedTest), ('UndefinedTest', ~FailedTest), ('UndefinedTest', ~FailedTest), ('UndefinedTest', ~FailedTest), ('UndefinedTest', ~FailedTest), ('UndefinedTest', ~FailedTest), ('UndefinedTest', ~FailedTest), ('UndefinedTest', ~FailedTest), ('UndefinedTest', ~FailedTest), ('UndefinedTest', ~FailedTest)]
                        Behavior Type:
                        Behavior.Worsened
                        

                        Testing Hypothesis 37.
                        Hypothesis: ('return bitonicMerge.a', 22, 0)
                        
Init HyphotesisTester
Init ModelTester
Entering ModelTester
Starting Model Testing...
Testing test1...
check_consistency
Testing test2...
check_consistency
Testing test3...
check_consistency
Testing test4...
check_consistency
Testing test5...
check_consistency
Testing test6...
check_consistency
Testing test7...
check_consistency
Testing test8...
check_consistency
Testing test9...
check_consistency
Testing test10...
check_consistency
Testing test11...
check_consistency
Testing test12...
check_consistency
Testing test13...
check_consistency
Testing test14...
check_consistency
Testing test15...
check_consistency

               The current test15 result is inconsistent with the previous test15 result.
               Previous Result: ('test15', ~PassedTest)
               Current Result: ('UndefinedTest', ~FailedTest)
               
break for test inconsistency
Model Test Finished...
Previous Explanatory Power: 0.0526
Current Explanatory Power: 0.0
Exiting ModelTester

                        New Observations:
                        [('UndefinedTest', ~FailedTest), ('UndefinedTest', ~FailedTest), ('UndefinedTest', ~FailedTest), ('UndefinedTest', ~FailedTest), ('UndefinedTest', ~FailedTest), ('UndefinedTest', ~FailedTest), ('UndefinedTest', ~FailedTest), ('UndefinedTest', ~FailedTest), ('UndefinedTest', ~FailedTest), ('UndefinedTest', ~FailedTest), ('UndefinedTest', ~FailedTest), ('UndefinedTest', ~FailedTest), ('UndefinedTest', ~FailedTest), ('UndefinedTest', ~FailedTest), ('UndefinedTest', ~FailedTest), ('UndefinedTest', ~FailedTest), ('UndefinedTest', ~FailedTest), ('UndefinedTest', ~FailedTest), ('UndefinedTest', ~FailedTest)]
                        Behavior Type:
                        Behavior.Worsened
                        

                        Testing Hypothesis 38.
                        Hypothesis: ('return low.a', 22, 0)
                        
Init HyphotesisTester
Init ModelTester
Entering ModelTester
Starting Model Testing...
Testing test1...
check_consistency
Testing test2...
check_consistency
Testing test3...
check_consistency
Testing test4...
check_consistency
Testing test5...
check_consistency
Testing test6...
check_consistency
Testing test7...
check_consistency
Testing test8...
check_consistency
Testing test9...
check_consistency
Testing test10...
check_consistency
Testing test11...
check_consistency
Testing test12...
check_consistency
Testing test13...
check_consistency
Testing test14...
check_consistency
Testing test15...
check_consistency

               The current test15 result is inconsistent with the previous test15 result.
               Previous Result: ('test15', ~PassedTest)
               Current Result: ('UndefinedTest', ~FailedTest)
               
break for test inconsistency
Model Test Finished...
Previous Explanatory Power: 0.0526

New Observations:
[('UndefinedTest', ~FailedTest), ('UndefinedTest', ~FailedTest), ('UndefinedTest', ~FailedTest), ('UndefinedTest', ~FailedTest), ('UndefinedTest', ~FailedTest), ('UndefinedTest', ~FailedTest), ('UndefinedTest', ~FailedTest), ('UndefinedTest', ~FailedTest), ('UndefinedTest', ~FailedTest), ('UndefinedTest', ~FailedTest), ('UndefinedTest', ~FailedTest), ('UndefinedTest', ~FailedTest), ('UndefinedTest', ~FailedTest), ('UndefinedTest', ~FailedTest), ('UndefinedTest', ~FailedTest), ('UndefinedTest', ~FailedTest), ('UndefinedTest', ~FailedTest), ('UndefinedTest', ~FailedTest), ('UndefinedTest', ~FailedTest)]
Behavior Type:
Behavior.Worsened


Testing Hypothesis 34.
Hypothesis: ('return j.a', 22, 0)

Init HyphotesisTester
Init ModelTester
Entering ModelTester
Starting Model Testing...
Testing test1...
check_consistency
Testing test2...
check_consistency
Testing test3...
check_consistency
Testing test4...
check_consistency
Testing test5...
check_consistency
Testing test6...
check_consistency
Testing test7...
check_consistency
Testing test8...
check_consistency
Testing test9...
check_consistency
Testing test10...
check_consistency
Testing test11...
check_consistency
Testing test12...
check_consistency
Testing test13...
check_consistency
Testing test14...
check_consistency
Testing test15...
check_consistency

The current test15 result is inconsistent with the previous test15 result.
Previous Result: ('test15', ~PassedTest)
Current Result: ('UndefinedTest', ~FailedTest)

break for test inconsistency
Model Test Finished...
Previous Explanatory Power: 0.0526
Current Explanatory Power: 0.0
Exiting ModelTester

New Observations:
[('UndefinedTest', ~FailedTest), ('UndefinedTest', ~FailedTest), ('UndefinedTest', ~FailedTest), ('UndefinedTest', ~FailedTest), ('UndefinedTest', ~FailedTest), ('UndefinedTest', ~FailedTest), ('UndefinedTest', ~FailedTest), ('UndefinedTest', ~FailedTest), ('UndefinedTest', ~FailedTest), ('UndefinedTest', ~FailedTest), ('UndefinedTest', ~FailedTest), ('UndefinedTest', ~FailedTest), ('UndefinedTest', ~FailedTest), ('UndefinedTest', ~FailedTest), ('UndefinedTest', ~FailedTest), ('UndefinedTest', ~FailedTest), ('UndefinedTest', ~FailedTest), ('UndefinedTest', ~FailedTest), ('UndefinedTest', ~FailedTest)]
Behavior Type:
Behavior.Worsened


Testing Hypothesis 35.
Hypothesis: ('return result.a', 22, 0)

Init HyphotesisTester
Init ModelTester
Entering ModelTester
Starting Model Testing...
Testing test1...
check_consistency
Testing test2...
check_consistency
Testing test3...
check_consistency
Testing test4...
check_consistency
Testing test5...
check_consistency
Testing test6...
check_consistency
Testing test7...
check_consistency
Testing test8...
check_consistency
Testing test9...
check_consistency
Testing test10...
check_consistency
Testing test11...
check_consistency
Testing test12...
check_consistency
Testing test13...
check_consistency
Testing test14...
check_consistency
Testing test15...
check_consistency

The current test15 result is inconsistent with the previous test15 result.
Previous Result: ('test15', ~PassedTest)
Current Result: ('UndefinedTest', ~FailedTest)

break for test inconsistency
Model Test Finished...
Previous Explanatory Power: 0.0526
Current Explanatory Power: 0.0
Exiting ModelTester

New Observations:
[('UndefinedTest', ~FailedTest), ('UndefinedTest', ~FailedTest), ('UndefinedTest', ~FailedTest), ('UndefinedTest', ~FailedTest), ('UndefinedTest', ~FailedTest), ('UndefinedTest', ~FailedTest), ('UndefinedTest', ~FailedTest), ('UndefinedTest', ~FailedTest), ('UndefinedTest', ~FailedTest), ('UndefinedTest', ~FailedTest), ('UndefinedTest', ~FailedTest), ('UndefinedTest', ~FailedTest), ('UndefinedTest', ~FailedTest), ('UndefinedTest', ~FailedTest), ('UndefinedTest', ~FailedTest), ('UndefinedTest', ~FailedTest), ('UndefinedTest', ~FailedTest), ('UndefinedTest', ~FailedTest), ('UndefinedTest', ~FailedTest)]
Behavior Type:
Behavior.Worsened


Testing Hypothesis 36.
Hypothesis: ('return i.a', 22, 0)

Init HyphotesisTester
Init ModelTester
Entering ModelTester
Starting Model Testing...
Testing test1...
check_consistency
Testing test2...
check_consistency
Testing test3...
check_consistency
Testing test4...
check_consistency
Testing test5...
check_consistency
Testing test6...
check_consistency
Testing test7...
check_consistency
Testing test8...
check_consistency
Testing test9...
check_consistency
Testing test10...
check_consistency
Testing test11...
check_consistency
Testing test12...
check_consistency
Testing test13...
check_consistency
Testing test14...
check_consistency
Testing test15...
check_consistency

The current test15 result is inconsistent with the previous test15 result.
Previous Result: ('test15', ~PassedTest)
Current Result: ('UndefinedTest', ~FailedTest)

break for test inconsistency
Model Test Finished...
Previous Explanatory Power: 0.0526
Current Explanatory Power: 0.0
Exiting ModelTester

New Observations:
[('UndefinedTest', ~FailedTest), ('UndefinedTest', ~FailedTest), ('UndefinedTest', ~FailedTest), ('UndefinedTest', ~FailedTest), ('UndefinedTest', ~FailedTest), ('UndefinedTest', ~FailedTest), ('UndefinedTest', ~FailedTest), ('UndefinedTest', ~FailedTest), ('UndefinedTest', ~FailedTest), ('UndefinedTest', ~FailedTest), ('UndefinedTest', ~FailedTest), ('UndefinedTest', ~FailedTest), ('UndefinedTest', ~FailedTest), ('UndefinedTest', ~FailedTest), ('UndefinedTest', ~FailedTest), ('UndefinedTest', ~FailedTest), ('UndefinedTest', ~FailedTest), ('UndefinedTest', ~FailedTest), ('UndefinedTest', ~FailedTest)]
Behavior Type:
Behavior.Worsened


Testing Hypothesis 37.
Hypothesis: ('return bitonicMerge.a', 22, 0)

Init HyphotesisTester
Init ModelTester
Entering ModelTester
Starting Model Testing...
Testing test1...
check_consistency
Testing test2...
check_consistency
Testing test3...
check_consistency
Testing test4...
check_consistency
Testing test5...
check_consistency
Testing test6...
check_consistency
Testing test7...
check_consistency
Testing test8...
check_consistency
Testing test9...
check_consistency
Testing test10...
check_consistency
Testing test11...
check_consistency
Testing test12...
check_consistency
Testing test13...
check_consistency
Testing test14...
check_consistency
Testing test15...
check_consistency

The current test15 result is inconsistent with the previous test15 result.
Previous Result: ('test15', ~PassedTest)
Current Result: ('UndefinedTest', ~FailedTest)

break for test inconsistency
Model Test Finished...
Previous Explanatory Power: 0.0526
Current Explanatory Power: 0.0
Exiting ModelTester

New Observations:
[('UndefinedTest', ~FailedTest), ('UndefinedTest', ~FailedTest), ('UndefinedTest', ~FailedTest), ('UndefinedTest', ~FailedTest), ('UndefinedTest', ~FailedTest), ('UndefinedTest', ~FailedTest), ('UndefinedTest', ~FailedTest), ('UndefinedTest', ~FailedTest), ('UndefinedTest', ~FailedTest), ('UndefinedTest', ~FailedTest), ('UndefinedTest', ~FailedTest), ('UndefinedTest', ~FailedTest), ('UndefinedTest', ~FailedTest), ('UndefinedTest', ~FailedTest), ('UndefinedTest', ~FailedTest), ('UndefinedTest', ~FailedTest), ('UndefinedTest', ~FailedTest), ('UndefinedTest', ~FailedTest), ('UndefinedTest', ~FailedTest)]
Behavior Type:
Behavior.Worsened


Testing Hypothesis 38.
Hypothesis: ('return low.a', 22, 0)

Init HyphotesisTester
Init ModelTester
Entering ModelTester
Starting Model Testing...
Testing test1...
check_consistency
Testing test2...
check_consistency
Testing test3...
check_consistency
Testing test4...
check_consistency
Testing test5...
check_consistency
Testing test6...
check_consistency
Testing test7...
check_consistency
Testing test8...
check_consistency
Testing test9...
check_consistency
Testing test10...
check_consistency
Testing test11...
check_consistency
Testing test12...
check_consistency
Testing test13...
check_consistency
Testing test14...
check_consistency
Testing test15...
check_consistency

The current test15 result is inconsistent with the previous test15 result.
Previous Result: ('test15', ~PassedTest)
Current Result: ('UndefinedTest', ~FailedTest)

break for test inconsistency
Model Test Finished...
Previous Explanatory Power: 0.0526
Current Explanatory Power: 0.0
Exiting ModelTester

                        New Observations:
                        [('UndefinedTest', ~FailedTest), ('UndefinedTest', ~FailedTest), ('UndefinedTest', ~FailedTest), ('UndefinedTest', ~FailedTest), ('UndefinedTest', ~FailedTest), ('UndefinedTest', ~FailedTest), ('UndefinedTest', ~FailedTest), ('UndefinedTest', ~FailedTest), ('UndefinedTest', ~FailedTest), ('UndefinedTest', ~FailedTest), ('UndefinedTest', ~FailedTest), ('UndefinedTest', ~FailedTest), ('UndefinedTest', ~FailedTest), ('UndefinedTest', ~FailedTest), ('UndefinedTest', ~FailedTest), ('UndefinedTest', ~FailedTest), ('UndefinedTest', ~FailedTest), ('UndefinedTest', ~FailedTest), ('UndefinedTest', ~FailedTest)]
                        Behavior Type:
                        Behavior.Worsened
                        

                        Testing Hypothesis 39.
                        Hypothesis: ('return meta.a', 22, 0)
                        
Init HyphotesisTester
Init ModelTester
Entering ModelTester
Starting Model Testing...
Testing test1...
check_consistency
Testing test2...
check_consistency
Testing test3...
check_consistency
Testing test4...
check_consistency
Testing test5...
check_consistency
Testing test6...
check_consistency
Testing test7...
check_consistency
Testing test8...
check_consistency
Testing test9...
check_consistency
Testing test10...
check_consistency
Testing test11...
check_consistency
Testing test12...
check_consistency
Testing test13...
check_consistency
Testing test14...
check_consistency
Testing test15...
check_consistency

               The current test15 result is inconsistent with the previous test15 result.
               Previous Result: ('test15', ~PassedTest)
               Current Result: ('UndefinedTest', ~FailedTest)
               
break for test inconsistency
Model Test Finished...
Previous Explanatory Power: 0.0526
Current Explanatory Power: 0.0
Exiting ModelTester

                        New Observations:
                        [('UndefinedTest', ~FailedTest), ('UndefinedTest', ~FailedTest), ('UndefinedTest', ~FailedTest), ('UndefinedTest', ~FailedTest), ('UndefinedTest', ~FailedTest), ('UndefinedTest', ~FailedTest), ('UndefinedTest', ~FailedTest), ('UndefinedTest', ~FailedTest), ('UndefinedTest', ~FailedTest), ('UndefinedTest', ~FailedTest), ('UndefinedTest', ~FailedTest), ('UndefinedTest', ~FailedTest), ('UndefinedTest', ~FailedTest), ('UndefinedTest', ~FailedTest), ('UndefinedTest', ~FailedTest), ('UndefinedTest', ~FailedTest), ('UndefinedTest', ~FailedTest), ('UndefinedTest', ~FailedTest), ('UndefinedTest', ~FailedTest)]
                        Behavior Type:
                        Behavior.Worsened
                        

                        Testing Hypothesis 40.
                        Hypothesis: ('return cnt.a', 22, 0)
                        
Init HyphotesisTester
Init ModelTester
Entering ModelTester
Starting Model Testing...
Testing test1...
check_consistency
Testing test2...
check_consistency
Testing test3...
check_consistency
Testing test4...
check_consistency
Testing test5...
check_consistency
Testing test6...
check_consistency
Testing test7...
check_consistency
Testing test8...
check_consistency
Testing test9...
check_consistency
Testing test10...
check_consistency
Testing test11...
check_consistency
Testing test12...
check_consistency
Testing test13...
check_consistency
Testing test14...
check_consistency
Testing test15...
check_consistency

               The current test15 result is inconsistent with the previous test15 result.
               Previous Result: ('test15', ~PassedTest)
               Current Result: ('UndefinedTest', ~FailedTest)
               
break for test inconsistency
Model Test Finished...
Previous Explanatory Power: 0.0526
Current Explanatory Power: 0.0
Exiting ModelTester

                        New Observations:
                        [('UndefinedTest', ~FailedTest), ('UndefinedTest', ~FailedTest), ('UndefinedTest', ~FailedTest), ('UndefinedTest', ~FailedTest), ('UndefinedTest', ~FailedTest), ('UndefinedTest', ~FailedTest), ('UndefinedTest', ~FailedTest), ('UndefinedTest', ~FailedTest), ('UndefinedTest', ~FailedTest), ('UndefinedTest', ~FailedTest), ('UndefinedTest', ~FailedTest), ('UndefinedTest', ~FailedTest), ('UndefinedTest', ~FailedTest), ('UndefinedTest', ~FailedTest), ('UndefinedTest', ~FailedTest), ('UndefinedTest', ~FailedTest), ('UndefinedTest', ~FailedTest), ('UndefinedTest', ~FailedTest), ('UndefinedTest', ~FailedTest)]
                        Behavior Type:
                        Behavior.Worsened
                        

                        Testing Hypothesis 41.
                        Hypothesis: ('return a.a', 22, 0)
                        
Init HyphotesisTester
Init ModelTester
Entering ModelTester
Starting Model Testing...
Testing test1...
check_consistency
Testing test2...
check_consistency
Testing test3...
check_consistency
Testing test4...
check_consistency
Testing test5...
check_consistency
Testing test6...
check_consistency
Testing test7...
check_consistency
Testing test8...
check_consistency
Testing test9...
check_consistency
Testing test10...
check_consistency
Testing test11...
check_consistency
Testing test12...
check_consistency
Testing test13...
check_consistency
Testing test14...
check_consistency
Testing test15...
check_consistency

               The current test15 result is inconsistent with the previous test15 result.
               Previous Result: ('test15', ~PassedTest)
               Current Result: ('UndefinedTest', ~FailedTest)
               
break for test inconsistency
Model Test Finished...
Previous Explanatory Power: 0.0526
Current Explanatory Power: 0.0
Exiting ModelTester

                        New Observations:
                        [('UndefinedTest', ~FailedTest), ('UndefinedTest', ~FailedTest), ('UndefinedTest', ~FailedTest), ('UndefinedTest', ~FailedTest), ('UndefinedTest', ~FailedTest), ('UndefinedTest', ~FailedTest), ('UndefinedTest', ~FailedTest), ('UndefinedTest', ~FailedTest), ('UndefinedTest', ~FailedTest), ('UndefinedTest', ~FailedTest), ('UndefinedTest', ~FailedTest), ('UndefinedTest', ~FailedTest), ('UndefinedTest', ~FailedTest), ('UndefinedTest', ~FailedTest), ('UndefinedTest', ~FailedTest), ('UndefinedTest', ~FailedTest), ('UndefinedTest', ~FailedTest), ('UndefinedTest', ~FailedTest), ('UndefinedTest', ~FailedTest)]
                        Behavior Type:
                        Behavior.Worsened
                        

                        Testing Hypothesis 42.
                        Hypothesis: ('return up.a', 22, 0)
                        
Init HyphotesisTester
Init ModelTester
Entering ModelTester
Starting Model Testing...
Testing test1...
check_consistency
Testing test2...
check_consistency
Testing test3...
check_consistency
Testing test4...
check_consistency
Testing test5...
check_consistency
Testing test6...
check_consistency
Testing test7...
check_consistency
Testing test8...
check_consistency
Testing test9...
check_consistency
Testing test10...
check_consistency
Testing test11...
check_consistency
Testing test12...
check_consistency
Testing test13...
check_consistency
Testing test14...
check_consistency
Testing test15...
check_consistency

               The current test15 result is inconsistent with the previous test15 result.
               Previous Result: ('test15', ~PassedTest)
               Current Result: ('UndefinedTest', ~FailedTest)
               
break for test inconsistency
Model Test Finished...
Previous Explanatory Power: 0.0526
Current Explanatory Power: 0.0
Exiting ModelTester

                        New Observations:
                        [('UndefinedTest', ~FailedTest), ('UndefinedTest', ~FailedTest), ('UndefinedTest', ~FailedTest), ('UndefinedTest', ~FailedTest), ('UndefinedTest', ~FailedTest), ('UndefinedTest', ~FailedTest), ('UndefinedTest', ~FailedTest), ('UndefinedTest', ~FailedTest), ('UndefinedTest', ~FailedTest), ('UndefinedTest', ~FailedTest), ('UndefinedTest', ~FailedTest), ('UndefinedTest', ~FailedTest), ('UndefinedTest', ~FailedTest), ('UndefinedTest', ~FailedTest), ('UndefinedTest', ~FailedTest), ('UndefinedTest', ~FailedTest), ('UndefinedTest', ~FailedTest), ('UndefinedTest', ~FailedTest), ('UndefinedTest', ~FailedTest)]
                        Behavior Type:
                        Behavior.Worsened
                        

                        Testing Hypothesis 43.
                        Hypothesis: ('return compAndSwap.a', 22, 0)
                        
Init HyphotesisTester
Init ModelTester
Entering ModelTester
Starting Model Testing...
Testing test1...
check_consistency
Testing test2...
check_consistency
Testing test3...
check_consistency
Testing test4...
check_consistency
Testing test5...
check_consistency
Testing test6...
check_consistency
Testing test7...
check_consistency
Testing test8...
check_consistency
Testing test9...
check_consistency
Testing test10...
check_consistency
Testing test11...
check_consistency
Testing test12...
check_consistency
Testing test13...
check_consistency
Testing test14...
check_consistency
Testing test15...
check_consistency

               The current test15 result is inconsistent with the previous test15 result.
               Previous Result: ('test15', ~PassedTest)
               Current Result: ('UndefinedTest', ~FailedTest)
               
break for test inconsistency
Model Test Finished...
Current Explanatory Power: 0.0
Exiting ModelTester

New Observations:
[('UndefinedTest', ~FailedTest), ('UndefinedTest', ~FailedTest), ('UndefinedTest', ~FailedTest), ('UndefinedTest', ~FailedTest), ('UndefinedTest', ~FailedTest), ('UndefinedTest', ~FailedTest), ('UndefinedTest', ~FailedTest), ('UndefinedTest', ~FailedTest), ('UndefinedTest', ~FailedTest), ('UndefinedTest', ~FailedTest), ('UndefinedTest', ~FailedTest), ('UndefinedTest', ~FailedTest), ('UndefinedTest', ~FailedTest), ('UndefinedTest', ~FailedTest), ('UndefinedTest', ~FailedTest), ('UndefinedTest', ~FailedTest), ('UndefinedTest', ~FailedTest), ('UndefinedTest', ~FailedTest), ('UndefinedTest', ~FailedTest)]
Behavior Type:
Behavior.Worsened


Testing Hypothesis 39.
Hypothesis: ('return meta.a', 22, 0)

Init HyphotesisTester
Init ModelTester
Entering ModelTester
Starting Model Testing...
Testing test1...
check_consistency
Testing test2...
check_consistency
Testing test3...
check_consistency
Testing test4...
check_consistency
Testing test5...
check_consistency
Testing test6...
check_consistency
Testing test7...
check_consistency
Testing test8...
check_consistency
Testing test9...
check_consistency
Testing test10...
check_consistency
Testing test11...
check_consistency
Testing test12...
check_consistency
Testing test13...
check_consistency
Testing test14...
check_consistency
Testing test15...
check_consistency

The current test15 result is inconsistent with the previous test15 result.
Previous Result: ('test15', ~PassedTest)
Current Result: ('UndefinedTest', ~FailedTest)

break for test inconsistency
Model Test Finished...
Previous Explanatory Power: 0.0526
Current Explanatory Power: 0.0
Exiting ModelTester

New Observations:
[('UndefinedTest', ~FailedTest), ('UndefinedTest', ~FailedTest), ('UndefinedTest', ~FailedTest), ('UndefinedTest', ~FailedTest), ('UndefinedTest', ~FailedTest), ('UndefinedTest', ~FailedTest), ('UndefinedTest', ~FailedTest), ('UndefinedTest', ~FailedTest), ('UndefinedTest', ~FailedTest), ('UndefinedTest', ~FailedTest), ('UndefinedTest', ~FailedTest), ('UndefinedTest', ~FailedTest), ('UndefinedTest', ~FailedTest), ('UndefinedTest', ~FailedTest), ('UndefinedTest', ~FailedTest), ('UndefinedTest', ~FailedTest), ('UndefinedTest', ~FailedTest), ('UndefinedTest', ~FailedTest), ('UndefinedTest', ~FailedTest)]
Behavior Type:
Behavior.Worsened


Testing Hypothesis 40.
Hypothesis: ('return cnt.a', 22, 0)

Init HyphotesisTester
Init ModelTester
Entering ModelTester
Starting Model Testing...
Testing test1...
check_consistency
Testing test2...
check_consistency
Testing test3...
check_consistency
Testing test4...
check_consistency
Testing test5...
check_consistency
Testing test6...
check_consistency
Testing test7...
check_consistency
Testing test8...
check_consistency
Testing test9...
check_consistency
Testing test10...
check_consistency
Testing test11...
check_consistency
Testing test12...
check_consistency
Testing test13...
check_consistency
Testing test14...
check_consistency
Testing test15...
check_consistency

The current test15 result is inconsistent with the previous test15 result.
Previous Result: ('test15', ~PassedTest)
Current Result: ('UndefinedTest', ~FailedTest)

break for test inconsistency
Model Test Finished...
Previous Explanatory Power: 0.0526
Current Explanatory Power: 0.0
Exiting ModelTester

New Observations:
[('UndefinedTest', ~FailedTest), ('UndefinedTest', ~FailedTest), ('UndefinedTest', ~FailedTest), ('UndefinedTest', ~FailedTest), ('UndefinedTest', ~FailedTest), ('UndefinedTest', ~FailedTest), ('UndefinedTest', ~FailedTest), ('UndefinedTest', ~FailedTest), ('UndefinedTest', ~FailedTest), ('UndefinedTest', ~FailedTest), ('UndefinedTest', ~FailedTest), ('UndefinedTest', ~FailedTest), ('UndefinedTest', ~FailedTest), ('UndefinedTest', ~FailedTest), ('UndefinedTest', ~FailedTest), ('UndefinedTest', ~FailedTest), ('UndefinedTest', ~FailedTest), ('UndefinedTest', ~FailedTest), ('UndefinedTest', ~FailedTest)]
Behavior Type:
Behavior.Worsened


Testing Hypothesis 41.
Hypothesis: ('return a.a', 22, 0)

Init HyphotesisTester
Init ModelTester
Entering ModelTester
Starting Model Testing...
Testing test1...
check_consistency
Testing test2...
check_consistency
Testing test3...
check_consistency
Testing test4...
check_consistency
Testing test5...
check_consistency
Testing test6...
check_consistency
Testing test7...
check_consistency
Testing test8...
check_consistency
Testing test9...
check_consistency
Testing test10...
check_consistency
Testing test11...
check_consistency
Testing test12...
check_consistency
Testing test13...
check_consistency
Testing test14...
check_consistency
Testing test15...
check_consistency

The current test15 result is inconsistent with the previous test15 result.
Previous Result: ('test15', ~PassedTest)
Current Result: ('UndefinedTest', ~FailedTest)

break for test inconsistency
Model Test Finished...
Previous Explanatory Power: 0.0526
Current Explanatory Power: 0.0
Exiting ModelTester

New Observations:
[('UndefinedTest', ~FailedTest), ('UndefinedTest', ~FailedTest), ('UndefinedTest', ~FailedTest), ('UndefinedTest', ~FailedTest), ('UndefinedTest', ~FailedTest), ('UndefinedTest', ~FailedTest), ('UndefinedTest', ~FailedTest), ('UndefinedTest', ~FailedTest), ('UndefinedTest', ~FailedTest), ('UndefinedTest', ~FailedTest), ('UndefinedTest', ~FailedTest), ('UndefinedTest', ~FailedTest), ('UndefinedTest', ~FailedTest), ('UndefinedTest', ~FailedTest), ('UndefinedTest', ~FailedTest), ('UndefinedTest', ~FailedTest), ('UndefinedTest', ~FailedTest), ('UndefinedTest', ~FailedTest), ('UndefinedTest', ~FailedTest)]
Behavior Type:
Behavior.Worsened


Testing Hypothesis 42.
Hypothesis: ('return up.a', 22, 0)

Init HyphotesisTester
Init ModelTester
Entering ModelTester
Starting Model Testing...
Testing test1...
check_consistency
Testing test2...
check_consistency
Testing test3...
check_consistency
Testing test4...
check_consistency
Testing test5...
check_consistency
Testing test6...
check_consistency
Testing test7...
check_consistency
Testing test8...
check_consistency
Testing test9...
check_consistency
Testing test10...
check_consistency
Testing test11...
check_consistency
Testing test12...
check_consistency
Testing test13...
check_consistency
Testing test14...
check_consistency
Testing test15...
check_consistency

The current test15 result is inconsistent with the previous test15 result.
Previous Result: ('test15', ~PassedTest)
Current Result: ('UndefinedTest', ~FailedTest)

break for test inconsistency
Model Test Finished...
Previous Explanatory Power: 0.0526
Current Explanatory Power: 0.0
Exiting ModelTester

New Observations:
[('UndefinedTest', ~FailedTest), ('UndefinedTest', ~FailedTest), ('UndefinedTest', ~FailedTest), ('UndefinedTest', ~FailedTest), ('UndefinedTest', ~FailedTest), ('UndefinedTest', ~FailedTest), ('UndefinedTest', ~FailedTest), ('UndefinedTest', ~FailedTest), ('UndefinedTest', ~FailedTest), ('UndefinedTest', ~FailedTest), ('UndefinedTest', ~FailedTest), ('UndefinedTest', ~FailedTest), ('UndefinedTest', ~FailedTest), ('UndefinedTest', ~FailedTest), ('UndefinedTest', ~FailedTest), ('UndefinedTest', ~FailedTest), ('UndefinedTest', ~FailedTest), ('UndefinedTest', ~FailedTest), ('UndefinedTest', ~FailedTest)]
Behavior Type:
Behavior.Worsened


Testing Hypothesis 43.
Hypothesis: ('return compAndSwap.a', 22, 0)

Init HyphotesisTester
Init ModelTester
Entering ModelTester
Starting Model Testing...
Testing test1...
check_consistency
Testing test2...
check_consistency
Testing test3...
check_consistency
Testing test4...
check_consistency
Testing test5...
check_consistency
Testing test6...
check_consistency
Testing test7...
check_consistency
Testing test8...
check_consistency
Testing test9...
check_consistency
Testing test10...
check_consistency
Testing test11...
check_consistency
Testing test12...
check_consistency
Testing test13...
check_consistency
Testing test14...
check_consistency
Testing test15...
check_consistency

The current test15 result is inconsistent with the previous test15 result.
Previous Result: ('test15', ~PassedTest)
Current Result: ('UndefinedTest', ~FailedTest)

break for test inconsistency
Model Test Finished...
Previous Explanatory Power: 0.0526
Current Explanatory Power: 0.0
Exiting ModelTester

                        New Observations:
                        [('UndefinedTest', ~FailedTest), ('UndefinedTest', ~FailedTest), ('UndefinedTest', ~FailedTest), ('UndefinedTest', ~FailedTest), ('UndefinedTest', ~FailedTest), ('UndefinedTest', ~FailedTest), ('UndefinedTest', ~FailedTest), ('UndefinedTest', ~FailedTest), ('UndefinedTest', ~FailedTest), ('UndefinedTest', ~FailedTest), ('UndefinedTest', ~FailedTest), ('UndefinedTest', ~FailedTest), ('UndefinedTest', ~FailedTest), ('UndefinedTest', ~FailedTest), ('UndefinedTest', ~FailedTest), ('UndefinedTest', ~FailedTest), ('UndefinedTest', ~FailedTest), ('UndefinedTest', ~FailedTest), ('UndefinedTest', ~FailedTest)]
                        Behavior Type:
                        Behavior.Worsened
                        

                        Testing Hypothesis 44.
                        Hypothesis: ('return a.range', 22, 0)
                        
Init HyphotesisTester
Init ModelTester
Entering ModelTester
Starting Model Testing...
Testing test1...
check_consistency
Testing test2...
check_consistency
Testing test3...
check_consistency
Testing test4...
check_consistency
Testing test5...
check_consistency
Testing test6...
check_consistency
Testing test7...
check_consistency
Testing test8...
check_consistency
Testing test9...
check_consistency
Testing test10...
check_consistency
Testing test11...
check_consistency
Testing test12...
check_consistency
Testing test13...
check_consistency
Testing test14...
check_consistency
Testing test15...
check_consistency

               The current test15 result is inconsistent with the previous test15 result.
               Previous Result: ('test15', ~PassedTest)
               Current Result: ('UndefinedTest', ~FailedTest)
               
break for test inconsistency
Model Test Finished...
Previous Explanatory Power: 0.0526
Current Explanatory Power: 0.0
Exiting ModelTester

                        New Observations:
                        [('UndefinedTest', ~FailedTest), ('UndefinedTest', ~FailedTest), ('UndefinedTest', ~FailedTest), ('UndefinedTest', ~FailedTest), ('UndefinedTest', ~FailedTest), ('UndefinedTest', ~FailedTest), ('UndefinedTest', ~FailedTest), ('UndefinedTest', ~FailedTest), ('UndefinedTest', ~FailedTest), ('UndefinedTest', ~FailedTest), ('UndefinedTest', ~FailedTest), ('UndefinedTest', ~FailedTest), ('UndefinedTest', ~FailedTest), ('UndefinedTest', ~FailedTest), ('UndefinedTest', ~FailedTest), ('UndefinedTest', ~FailedTest), ('UndefinedTest', ~FailedTest), ('UndefinedTest', ~FailedTest), ('UndefinedTest', ~FailedTest)]
                        Behavior Type:
                        Behavior.Worsened
                        

                        Testing Hypothesis 45.
                        Hypothesis: ('return a.id', 22, 0)
                        
Init HyphotesisTester
Init ModelTester
Entering ModelTester
Starting Model Testing...
Testing test1...
check_consistency
Testing test2...
check_consistency
Testing test3...
check_consistency
Testing test4...
check_consistency
Testing test5...
check_consistency
Testing test6...
check_consistency
Testing test7...
check_consistency
Testing test8...
check_consistency
Testing test9...
check_consistency
Testing test10...
check_consistency
Testing test11...
check_consistency
Testing test12...
check_consistency
Testing test13...
check_consistency
Testing test14...
check_consistency
Testing test15...
check_consistency

               The current test15 result is inconsistent with the previous test15 result.
               Previous Result: ('test15', ~PassedTest)
               Current Result: ('UndefinedTest', ~FailedTest)
               
break for test inconsistency
Model Test Finished...
Previous Explanatory Power: 0.0526
Current Explanatory Power: 0.0
Exiting ModelTester

                        New Observations:
                        [('UndefinedTest', ~FailedTest), ('UndefinedTest', ~FailedTest), ('UndefinedTest', ~FailedTest), ('UndefinedTest', ~FailedTest), ('UndefinedTest', ~FailedTest), ('UndefinedTest', ~FailedTest), ('UndefinedTest', ~FailedTest), ('UndefinedTest', ~FailedTest), ('UndefinedTest', ~FailedTest), ('UndefinedTest', ~FailedTest), ('UndefinedTest', ~FailedTest), ('UndefinedTest', ~FailedTest), ('UndefinedTest', ~FailedTest), ('UndefinedTest', ~FailedTest), ('UndefinedTest', ~FailedTest), ('UndefinedTest', ~FailedTest), ('UndefinedTest', ~FailedTest), ('UndefinedTest', ~FailedTest), ('UndefinedTest', ~FailedTest)]
                        Behavior Type:
                        Behavior.Worsened
                        

                        Testing Hypothesis 46.
                        Hypothesis: ('return (a, bitonicSort)', 22, 0)
                        
Init HyphotesisTester
Init ModelTester
Entering ModelTester
Starting Model Testing...
Testing test1...

                   test_result == expected_output
                   ([3, 7, 4, 8, 6, 2, 1, 5], <function bitonicSort at 0x11bdad0d0>) == [1, 5, 2, 6, 3, 7, 4, 8]?
                   
check_consistency
Testing test2...

                   test_result == expected_output
                   ([3, 7, 4, 8, 6, 2, 1, 5], <function bitonicSort at 0x11bdad0d0>) == [3, 7, 4, 8, 1, 5, 2, 6]?
                   
check_consistency
Testing test3...

                   test_result == expected_output
                   ([31, 17, 44, 78, 86, 52, 71, 55], <function bitonicSort at 0x11bdad0d0>) == [17, 31, 44, 78, 52, 71, 55, 86]?
                   
check_consistency
Testing test4...

                   test_result == expected_output
                   ([31, 17, 44, 78, 86, 52, 71, 55], <function bitonicSort at 0x11bdad0d0>) == [17, 31, 44, 78, 52, 71, 55, 86]?
                   
check_consistency
Testing test5...

                   test_result == expected_output
                   ([108, 17, 15, 78], <function bitonicSort at 0x11bdad0d0>) == [15, 78, 17, 108]?
                   
check_consistency
Testing test6...

                   test_result == expected_output
                   ([108, 17, 15, 78], <function bitonicSort at 0x11bdad0d0>) == [17, 108, 15, 78]?
                   
check_consistency
Testing test7...

                   test_result == expected_output
                   ([6, 7, 55, 3, 108, 17, 15, 78, 108, 35, 21, 0, 800, 74, 90, 1457], <function bitonicSort at 0x11bdad0d0>) == [3, 7, 6, 55, 15, 78, 17, 108, 0, 21, 35, 108, 74, 800, 90, 1457]?
                   
check_consistency
Testing test8...

                   test_result == expected_output
                   ([6, 7, 55, 3, 108, 17, 15, 78, 108, 35, 21, 0, 800, 74, 90, 1457], <function bitonicSort at 0x11bdad0d0>) == [0, 7, 6, 55, 15, 78, 17, 108, 3, 21, 35, 108, 74, 800, 90, 1457]?
                   
check_consistency
Testing test9...

                   test_result == expected_output
                   ([11, 22, 44, 33, 77, 55, 54, 78, 88, 35, 21, 0, 89, 74, 90, 1457], <function bitonicSort at 0x11bdad0d0>) == [0, 21, 33, 44, 54, 77, 55, 78, 11, 22, 35, 88, 74, 89, 90, 1457]?
                   
check_consistency
Testing test10...

                   test_result == expected_output
                   ([11, 22, 44, 33, 77, 55, 54, 78, 88, 35, 21, 0, 89, 74, 90, 1457], <function bitonicSort at 0x11bdad0d0>) == [11, 22, 33, 44, 54, 77, 55, 78, 0, 21, 35, 88, 74, 89, 90, 1457]?
                   
check_consistency
Testing test11...

                   test_result == expected_output
                   ([1457, 22, 44, 33, 77, 55, 54, 78, 88, 35, 21, 0, 89, 74, 90, 1455], <function bitonicSort at 0x11bdad0d0>) == [0, 21, 33, 78, 54, 77, 55, 1455, 22, 44, 35, 88, 74, 89, 90, 1457]?
                   
check_consistency
Testing test12...

                   test_result == expected_output
                   ([1457, 22, 44, 33, 77, 55, 54, 78, 88, 35, 21, 0, 89, 74, 90, 1455], <function bitonicSort at 0x11bdad0d0>) == [22, 44, 33, 78, 54, 77, 55, 1457, 0, 21, 35, 88, 74, 89, 90, 1455]?
                   
check_consistency
Testing test13...

                   test_result == expected_output
                   ([1457, 7589, 22, 575, 33, 77, 55, 54, 78, 87588, 35, 7587, 0, 89, 74, 1455], <function bitonicSort at 0x11bdad0d0>) == [0, 55, 54, 77, 33, 575, 78, 7589, 22, 89, 74, 1455, 35, 7587, 1457, 87588]?
                   
check_consistency
Testing test14...

                   test_result == expected_output
                   ([1457, 7589, 22, 575, 33, 77, 55, 54, 78, 87588, 35, 7587, 0, 89, 74, 1455], <function bitonicSort at 0x11bdad0d0>) == [22, 55, 54, 77, 33, 575, 1457, 7589, 0, 89, 74, 1455, 35, 7587, 78, 87588]?
                   
check_consistency
Testing test15...

                   test_result == expected_output
                   ([1, 2, 3, 4, 5, 6, 7, 8, 9, 10, 11, 12, 13, 14, 15, 16], <function bitonicSort at 0x11bdad0d0>) == [1, 2, 3, 4, 5, 6, 7, 8, 9, 10, 11, 12, 13, 14, 15, 16]?
                   
check_consistency

               The current test15 result is inconsistent with the previous test15 result.
               Previous Result: ('test15', ~PassedTest)
               Current Result: ('test15', ~FailedTest)
               
break for test inconsistency
Model Test Finished...
Previous Explanatory Power: 0.0526
Current Explanatory Power: 0.0
Exiting ModelTester
Previous Explanatory Power: 0.0526
Current Explanatory Power: 0.0
Exiting ModelTester

New Observations:
[('UndefinedTest', ~FailedTest), ('UndefinedTest', ~FailedTest), ('UndefinedTest', ~FailedTest), ('UndefinedTest', ~FailedTest), ('UndefinedTest', ~FailedTest), ('UndefinedTest', ~FailedTest), ('UndefinedTest', ~FailedTest), ('UndefinedTest', ~FailedTest), ('UndefinedTest', ~FailedTest), ('UndefinedTest', ~FailedTest), ('UndefinedTest', ~FailedTest), ('UndefinedTest', ~FailedTest), ('UndefinedTest', ~FailedTest), ('UndefinedTest', ~FailedTest), ('UndefinedTest', ~FailedTest), ('UndefinedTest', ~FailedTest), ('UndefinedTest', ~FailedTest), ('UndefinedTest', ~FailedTest), ('UndefinedTest', ~FailedTest)]
Behavior Type:
Behavior.Worsened


Testing Hypothesis 44.
Hypothesis: ('return a.range', 22, 0)

Init HyphotesisTester
Init ModelTester
Entering ModelTester
Starting Model Testing...
Testing test1...
check_consistency
Testing test2...
check_consistency
Testing test3...
check_consistency
Testing test4...
check_consistency
Testing test5...
check_consistency
Testing test6...
check_consistency
Testing test7...
check_consistency
Testing test8...
check_consistency
Testing test9...
check_consistency
Testing test10...
check_consistency
Testing test11...
check_consistency
Testing test12...
check_consistency
Testing test13...
check_consistency
Testing test14...
check_consistency
Testing test15...
check_consistency

The current test15 result is inconsistent with the previous test15 result.
Previous Result: ('test15', ~PassedTest)
Current Result: ('UndefinedTest', ~FailedTest)

break for test inconsistency
Model Test Finished...
Previous Explanatory Power: 0.0526
Current Explanatory Power: 0.0
Exiting ModelTester

New Observations:
[('UndefinedTest', ~FailedTest), ('UndefinedTest', ~FailedTest), ('UndefinedTest', ~FailedTest), ('UndefinedTest', ~FailedTest), ('UndefinedTest', ~FailedTest), ('UndefinedTest', ~FailedTest), ('UndefinedTest', ~FailedTest), ('UndefinedTest', ~FailedTest), ('UndefinedTest', ~FailedTest), ('UndefinedTest', ~FailedTest), ('UndefinedTest', ~FailedTest), ('UndefinedTest', ~FailedTest), ('UndefinedTest', ~FailedTest), ('UndefinedTest', ~FailedTest), ('UndefinedTest', ~FailedTest), ('UndefinedTest', ~FailedTest), ('UndefinedTest', ~FailedTest), ('UndefinedTest', ~FailedTest), ('UndefinedTest', ~FailedTest)]
Behavior Type:
Behavior.Worsened


Testing Hypothesis 45.
Hypothesis: ('return a.id', 22, 0)

Init HyphotesisTester
Init ModelTester
Entering ModelTester
Starting Model Testing...
Testing test1...
check_consistency
Testing test2...
check_consistency
Testing test3...
check_consistency
Testing test4...
check_consistency
Testing test5...
check_consistency
Testing test6...
check_consistency
Testing test7...
check_consistency
Testing test8...
check_consistency
Testing test9...
check_consistency
Testing test10...
check_consistency
Testing test11...
check_consistency
Testing test12...
check_consistency
Testing test13...
check_consistency
Testing test14...
check_consistency
Testing test15...
check_consistency

The current test15 result is inconsistent with the previous test15 result.
Previous Result: ('test15', ~PassedTest)
Current Result: ('UndefinedTest', ~FailedTest)

break for test inconsistency
Model Test Finished...
Previous Explanatory Power: 0.0526
Current Explanatory Power: 0.0
Exiting ModelTester

New Observations:
[('UndefinedTest', ~FailedTest), ('UndefinedTest', ~FailedTest), ('UndefinedTest', ~FailedTest), ('UndefinedTest', ~FailedTest), ('UndefinedTest', ~FailedTest), ('UndefinedTest', ~FailedTest), ('UndefinedTest', ~FailedTest), ('UndefinedTest', ~FailedTest), ('UndefinedTest', ~FailedTest), ('UndefinedTest', ~FailedTest), ('UndefinedTest', ~FailedTest), ('UndefinedTest', ~FailedTest), ('UndefinedTest', ~FailedTest), ('UndefinedTest', ~FailedTest), ('UndefinedTest', ~FailedTest), ('UndefinedTest', ~FailedTest), ('UndefinedTest', ~FailedTest), ('UndefinedTest', ~FailedTest), ('UndefinedTest', ~FailedTest)]
Behavior Type:
Behavior.Worsened


Testing Hypothesis 46.
Hypothesis: ('return (a, bitonicSort)', 22, 0)

Init HyphotesisTester
Init ModelTester
Entering ModelTester
Starting Model Testing...
Testing test1...

test_result == expected_output
([3, 7, 4, 8, 6, 2, 1, 5], <function bitonicSort at 0x11bdad0d0>) == [1, 5, 2, 6, 3, 7, 4, 8]?

check_consistency
Testing test2...

test_result == expected_output
([3, 7, 4, 8, 6, 2, 1, 5], <function bitonicSort at 0x11bdad0d0>) == [3, 7, 4, 8, 1, 5, 2, 6]?

check_consistency
Testing test3...

test_result == expected_output
([31, 17, 44, 78, 86, 52, 71, 55], <function bitonicSort at 0x11bdad0d0>) == [17, 31, 44, 78, 52, 71, 55, 86]?

check_consistency
Testing test4...

test_result == expected_output
([31, 17, 44, 78, 86, 52, 71, 55], <function bitonicSort at 0x11bdad0d0>) == [17, 31, 44, 78, 52, 71, 55, 86]?

check_consistency
Testing test5...

test_result == expected_output
([108, 17, 15, 78], <function bitonicSort at 0x11bdad0d0>) == [15, 78, 17, 108]?

check_consistency
Testing test6...

test_result == expected_output
([108, 17, 15, 78], <function bitonicSort at 0x11bdad0d0>) == [17, 108, 15, 78]?

check_consistency
Testing test7...

test_result == expected_output
([6, 7, 55, 3, 108, 17, 15, 78, 108, 35, 21, 0, 800, 74, 90, 1457], <function bitonicSort at 0x11bdad0d0>) == [3, 7, 6, 55, 15, 78, 17, 108, 0, 21, 35, 108, 74, 800, 90, 1457]?

check_consistency
Testing test8...

test_result == expected_output
([6, 7, 55, 3, 108, 17, 15, 78, 108, 35, 21, 0, 800, 74, 90, 1457], <function bitonicSort at 0x11bdad0d0>) == [0, 7, 6, 55, 15, 78, 17, 108, 3, 21, 35, 108, 74, 800, 90, 1457]?

check_consistency
Testing test9...

test_result == expected_output
([11, 22, 44, 33, 77, 55, 54, 78, 88, 35, 21, 0, 89, 74, 90, 1457], <function bitonicSort at 0x11bdad0d0>) == [0, 21, 33, 44, 54, 77, 55, 78, 11, 22, 35, 88, 74, 89, 90, 1457]?

check_consistency
Testing test10...

test_result == expected_output
([11, 22, 44, 33, 77, 55, 54, 78, 88, 35, 21, 0, 89, 74, 90, 1457], <function bitonicSort at 0x11bdad0d0>) == [11, 22, 33, 44, 54, 77, 55, 78, 0, 21, 35, 88, 74, 89, 90, 1457]?

check_consistency
Testing test11...

test_result == expected_output
([1457, 22, 44, 33, 77, 55, 54, 78, 88, 35, 21, 0, 89, 74, 90, 1455], <function bitonicSort at 0x11bdad0d0>) == [0, 21, 33, 78, 54, 77, 55, 1455, 22, 44, 35, 88, 74, 89, 90, 1457]?

check_consistency
Testing test12...

test_result == expected_output
([1457, 22, 44, 33, 77, 55, 54, 78, 88, 35, 21, 0, 89, 74, 90, 1455], <function bitonicSort at 0x11bdad0d0>) == [22, 44, 33, 78, 54, 77, 55, 1457, 0, 21, 35, 88, 74, 89, 90, 1455]?

check_consistency
Testing test13...

test_result == expected_output
([1457, 7589, 22, 575, 33, 77, 55, 54, 78, 87588, 35, 7587, 0, 89, 74, 1455], <function bitonicSort at 0x11bdad0d0>) == [0, 55, 54, 77, 33, 575, 78, 7589, 22, 89, 74, 1455, 35, 7587, 1457, 87588]?

check_consistency
Testing test14...

test_result == expected_output
([1457, 7589, 22, 575, 33, 77, 55, 54, 78, 87588, 35, 7587, 0, 89, 74, 1455], <function bitonicSort at 0x11bdad0d0>) == [22, 55, 54, 77, 33, 575, 1457, 7589, 0, 89, 74, 1455, 35, 7587, 78, 87588]?

check_consistency
Testing test15...

test_result == expected_output
([1, 2, 3, 4, 5, 6, 7, 8, 9, 10, 11, 12, 13, 14, 15, 16], <function bitonicSort at 0x11bdad0d0>) == [1, 2, 3, 4, 5, 6, 7, 8, 9, 10, 11, 12, 13, 14, 15, 16]?

check_consistency

The current test15 result is inconsistent with the previous test15 result.
Previous Result: ('test15', ~PassedTest)
Current Result: ('test15', ~FailedTest)

break for test inconsistency
Model Test Finished...
Previous Explanatory Power: 0.0526
Current Explanatory Power: 0.0
Exiting ModelTester

                        New Observations:
                        [('test1', ~FailedTest), ('test2', ~FailedTest), ('test3', ~FailedTest), ('test4', ~FailedTest), ('test5', ~FailedTest), ('test6', ~FailedTest), ('test7', ~FailedTest), ('test8', ~FailedTest), ('test9', ~FailedTest), ('test10', ~FailedTest), ('test11', ~FailedTest), ('test12', ~FailedTest), ('test13', ~FailedTest), ('test14', ~FailedTest), ('test15', ~FailedTest), ('UndefinedTest', ~FailedTest), ('UndefinedTest', ~FailedTest), ('UndefinedTest', ~FailedTest), ('UndefinedTest', ~FailedTest)]
                        Behavior Type:
                        Behavior.Worsened
                        

                        Testing Hypothesis 47.
                        Hypothesis: ('return (a, k)', 22, 0)
                        
Init HyphotesisTester
Init ModelTester
Entering ModelTester
Starting Model Testing...
Testing test1...
check_consistency
Testing test2...
check_consistency
Testing test3...
check_consistency
Testing test4...
check_consistency
Testing test5...
check_consistency
Testing test6...
check_consistency
Testing test7...
check_consistency
Testing test8...
check_consistency
Testing test9...
check_consistency
Testing test10...
check_consistency
Testing test11...
check_consistency
Testing test12...
check_consistency
Testing test13...
check_consistency
Testing test14...
check_consistency
Testing test15...
check_consistency

               The current test15 result is inconsistent with the previous test15 result.
               Previous Result: ('test15', ~PassedTest)
               Current Result: ('UndefinedTest', ~FailedTest)
               
break for test inconsistency
Model Test Finished...
Previous Explanatory Power: 0.0526
Current Explanatory Power: 0.0
Exiting ModelTester

                        New Observations:
                        [('UndefinedTest', ~FailedTest), ('UndefinedTest', ~FailedTest), ('UndefinedTest', ~FailedTest), ('UndefinedTest', ~FailedTest), ('UndefinedTest', ~FailedTest), ('UndefinedTest', ~FailedTest), ('UndefinedTest', ~FailedTest), ('UndefinedTest', ~FailedTest), ('UndefinedTest', ~FailedTest), ('UndefinedTest', ~FailedTest), ('UndefinedTest', ~FailedTest), ('UndefinedTest', ~FailedTest), ('UndefinedTest', ~FailedTest), ('UndefinedTest', ~FailedTest), ('UndefinedTest', ~FailedTest), ('UndefinedTest', ~FailedTest), ('UndefinedTest', ~FailedTest), ('UndefinedTest', ~FailedTest), ('UndefinedTest', ~FailedTest)]
                        Behavior Type:
                        Behavior.Worsened
                        

                        Testing Hypothesis 48.
                        Hypothesis: ('return (a, N)', 22, 0)
                        
Init HyphotesisTester
Init ModelTester
Entering ModelTester
Starting Model Testing...
Testing test1...

                   test_result == expected_output
                   ([3, 7, 4, 8, 6, 2, 1, 5], 8) == [1, 5, 2, 6, 3, 7, 4, 8]?
                   
check_consistency
Testing test2...

                   test_result == expected_output
                   ([3, 7, 4, 8, 6, 2, 1, 5], 8) == [3, 7, 4, 8, 1, 5, 2, 6]?
                   
check_consistency
Testing test3...

                   test_result == expected_output
                   ([31, 17, 44, 78, 86, 52, 71, 55], 8) == [17, 31, 44, 78, 52, 71, 55, 86]?
                   
check_consistency
Testing test4...

                   test_result == expected_output
                   ([31, 17, 44, 78, 86, 52, 71, 55], 8) == [17, 31, 44, 78, 52, 71, 55, 86]?
                   
check_consistency
Testing test5...

                   test_result == expected_output
                   ([108, 17, 15, 78], 4) == [15, 78, 17, 108]?
                   
check_consistency
Testing test6...

                   test_result == expected_output
                   ([108, 17, 15, 78], 4) == [17, 108, 15, 78]?
                   
check_consistency
Testing test7...

                   test_result == expected_output
                   ([6, 7, 55, 3, 108, 17, 15, 78, 108, 35, 21, 0, 800, 74, 90, 1457], 16) == [3, 7, 6, 55, 15, 78, 17, 108, 0, 21, 35, 108, 74, 800, 90, 1457]?
                   
check_consistency
Testing test8...

                   test_result == expected_output
                   ([6, 7, 55, 3, 108, 17, 15, 78, 108, 35, 21, 0, 800, 74, 90, 1457], 16) == [0, 7, 6, 55, 15, 78, 17, 108, 3, 21, 35, 108, 74, 800, 90, 1457]?
                   
check_consistency
Testing test9...

                   test_result == expected_output
                   ([11, 22, 44, 33, 77, 55, 54, 78, 88, 35, 21, 0, 89, 74, 90, 1457], 16) == [0, 21, 33, 44, 54, 77, 55, 78, 11, 22, 35, 88, 74, 89, 90, 1457]?
                   
check_consistency
Testing test10...

                   test_result == expected_output
                   ([11, 22, 44, 33, 77, 55, 54, 78, 88, 35, 21, 0, 89, 74, 90, 1457], 16) == [11, 22, 33, 44, 54, 77, 55, 78, 0, 21, 35, 88, 74, 89, 90, 1457]?
                   
check_consistency
Testing test11...

                   test_result == expected_output
                   ([1457, 22, 44, 33, 77, 55, 54, 78, 88, 35, 21, 0, 89, 74, 90, 1455], 16) == [0, 21, 33, 78, 54, 77, 55, 1455, 22, 44, 35, 88, 74, 89, 90, 1457]?
                   
check_consistency
Testing test12...

                   test_result == expected_output
                   ([1457, 22, 44, 33, 77, 55, 54, 78, 88, 35, 21, 0, 89, 74, 90, 1455], 16) == [22, 44, 33, 78, 54, 77, 55, 1457, 0, 21, 35, 88, 74, 89, 90, 1455]?
                   
check_consistency
Testing test13...

                   test_result == expected_output
                   ([1457, 7589, 22, 575, 33, 77, 55, 54, 78, 87588, 35, 7587, 0, 89, 74, 1455], 16) == [0, 55, 54, 77, 33, 575, 78, 7589, 22, 89, 74, 1455, 35, 7587, 1457, 87588]?
                   
check_consistency
Testing test14...

                   test_result == expected_output
                   ([1457, 7589, 22, 575, 33, 77, 55, 54, 78, 87588, 35, 7587, 0, 89, 74, 1455], 16) == [22, 55, 54, 77, 33, 575, 1457, 7589, 0, 89, 74, 1455, 35, 7587, 78, 87588]?
                   
check_consistency
Testing test15...

                   test_result == expected_output
                   ([1, 2, 3, 4, 5, 6, 7, 8, 9, 10, 11, 12, 13, 14, 15, 16], 16) == [1, 2, 3, 4, 5, 6, 7, 8, 9, 10, 11, 12, 13, 14, 15, 16]?
                   
check_consistency

               The current test15 result is inconsistent with the previous test15 result.
               Previous Result: ('test15', ~PassedTest)
               Current Result: ('test15', ~FailedTest)
               
break for test inconsistency
Model Test Finished...
Previous Explanatory Power: 0.0526
Current Explanatory Power: 0.0
Exiting ModelTester

                        New Observations:
                        [('test1', ~FailedTest), ('test2', ~FailedTest), ('test3', ~FailedTest), ('test4', ~FailedTest), ('test5', ~FailedTest), ('test6', ~FailedTest), ('test7', ~FailedTest), ('test8', ~FailedTest), ('test9', ~FailedTest), ('test10', ~FailedTest), ('test11', ~FailedTest), ('test12', ~FailedTest), ('test13', ~FailedTest), ('test14', ~FailedTest), ('test15', ~FailedTest), ('UndefinedTest', ~FailedTest), ('UndefinedTest', ~FailedTest), ('UndefinedTest', ~FailedTest), ('UndefinedTest', ~FailedTest)]
                        Behavior Type:
                        Behavior.Worsened
                        

                        Testing Hypothesis 49.
                        Hypothesis: ('return (a, dire)', 22, 0)
                        
Init HyphotesisTester
Init ModelTester
Entering ModelTester
Starting Model Testing...
Testing test1...
check_consistency
Testing test2...
check_consistency
Testing test3...
check_consistency
Testing test4...
check_consistency
Testing test5...
check_consistency
Testing test6...
check_consistency
Testing test7...
check_consistency
Testing test8...
check_consistency
Testing test9...
check_consistency
Testing test10...
check_consistency
Testing test11...
check_consistency
Testing test12...
check_consistency
Testing test13...
check_consistency
Testing test14...
check_consistency
Testing test15...
check_consistency

               The current test15 result is inconsistent with the previous test15 result.
               Previous Result: ('test15', ~PassedTest)
               Current Result: ('UndefinedTest', ~FailedTest)
               
break for test inconsistency
Model Test Finished...
Previous Explanatory Power: 0.0526
Current Explanatory Power: 0.0
Exiting ModelTester

                        New Observations:
                        [('UndefinedTest', ~FailedTest), ('UndefinedTest', ~FailedTest), ('UndefinedTest', ~FailedTest), ('UndefinedTest', ~FailedTest), ('UndefinedTest', ~FailedTest), ('UndefinedTest', ~FailedTest), ('UndefinedTest', ~FailedTest), ('UndefinedTest', ~FailedTest), ('UndefinedTest', ~FailedTest), ('UndefinedTest', ~FailedTest), ('UndefinedTest', ~FailedTest), ('UndefinedTest', ~FailedTest), ('UndefinedTest', ~FailedTest), ('UndefinedTest', ~FailedTest), ('UndefinedTest', ~FailedTest), ('UndefinedTest', ~FailedTest), ('UndefinedTest', ~FailedTest), ('UndefinedTest', ~FailedTest), ('UndefinedTest', ~FailedTest)]
                        Behavior Type:
                        Behavior.Worsened
                        

                        Testing Hypothesis 50.
                        Hypothesis: ('return (a, j)', 22, 0)
                        
Init HyphotesisTester
Init ModelTester
Entering ModelTester
Starting Model Testing...
Testing test1...
check_consistency
Testing test2...
check_consistency
Testing test3...
check_consistency
Testing test4...
check_consistency
Testing test5...
check_consistency
Testing test6...
check_consistency
Testing test7...
check_consistency
Testing test8...
check_consistency
Testing test9...
check_consistency
Testing test10...
check_consistency
Testing test11...
check_consistency
Testing test12...
check_consistency
Testing test13...
check_consistency
Testing test14...
check_consistency
Testing test15...

New Observations:
[('test1', ~FailedTest), ('test2', ~FailedTest), ('test3', ~FailedTest), ('test4', ~FailedTest), ('test5', ~FailedTest), ('test6', ~FailedTest), ('test7', ~FailedTest), ('test8', ~FailedTest), ('test9', ~FailedTest), ('test10', ~FailedTest), ('test11', ~FailedTest), ('test12', ~FailedTest), ('test13', ~FailedTest), ('test14', ~FailedTest), ('test15', ~FailedTest), ('UndefinedTest', ~FailedTest), ('UndefinedTest', ~FailedTest), ('UndefinedTest', ~FailedTest), ('UndefinedTest', ~FailedTest)]
Behavior Type:
Behavior.Worsened


Testing Hypothesis 47.
Hypothesis: ('return (a, k)', 22, 0)

Init HyphotesisTester
Init ModelTester
Entering ModelTester
Starting Model Testing...
Testing test1...
check_consistency
Testing test2...
check_consistency
Testing test3...
check_consistency
Testing test4...
check_consistency
Testing test5...
check_consistency
Testing test6...
check_consistency
Testing test7...
check_consistency
Testing test8...
check_consistency
Testing test9...
check_consistency
Testing test10...
check_consistency
Testing test11...
check_consistency
Testing test12...
check_consistency
Testing test13...
check_consistency
Testing test14...
check_consistency
Testing test15...
check_consistency

The current test15 result is inconsistent with the previous test15 result.
Previous Result: ('test15', ~PassedTest)
Current Result: ('UndefinedTest', ~FailedTest)

break for test inconsistency
Model Test Finished...
Previous Explanatory Power: 0.0526
Current Explanatory Power: 0.0
Exiting ModelTester

New Observations:
[('UndefinedTest', ~FailedTest), ('UndefinedTest', ~FailedTest), ('UndefinedTest', ~FailedTest), ('UndefinedTest', ~FailedTest), ('UndefinedTest', ~FailedTest), ('UndefinedTest', ~FailedTest), ('UndefinedTest', ~FailedTest), ('UndefinedTest', ~FailedTest), ('UndefinedTest', ~FailedTest), ('UndefinedTest', ~FailedTest), ('UndefinedTest', ~FailedTest), ('UndefinedTest', ~FailedTest), ('UndefinedTest', ~FailedTest), ('UndefinedTest', ~FailedTest), ('UndefinedTest', ~FailedTest), ('UndefinedTest', ~FailedTest), ('UndefinedTest', ~FailedTest), ('UndefinedTest', ~FailedTest), ('UndefinedTest', ~FailedTest)]
Behavior Type:
Behavior.Worsened


Testing Hypothesis 48.
Hypothesis: ('return (a, N)', 22, 0)

Init HyphotesisTester
Init ModelTester
Entering ModelTester
Starting Model Testing...
Testing test1...

test_result == expected_output
([3, 7, 4, 8, 6, 2, 1, 5], 8) == [1, 5, 2, 6, 3, 7, 4, 8]?

check_consistency
Testing test2...

test_result == expected_output
([3, 7, 4, 8, 6, 2, 1, 5], 8) == [3, 7, 4, 8, 1, 5, 2, 6]?

check_consistency
Testing test3...

test_result == expected_output
([31, 17, 44, 78, 86, 52, 71, 55], 8) == [17, 31, 44, 78, 52, 71, 55, 86]?

check_consistency
Testing test4...

test_result == expected_output
([31, 17, 44, 78, 86, 52, 71, 55], 8) == [17, 31, 44, 78, 52, 71, 55, 86]?

check_consistency
Testing test5...

test_result == expected_output
([108, 17, 15, 78], 4) == [15, 78, 17, 108]?

check_consistency
Testing test6...

test_result == expected_output
([108, 17, 15, 78], 4) == [17, 108, 15, 78]?

check_consistency
Testing test7...

test_result == expected_output
([6, 7, 55, 3, 108, 17, 15, 78, 108, 35, 21, 0, 800, 74, 90, 1457], 16) == [3, 7, 6, 55, 15, 78, 17, 108, 0, 21, 35, 108, 74, 800, 90, 1457]?

check_consistency
Testing test8...

test_result == expected_output
([6, 7, 55, 3, 108, 17, 15, 78, 108, 35, 21, 0, 800, 74, 90, 1457], 16) == [0, 7, 6, 55, 15, 78, 17, 108, 3, 21, 35, 108, 74, 800, 90, 1457]?

check_consistency
Testing test9...

test_result == expected_output
([11, 22, 44, 33, 77, 55, 54, 78, 88, 35, 21, 0, 89, 74, 90, 1457], 16) == [0, 21, 33, 44, 54, 77, 55, 78, 11, 22, 35, 88, 74, 89, 90, 1457]?

check_consistency
Testing test10...

test_result == expected_output
([11, 22, 44, 33, 77, 55, 54, 78, 88, 35, 21, 0, 89, 74, 90, 1457], 16) == [11, 22, 33, 44, 54, 77, 55, 78, 0, 21, 35, 88, 74, 89, 90, 1457]?

check_consistency
Testing test11...

test_result == expected_output
([1457, 22, 44, 33, 77, 55, 54, 78, 88, 35, 21, 0, 89, 74, 90, 1455], 16) == [0, 21, 33, 78, 54, 77, 55, 1455, 22, 44, 35, 88, 74, 89, 90, 1457]?

check_consistency
Testing test12...

test_result == expected_output
([1457, 22, 44, 33, 77, 55, 54, 78, 88, 35, 21, 0, 89, 74, 90, 1455], 16) == [22, 44, 33, 78, 54, 77, 55, 1457, 0, 21, 35, 88, 74, 89, 90, 1455]?

check_consistency
Testing test13...

test_result == expected_output
([1457, 7589, 22, 575, 33, 77, 55, 54, 78, 87588, 35, 7587, 0, 89, 74, 1455], 16) == [0, 55, 54, 77, 33, 575, 78, 7589, 22, 89, 74, 1455, 35, 7587, 1457, 87588]?

check_consistency
Testing test14...

test_result == expected_output
([1457, 7589, 22, 575, 33, 77, 55, 54, 78, 87588, 35, 7587, 0, 89, 74, 1455], 16) == [22, 55, 54, 77, 33, 575, 1457, 7589, 0, 89, 74, 1455, 35, 7587, 78, 87588]?

check_consistency
Testing test15...

test_result == expected_output
([1, 2, 3, 4, 5, 6, 7, 8, 9, 10, 11, 12, 13, 14, 15, 16], 16) == [1, 2, 3, 4, 5, 6, 7, 8, 9, 10, 11, 12, 13, 14, 15, 16]?

check_consistency

The current test15 result is inconsistent with the previous test15 result.
Previous Result: ('test15', ~PassedTest)
Current Result: ('test15', ~FailedTest)

break for test inconsistency
Model Test Finished...
Previous Explanatory Power: 0.0526
Current Explanatory Power: 0.0
Exiting ModelTester

New Observations:
[('test1', ~FailedTest), ('test2', ~FailedTest), ('test3', ~FailedTest), ('test4', ~FailedTest), ('test5', ~FailedTest), ('test6', ~FailedTest), ('test7', ~FailedTest), ('test8', ~FailedTest), ('test9', ~FailedTest), ('test10', ~FailedTest), ('test11', ~FailedTest), ('test12', ~FailedTest), ('test13', ~FailedTest), ('test14', ~FailedTest), ('test15', ~FailedTest), ('UndefinedTest', ~FailedTest), ('UndefinedTest', ~FailedTest), ('UndefinedTest', ~FailedTest), ('UndefinedTest', ~FailedTest)]
Behavior Type:
Behavior.Worsened


Testing Hypothesis 49.
Hypothesis: ('return (a, dire)', 22, 0)

Init HyphotesisTester
Init ModelTester
Entering ModelTester
Starting Model Testing...
Testing test1...
check_consistency
Testing test2...
check_consistency
Testing test3...
check_consistency
Testing test4...
check_consistency
Testing test5...
check_consistency
Testing test6...
check_consistency
Testing test7...
check_consistency
Testing test8...
check_consistency
Testing test9...
check_consistency
Testing test10...
check_consistency
Testing test11...
check_consistency
Testing test12...
check_consistency
Testing test13...
check_consistency
Testing test14...
check_consistency
Testing test15...
check_consistency

The current test15 result is inconsistent with the previous test15 result.
Previous Result: ('test15', ~PassedTest)
Current Result: ('UndefinedTest', ~FailedTest)

break for test inconsistency
Model Test Finished...
Previous Explanatory Power: 0.0526
Current Explanatory Power: 0.0
Exiting ModelTester

New Observations:
[('UndefinedTest', ~FailedTest), ('UndefinedTest', ~FailedTest), ('UndefinedTest', ~FailedTest), ('UndefinedTest', ~FailedTest), ('UndefinedTest', ~FailedTest), ('UndefinedTest', ~FailedTest), ('UndefinedTest', ~FailedTest), ('UndefinedTest', ~FailedTest), ('UndefinedTest', ~FailedTest), ('UndefinedTest', ~FailedTest), ('UndefinedTest', ~FailedTest), ('UndefinedTest', ~FailedTest), ('UndefinedTest', ~FailedTest), ('UndefinedTest', ~FailedTest), ('UndefinedTest', ~FailedTest), ('UndefinedTest', ~FailedTest), ('UndefinedTest', ~FailedTest), ('UndefinedTest', ~FailedTest), ('UndefinedTest', ~FailedTest)]
Behavior Type:
Behavior.Worsened


Testing Hypothesis 50.
Hypothesis: ('return (a, j)', 22, 0)

Init HyphotesisTester
Init ModelTester
Entering ModelTester
Starting Model Testing...
Testing test1...
check_consistency
Testing test2...
check_consistency
Testing test3...
check_consistency
Testing test4...
check_consistency
Testing test5...
check_consistency
Testing test6...
check_consistency
Testing test7...
check_consistency
Testing test8...
check_consistency
Testing test9...
check_consistency
Testing test10...
check_consistency
Testing test11...
check_consistency
Testing test12...
check_consistency
Testing test13...
check_consistency
Testing test14...
check_consistency
Testing test15...
check_consistency

               The current test15 result is inconsistent with the previous test15 result.
               Previous Result: ('test15', ~PassedTest)
               Current Result: ('UndefinedTest', ~FailedTest)
               
break for test inconsistency
Model Test Finished...
Previous Explanatory Power: 0.0526
Current Explanatory Power: 0.0
Exiting ModelTester

                        New Observations:
                        [('UndefinedTest', ~FailedTest), ('UndefinedTest', ~FailedTest), ('UndefinedTest', ~FailedTest), ('UndefinedTest', ~FailedTest), ('UndefinedTest', ~FailedTest), ('UndefinedTest', ~FailedTest), ('UndefinedTest', ~FailedTest), ('UndefinedTest', ~FailedTest), ('UndefinedTest', ~FailedTest), ('UndefinedTest', ~FailedTest), ('UndefinedTest', ~FailedTest), ('UndefinedTest', ~FailedTest), ('UndefinedTest', ~FailedTest), ('UndefinedTest', ~FailedTest), ('UndefinedTest', ~FailedTest), ('UndefinedTest', ~FailedTest), ('UndefinedTest', ~FailedTest), ('UndefinedTest', ~FailedTest), ('UndefinedTest', ~FailedTest)]
                        Behavior Type:
                        Behavior.Worsened
                        

                        Testing Hypothesis 51.
                        Hypothesis: ('return (a, x)', 22, 0)
                        
Init HyphotesisTester
Init ModelTester
Entering ModelTester
Starting Model Testing...
Testing test1...
check_consistency
Testing test2...
check_consistency
Testing test3...
check_consistency
Testing test4...
check_consistency
Testing test5...
check_consistency
Testing test6...
check_consistency
Testing test7...
check_consistency
Testing test8...
check_consistency
Testing test9...
check_consistency
Testing test10...
check_consistency
Testing test11...
check_consistency
Testing test12...
check_consistency
Testing test13...
check_consistency
Testing test14...
check_consistency
Testing test15...
check_consistency

               The current test15 result is inconsistent with the previous test15 result.
               Previous Result: ('test15', ~PassedTest)
               Current Result: ('UndefinedTest', ~FailedTest)
               
break for test inconsistency
Model Test Finished...
Previous Explanatory Power: 0.0526
Current Explanatory Power: 0.0
Exiting ModelTester

                        New Observations:
                        [('UndefinedTest', ~FailedTest), ('UndefinedTest', ~FailedTest), ('UndefinedTest', ~FailedTest), ('UndefinedTest', ~FailedTest), ('UndefinedTest', ~FailedTest), ('UndefinedTest', ~FailedTest), ('UndefinedTest', ~FailedTest), ('UndefinedTest', ~FailedTest), ('UndefinedTest', ~FailedTest), ('UndefinedTest', ~FailedTest), ('UndefinedTest', ~FailedTest), ('UndefinedTest', ~FailedTest), ('UndefinedTest', ~FailedTest), ('UndefinedTest', ~FailedTest), ('UndefinedTest', ~FailedTest), ('UndefinedTest', ~FailedTest), ('UndefinedTest', ~FailedTest), ('UndefinedTest', ~FailedTest), ('UndefinedTest', ~FailedTest)]
                        Behavior Type:
                        Behavior.Worsened
                        

                        Testing Hypothesis 52.
                        Hypothesis: ('return (a, i)', 22, 0)
                        
Init HyphotesisTester
Init ModelTester
Entering ModelTester
Starting Model Testing...
Testing test1...
check_consistency
Testing test2...
check_consistency
Testing test3...
check_consistency
Testing test4...
check_consistency
Testing test5...
check_consistency
Testing test6...
check_consistency
Testing test7...
check_consistency
Testing test8...
check_consistency
Testing test9...
check_consistency
Testing test10...
check_consistency
Testing test11...
check_consistency
Testing test12...
check_consistency
Testing test13...
check_consistency
Testing test14...
check_consistency
Testing test15...
check_consistency

               The current test15 result is inconsistent with the previous test15 result.
               Previous Result: ('test15', ~PassedTest)
               Current Result: ('UndefinedTest', ~FailedTest)
               
break for test inconsistency
Model Test Finished...
Previous Explanatory Power: 0.0526
Current Explanatory Power: 0.0
Exiting ModelTester

                        New Observations:
                        [('UndefinedTest', ~FailedTest), ('UndefinedTest', ~FailedTest), ('UndefinedTest', ~FailedTest), ('UndefinedTest', ~FailedTest), ('UndefinedTest', ~FailedTest), ('UndefinedTest', ~FailedTest), ('UndefinedTest', ~FailedTest), ('UndefinedTest', ~FailedTest), ('UndefinedTest', ~FailedTest), ('UndefinedTest', ~FailedTest), ('UndefinedTest', ~FailedTest), ('UndefinedTest', ~FailedTest), ('UndefinedTest', ~FailedTest), ('UndefinedTest', ~FailedTest), ('UndefinedTest', ~FailedTest), ('UndefinedTest', ~FailedTest), ('UndefinedTest', ~FailedTest), ('UndefinedTest', ~FailedTest), ('UndefinedTest', ~FailedTest)]
                        Behavior Type:
                        Behavior.Worsened
                        

                        Testing Hypothesis 53.
                        Hypothesis: ('return (a, bitonicMerge)', 22, 0)
                        
Init HyphotesisTester
Init ModelTester
Entering ModelTester
Starting Model Testing...
Testing test1...

                   test_result == expected_output
                   ([3, 7, 4, 8, 6, 2, 1, 5], <function bitonicMerge at 0x11bd725e0>) == [1, 5, 2, 6, 3, 7, 4, 8]?
                   
check_consistency
Testing test2...

                   test_result == expected_output
                   ([3, 7, 4, 8, 6, 2, 1, 5], <function bitonicMerge at 0x11bd725e0>) == [3, 7, 4, 8, 1, 5, 2, 6]?
                   
check_consistency
Testing test3...

                   test_result == expected_output
                   ([31, 17, 44, 78, 86, 52, 71, 55], <function bitonicMerge at 0x11bd725e0>) == [17, 31, 44, 78, 52, 71, 55, 86]?
                   
check_consistency
Testing test4...

                   test_result == expected_output
                   ([31, 17, 44, 78, 86, 52, 71, 55], <function bitonicMerge at 0x11bd725e0>) == [17, 31, 44, 78, 52, 71, 55, 86]?
                   
check_consistency
Testing test5...

                   test_result == expected_output
                   ([108, 17, 15, 78], <function bitonicMerge at 0x11bd725e0>) == [15, 78, 17, 108]?
                   
check_consistency
Testing test6...

                   test_result == expected_output
                   ([108, 17, 15, 78], <function bitonicMerge at 0x11bd725e0>) == [17, 108, 15, 78]?
                   
check_consistency
Testing test7...

                   test_result == expected_output
                   ([6, 7, 55, 3, 108, 17, 15, 78, 108, 35, 21, 0, 800, 74, 90, 1457], <function bitonicMerge at 0x11bd725e0>) == [3, 7, 6, 55, 15, 78, 17, 108, 0, 21, 35, 108, 74, 800, 90, 1457]?
                   
check_consistency
Testing test8...

                   test_result == expected_output
                   ([6, 7, 55, 3, 108, 17, 15, 78, 108, 35, 21, 0, 800, 74, 90, 1457], <function bitonicMerge at 0x11bd725e0>) == [0, 7, 6, 55, 15, 78, 17, 108, 3, 21, 35, 108, 74, 800, 90, 1457]?
                   
check_consistency
Testing test9...

                   test_result == expected_output
                   ([11, 22, 44, 33, 77, 55, 54, 78, 88, 35, 21, 0, 89, 74, 90, 1457], <function bitonicMerge at 0x11bd725e0>) == [0, 21, 33, 44, 54, 77, 55, 78, 11, 22, 35, 88, 74, 89, 90, 1457]?
                   
check_consistency
Testing test10...

                   test_result == expected_output
                   ([11, 22, 44, 33, 77, 55, 54, 78, 88, 35, 21, 0, 89, 74, 90, 1457], <function bitonicMerge at 0x11bd725e0>) == [11, 22, 33, 44, 54, 77, 55, 78, 0, 21, 35, 88, 74, 89, 90, 1457]?
                   
check_consistency
Testing test11...

                   test_result == expected_output
                   ([1457, 22, 44, 33, 77, 55, 54, 78, 88, 35, 21, 0, 89, 74, 90, 1455], <function bitonicMerge at 0x11bd725e0>) == [0, 21, 33, 78, 54, 77, 55, 1455, 22, 44, 35, 88, 74, 89, 90, 1457]?
                   
check_consistency
Testing test12...

                   test_result == expected_output
                   ([1457, 22, 44, 33, 77, 55, 54, 78, 88, 35, 21, 0, 89, 74, 90, 1455], <function bitonicMerge at 0x11bd725e0>) == [22, 44, 33, 78, 54, 77, 55, 1457, 0, 21, 35, 88, 74, 89, 90, 1455]?
                   
check_consistency
Testing test13...

                   test_result == expected_output
                   ([1457, 7589, 22, 575, 33, 77, 55, 54, 78, 87588, 35, 7587, 0, 89, 74, 1455], <function bitonicMerge at 0x11bd725e0>) == [0, 55, 54, 77, 33, 575, 78, 7589, 22, 89, 74, 1455, 35, 7587, 1457, 87588]?
                   
check_consistency
Testing test14...

                   test_result == expected_output
                   ([1457, 7589, 22, 575, 33, 77, 55, 54, 78, 87588, 35, 7587, 0, 89, 74, 1455], <function bitonicMerge at 0x11bd725e0>) == [22, 55, 54, 77, 33, 575, 1457, 7589, 0, 89, 74, 1455, 35, 7587, 78, 87588]?
                   
check_consistency
Testing test15...

                   test_result == expected_output
                   ([1, 2, 3, 4, 5, 6, 7, 8, 9, 10, 11, 12, 13, 14, 15, 16], <function bitonicMerge at 0x11bd725e0>) == [1, 2, 3, 4, 5, 6, 7, 8, 9, 10, 11, 12, 13, 14, 15, 16]?
                   
check_consistency

               The current test15 result is inconsistent with the previous test15 result.
               Previous Result: ('test15', ~PassedTest)
               Current Result: ('test15', ~FailedTest)
               
break for test inconsistency
Model Test Finished...
Previous Explanatory Power: 0.0526
Current Explanatory Power: 0.0
Exiting ModelTester
check_consistency

The current test15 result is inconsistent with the previous test15 result.
Previous Result: ('test15', ~PassedTest)
Current Result: ('UndefinedTest', ~FailedTest)

break for test inconsistency
Model Test Finished...
Previous Explanatory Power: 0.0526
Current Explanatory Power: 0.0
Exiting ModelTester

New Observations:
[('UndefinedTest', ~FailedTest), ('UndefinedTest', ~FailedTest), ('UndefinedTest', ~FailedTest), ('UndefinedTest', ~FailedTest), ('UndefinedTest', ~FailedTest), ('UndefinedTest', ~FailedTest), ('UndefinedTest', ~FailedTest), ('UndefinedTest', ~FailedTest), ('UndefinedTest', ~FailedTest), ('UndefinedTest', ~FailedTest), ('UndefinedTest', ~FailedTest), ('UndefinedTest', ~FailedTest), ('UndefinedTest', ~FailedTest), ('UndefinedTest', ~FailedTest), ('UndefinedTest', ~FailedTest), ('UndefinedTest', ~FailedTest), ('UndefinedTest', ~FailedTest), ('UndefinedTest', ~FailedTest), ('UndefinedTest', ~FailedTest)]
Behavior Type:
Behavior.Worsened


Testing Hypothesis 51.
Hypothesis: ('return (a, x)', 22, 0)

Init HyphotesisTester
Init ModelTester
Entering ModelTester
Starting Model Testing...
Testing test1...
check_consistency
Testing test2...
check_consistency
Testing test3...
check_consistency
Testing test4...
check_consistency
Testing test5...
check_consistency
Testing test6...
check_consistency
Testing test7...
check_consistency
Testing test8...
check_consistency
Testing test9...
check_consistency
Testing test10...
check_consistency
Testing test11...
check_consistency
Testing test12...
check_consistency
Testing test13...
check_consistency
Testing test14...
check_consistency
Testing test15...
check_consistency

The current test15 result is inconsistent with the previous test15 result.
Previous Result: ('test15', ~PassedTest)
Current Result: ('UndefinedTest', ~FailedTest)

break for test inconsistency
Model Test Finished...
Previous Explanatory Power: 0.0526
Current Explanatory Power: 0.0
Exiting ModelTester

New Observations:
[('UndefinedTest', ~FailedTest), ('UndefinedTest', ~FailedTest), ('UndefinedTest', ~FailedTest), ('UndefinedTest', ~FailedTest), ('UndefinedTest', ~FailedTest), ('UndefinedTest', ~FailedTest), ('UndefinedTest', ~FailedTest), ('UndefinedTest', ~FailedTest), ('UndefinedTest', ~FailedTest), ('UndefinedTest', ~FailedTest), ('UndefinedTest', ~FailedTest), ('UndefinedTest', ~FailedTest), ('UndefinedTest', ~FailedTest), ('UndefinedTest', ~FailedTest), ('UndefinedTest', ~FailedTest), ('UndefinedTest', ~FailedTest), ('UndefinedTest', ~FailedTest), ('UndefinedTest', ~FailedTest), ('UndefinedTest', ~FailedTest)]
Behavior Type:
Behavior.Worsened


Testing Hypothesis 52.
Hypothesis: ('return (a, i)', 22, 0)

Init HyphotesisTester
Init ModelTester
Entering ModelTester
Starting Model Testing...
Testing test1...
check_consistency
Testing test2...
check_consistency
Testing test3...
check_consistency
Testing test4...
check_consistency
Testing test5...
check_consistency
Testing test6...
check_consistency
Testing test7...
check_consistency
Testing test8...
check_consistency
Testing test9...
check_consistency
Testing test10...
check_consistency
Testing test11...
check_consistency
Testing test12...
check_consistency
Testing test13...
check_consistency
Testing test14...
check_consistency
Testing test15...
check_consistency

The current test15 result is inconsistent with the previous test15 result.
Previous Result: ('test15', ~PassedTest)
Current Result: ('UndefinedTest', ~FailedTest)

break for test inconsistency
Model Test Finished...
Previous Explanatory Power: 0.0526
Current Explanatory Power: 0.0
Exiting ModelTester

New Observations:
[('UndefinedTest', ~FailedTest), ('UndefinedTest', ~FailedTest), ('UndefinedTest', ~FailedTest), ('UndefinedTest', ~FailedTest), ('UndefinedTest', ~FailedTest), ('UndefinedTest', ~FailedTest), ('UndefinedTest', ~FailedTest), ('UndefinedTest', ~FailedTest), ('UndefinedTest', ~FailedTest), ('UndefinedTest', ~FailedTest), ('UndefinedTest', ~FailedTest), ('UndefinedTest', ~FailedTest), ('UndefinedTest', ~FailedTest), ('UndefinedTest', ~FailedTest), ('UndefinedTest', ~FailedTest), ('UndefinedTest', ~FailedTest), ('UndefinedTest', ~FailedTest), ('UndefinedTest', ~FailedTest), ('UndefinedTest', ~FailedTest)]
Behavior Type:
Behavior.Worsened


Testing Hypothesis 53.
Hypothesis: ('return (a, bitonicMerge)', 22, 0)

Init HyphotesisTester
Init ModelTester
Entering ModelTester
Starting Model Testing...
Testing test1...

test_result == expected_output
([3, 7, 4, 8, 6, 2, 1, 5], <function bitonicMerge at 0x11bd725e0>) == [1, 5, 2, 6, 3, 7, 4, 8]?

check_consistency
Testing test2...

test_result == expected_output
([3, 7, 4, 8, 6, 2, 1, 5], <function bitonicMerge at 0x11bd725e0>) == [3, 7, 4, 8, 1, 5, 2, 6]?

check_consistency
Testing test3...

test_result == expected_output
([31, 17, 44, 78, 86, 52, 71, 55], <function bitonicMerge at 0x11bd725e0>) == [17, 31, 44, 78, 52, 71, 55, 86]?

check_consistency
Testing test4...

test_result == expected_output
([31, 17, 44, 78, 86, 52, 71, 55], <function bitonicMerge at 0x11bd725e0>) == [17, 31, 44, 78, 52, 71, 55, 86]?

check_consistency
Testing test5...

test_result == expected_output
([108, 17, 15, 78], <function bitonicMerge at 0x11bd725e0>) == [15, 78, 17, 108]?

check_consistency
Testing test6...

test_result == expected_output
([108, 17, 15, 78], <function bitonicMerge at 0x11bd725e0>) == [17, 108, 15, 78]?

check_consistency
Testing test7...

test_result == expected_output
([6, 7, 55, 3, 108, 17, 15, 78, 108, 35, 21, 0, 800, 74, 90, 1457], <function bitonicMerge at 0x11bd725e0>) == [3, 7, 6, 55, 15, 78, 17, 108, 0, 21, 35, 108, 74, 800, 90, 1457]?

check_consistency
Testing test8...

test_result == expected_output
([6, 7, 55, 3, 108, 17, 15, 78, 108, 35, 21, 0, 800, 74, 90, 1457], <function bitonicMerge at 0x11bd725e0>) == [0, 7, 6, 55, 15, 78, 17, 108, 3, 21, 35, 108, 74, 800, 90, 1457]?

check_consistency
Testing test9...

test_result == expected_output
([11, 22, 44, 33, 77, 55, 54, 78, 88, 35, 21, 0, 89, 74, 90, 1457], <function bitonicMerge at 0x11bd725e0>) == [0, 21, 33, 44, 54, 77, 55, 78, 11, 22, 35, 88, 74, 89, 90, 1457]?

check_consistency
Testing test10...

test_result == expected_output
([11, 22, 44, 33, 77, 55, 54, 78, 88, 35, 21, 0, 89, 74, 90, 1457], <function bitonicMerge at 0x11bd725e0>) == [11, 22, 33, 44, 54, 77, 55, 78, 0, 21, 35, 88, 74, 89, 90, 1457]?

check_consistency
Testing test11...

test_result == expected_output
([1457, 22, 44, 33, 77, 55, 54, 78, 88, 35, 21, 0, 89, 74, 90, 1455], <function bitonicMerge at 0x11bd725e0>) == [0, 21, 33, 78, 54, 77, 55, 1455, 22, 44, 35, 88, 74, 89, 90, 1457]?

check_consistency
Testing test12...

test_result == expected_output
([1457, 22, 44, 33, 77, 55, 54, 78, 88, 35, 21, 0, 89, 74, 90, 1455], <function bitonicMerge at 0x11bd725e0>) == [22, 44, 33, 78, 54, 77, 55, 1457, 0, 21, 35, 88, 74, 89, 90, 1455]?

check_consistency
Testing test13...

test_result == expected_output
([1457, 7589, 22, 575, 33, 77, 55, 54, 78, 87588, 35, 7587, 0, 89, 74, 1455], <function bitonicMerge at 0x11bd725e0>) == [0, 55, 54, 77, 33, 575, 78, 7589, 22, 89, 74, 1455, 35, 7587, 1457, 87588]?

check_consistency
Testing test14...

test_result == expected_output
([1457, 7589, 22, 575, 33, 77, 55, 54, 78, 87588, 35, 7587, 0, 89, 74, 1455], <function bitonicMerge at 0x11bd725e0>) == [22, 55, 54, 77, 33, 575, 1457, 7589, 0, 89, 74, 1455, 35, 7587, 78, 87588]?

check_consistency
Testing test15...

test_result == expected_output
([1, 2, 3, 4, 5, 6, 7, 8, 9, 10, 11, 12, 13, 14, 15, 16], <function bitonicMerge at 0x11bd725e0>) == [1, 2, 3, 4, 5, 6, 7, 8, 9, 10, 11, 12, 13, 14, 15, 16]?

check_consistency

The current test15 result is inconsistent with the previous test15 result.
Previous Result: ('test15', ~PassedTest)
Current Result: ('test15', ~FailedTest)

break for test inconsistency
Model Test Finished...
Previous Explanatory Power: 0.0526
Current Explanatory Power: 0.0
Exiting ModelTester

                        New Observations:
                        [('test1', ~FailedTest), ('test2', ~FailedTest), ('test3', ~FailedTest), ('test4', ~FailedTest), ('test5', ~FailedTest), ('test6', ~FailedTest), ('test7', ~FailedTest), ('test8', ~FailedTest), ('test9', ~FailedTest), ('test10', ~FailedTest), ('test11', ~FailedTest), ('test12', ~FailedTest), ('test13', ~FailedTest), ('test14', ~FailedTest), ('test15', ~FailedTest), ('UndefinedTest', ~FailedTest), ('UndefinedTest', ~FailedTest), ('UndefinedTest', ~FailedTest), ('UndefinedTest', ~FailedTest)]
                        Behavior Type:
                        Behavior.Worsened
                        

                        Testing Hypothesis 54.
                        Hypothesis: ('return (a, axis)', 22, 0)
                        
Init HyphotesisTester
Init ModelTester
Entering ModelTester
Starting Model Testing...
Testing test1...
check_consistency
Testing test2...
check_consistency
Testing test3...
check_consistency
Testing test4...
check_consistency
Testing test5...
check_consistency
Testing test6...
check_consistency
Testing test7...
check_consistency
Testing test8...
check_consistency
Testing test9...
check_consistency
Testing test10...
check_consistency
Testing test11...
check_consistency
Testing test12...
check_consistency
Testing test13...
check_consistency
Testing test14...
check_consistency
Testing test15...
check_consistency

               The current test15 result is inconsistent with the previous test15 result.
               Previous Result: ('test15', ~PassedTest)
               Current Result: ('UndefinedTest', ~FailedTest)
               
break for test inconsistency
Model Test Finished...
Previous Explanatory Power: 0.0526
Current Explanatory Power: 0.0
Exiting ModelTester

                        New Observations:
                        [('UndefinedTest', ~FailedTest), ('UndefinedTest', ~FailedTest), ('UndefinedTest', ~FailedTest), ('UndefinedTest', ~FailedTest), ('UndefinedTest', ~FailedTest), ('UndefinedTest', ~FailedTest), ('UndefinedTest', ~FailedTest), ('UndefinedTest', ~FailedTest), ('UndefinedTest', ~FailedTest), ('UndefinedTest', ~FailedTest), ('UndefinedTest', ~FailedTest), ('UndefinedTest', ~FailedTest), ('UndefinedTest', ~FailedTest), ('UndefinedTest', ~FailedTest), ('UndefinedTest', ~FailedTest), ('UndefinedTest', ~FailedTest), ('UndefinedTest', ~FailedTest), ('UndefinedTest', ~FailedTest), ('UndefinedTest', ~FailedTest)]
                        Behavior Type:
                        Behavior.Worsened
                        

                        Testing Hypothesis 55.
                        Hypothesis: ('return (a, low)', 22, 0)
                        
Init HyphotesisTester
Init ModelTester
Entering ModelTester
Starting Model Testing...
Testing test1...
check_consistency
Testing test2...
check_consistency
Testing test3...
check_consistency
Testing test4...
check_consistency
Testing test5...
check_consistency
Testing test6...
check_consistency
Testing test7...
check_consistency
Testing test8...
check_consistency
Testing test9...
check_consistency
Testing test10...
check_consistency
Testing test11...
check_consistency
Testing test12...
check_consistency
Testing test13...
check_consistency
Testing test14...
check_consistency
Testing test15...
check_consistency

               The current test15 result is inconsistent with the previous test15 result.
               Previous Result: ('test15', ~PassedTest)
               Current Result: ('UndefinedTest', ~FailedTest)
               
break for test inconsistency
Model Test Finished...
Previous Explanatory Power: 0.0526
Current Explanatory Power: 0.0
Exiting ModelTester

                        New Observations:
                        [('UndefinedTest', ~FailedTest), ('UndefinedTest', ~FailedTest), ('UndefinedTest', ~FailedTest), ('UndefinedTest', ~FailedTest), ('UndefinedTest', ~FailedTest), ('UndefinedTest', ~FailedTest), ('UndefinedTest', ~FailedTest), ('UndefinedTest', ~FailedTest), ('UndefinedTest', ~FailedTest), ('UndefinedTest', ~FailedTest), ('UndefinedTest', ~FailedTest), ('UndefinedTest', ~FailedTest), ('UndefinedTest', ~FailedTest), ('UndefinedTest', ~FailedTest), ('UndefinedTest', ~FailedTest), ('UndefinedTest', ~FailedTest), ('UndefinedTest', ~FailedTest), ('UndefinedTest', ~FailedTest), ('UndefinedTest', ~FailedTest)]
                        Behavior Type:
                        Behavior.Worsened
                        

                        Testing Hypothesis 56.
                        Hypothesis: ('return (a, cnt)', 22, 0)
                        
Init HyphotesisTester
Init ModelTester
Entering ModelTester
Starting Model Testing...
Testing test1...
check_consistency
Testing test2...
check_consistency
Testing test3...
check_consistency
Testing test4...
check_consistency
Testing test5...
check_consistency
Testing test6...
check_consistency
Testing test7...
check_consistency
Testing test8...
check_consistency
Testing test9...
check_consistency
Testing test10...
check_consistency
Testing test11...
check_consistency
Testing test12...
check_consistency
Testing test13...
check_consistency
Testing test14...
check_consistency
Testing test15...
check_consistency

               The current test15 result is inconsistent with the previous test15 result.
               Previous Result: ('test15', ~PassedTest)
               Current Result: ('UndefinedTest', ~FailedTest)
               
break for test inconsistency
Model Test Finished...
Previous Explanatory Power: 0.0526
Current Explanatory Power: 0.0
Exiting ModelTester

                        New Observations:
                        [('UndefinedTest', ~FailedTest), ('UndefinedTest', ~FailedTest), ('UndefinedTest', ~FailedTest), ('UndefinedTest', ~FailedTest), ('UndefinedTest', ~FailedTest), ('UndefinedTest', ~FailedTest), ('UndefinedTest', ~FailedTest), ('UndefinedTest', ~FailedTest), ('UndefinedTest', ~FailedTest), ('UndefinedTest', ~FailedTest), ('UndefinedTest', ~FailedTest), ('UndefinedTest', ~FailedTest), ('UndefinedTest', ~FailedTest), ('UndefinedTest', ~FailedTest), ('UndefinedTest', ~FailedTest), ('UndefinedTest', ~FailedTest), ('UndefinedTest', ~FailedTest), ('UndefinedTest', ~FailedTest), ('UndefinedTest', ~FailedTest)]
                        Behavior Type:
                        Behavior.Worsened
                        

                        Testing Hypothesis 57.
                        Hypothesis: ('return (a, a)', 22, 0)
                        
Init HyphotesisTester
Init ModelTester
Entering ModelTester
Starting Model Testing...
Testing test1...

                   test_result == expected_output
                   ([3, 7, 4, 8, 6, 2, 1, 5], [3, 7, 4, 8, 6, 2, 1, 5]) == [1, 5, 2, 6, 3, 7, 4, 8]?
                   
check_consistency
Testing test2...

                   test_result == expected_output
                   ([3, 7, 4, 8, 6, 2, 1, 5], [3, 7, 4, 8, 6, 2, 1, 5]) == [3, 7, 4, 8, 1, 5, 2, 6]?
                   
check_consistency
Testing test3...

                   test_result == expected_output
                   ([31, 17, 44, 78, 86, 52, 71, 55], [31, 17, 44, 78, 86, 52, 71, 55]) == [17, 31, 44, 78, 52, 71, 55, 86]?
                   
check_consistency
Testing test4...

                   test_result == expected_output
                   ([31, 17, 44, 78, 86, 52, 71, 55], [31, 17, 44, 78, 86, 52, 71, 55]) == [17, 31, 44, 78, 52, 71, 55, 86]?
                   
check_consistency
Testing test5...

                   test_result == expected_output
                   ([108, 17, 15, 78], [108, 17, 15, 78]) == [15, 78, 17, 108]?
                   
check_consistency
Testing test6...

                   test_result == expected_output
                   ([108, 17, 15, 78], [108, 17, 15, 78]) == [17, 108, 15, 78]?
                   
check_consistency
Testing test7...

                   test_result == expected_output
                   ([6, 7, 55, 3, 108, 17, 15, 78, 108, 35, 21, 0, 800, 74, 90, 1457], [6, 7, 55, 3, 108, 17, 15, 78, 108, 35, 21, 0, 800, 74, 90, 1457]) == [3, 7, 6, 55, 15, 78, 17, 108, 0, 21, 35, 108, 74, 800, 90, 1457]?
                   
check_consistency
Testing test8...

                   test_result == expected_output
                   ([6, 7, 55, 3, 108, 17, 15, 78, 108, 35, 21, 0, 800, 74, 90, 1457], [6, 7, 55, 3, 108, 17, 15, 78, 108, 35, 21, 0, 800, 74, 90, 1457]) == [0, 7, 6, 55, 15, 78, 17, 108, 3, 21, 35, 108, 74, 800, 90, 1457]?
                   
check_consistency
Testing test9...

                   test_result == expected_output
                   ([11, 22, 44, 33, 77, 55, 54, 78, 88, 35, 21, 0, 89, 74, 90, 1457], [11, 22, 44, 33, 77, 55, 54, 78, 88, 35, 21, 0, 89, 74, 90, 1457]) == [0, 21, 33, 44, 54, 77, 55, 78, 11, 22, 35, 88, 74, 89, 90, 1457]?
                   
check_consistency
Testing test10...

                   test_result == expected_output
                   ([11, 22, 44, 33, 77, 55, 54, 78, 88, 35, 21, 0, 89, 74, 90, 1457], [11, 22, 44, 33, 77, 55, 54, 78, 88, 35, 21, 0, 89, 74, 90, 1457]) == [11, 22, 33, 44, 54, 77, 55, 78, 0, 21, 35, 88, 74, 89, 90, 1457]?
                   
check_consistency
Testing test11...

                   test_result == expected_output
                   ([1457, 22, 44, 33, 77, 55, 54, 78, 88, 35, 21, 0, 89, 74, 90, 1455], [1457, 22, 44, 33, 77, 55, 54, 78, 88, 35, 21, 0, 89, 74, 90, 1455]) == [0, 21, 33, 78, 54, 77, 55, 1455, 22, 44, 35, 88, 74, 89, 90, 1457]?
                   
check_consistency
Testing test12...

                   test_result == expected_output
                   ([1457, 22, 44, 33, 77, 55, 54, 78, 88, 35, 21, 0, 89, 74, 90, 1455], [1457, 22, 44, 33, 77, 55, 54, 78, 88, 35, 21, 0, 89, 74, 90, 1455]) == [22, 44, 33, 78, 54, 77, 55, 1457, 0, 21, 35, 88, 74, 89, 90, 1455]?
                   

New Observations:
[('test1', ~FailedTest), ('test2', ~FailedTest), ('test3', ~FailedTest), ('test4', ~FailedTest), ('test5', ~FailedTest), ('test6', ~FailedTest), ('test7', ~FailedTest), ('test8', ~FailedTest), ('test9', ~FailedTest), ('test10', ~FailedTest), ('test11', ~FailedTest), ('test12', ~FailedTest), ('test13', ~FailedTest), ('test14', ~FailedTest), ('test15', ~FailedTest), ('UndefinedTest', ~FailedTest), ('UndefinedTest', ~FailedTest), ('UndefinedTest', ~FailedTest), ('UndefinedTest', ~FailedTest)]
Behavior Type:
Behavior.Worsened


Testing Hypothesis 54.
Hypothesis: ('return (a, axis)', 22, 0)

Init HyphotesisTester
Init ModelTester
Entering ModelTester
Starting Model Testing...
Testing test1...
check_consistency
Testing test2...
check_consistency
Testing test3...
check_consistency
Testing test4...
check_consistency
Testing test5...
check_consistency
Testing test6...
check_consistency
Testing test7...
check_consistency
Testing test8...
check_consistency
Testing test9...
check_consistency
Testing test10...
check_consistency
Testing test11...
check_consistency
Testing test12...
check_consistency
Testing test13...
check_consistency
Testing test14...
check_consistency
Testing test15...
check_consistency

The current test15 result is inconsistent with the previous test15 result.
Previous Result: ('test15', ~PassedTest)
Current Result: ('UndefinedTest', ~FailedTest)

break for test inconsistency
Model Test Finished...
Previous Explanatory Power: 0.0526
Current Explanatory Power: 0.0
Exiting ModelTester

New Observations:
[('UndefinedTest', ~FailedTest), ('UndefinedTest', ~FailedTest), ('UndefinedTest', ~FailedTest), ('UndefinedTest', ~FailedTest), ('UndefinedTest', ~FailedTest), ('UndefinedTest', ~FailedTest), ('UndefinedTest', ~FailedTest), ('UndefinedTest', ~FailedTest), ('UndefinedTest', ~FailedTest), ('UndefinedTest', ~FailedTest), ('UndefinedTest', ~FailedTest), ('UndefinedTest', ~FailedTest), ('UndefinedTest', ~FailedTest), ('UndefinedTest', ~FailedTest), ('UndefinedTest', ~FailedTest), ('UndefinedTest', ~FailedTest), ('UndefinedTest', ~FailedTest), ('UndefinedTest', ~FailedTest), ('UndefinedTest', ~FailedTest)]
Behavior Type:
Behavior.Worsened


Testing Hypothesis 55.
Hypothesis: ('return (a, low)', 22, 0)

Init HyphotesisTester
Init ModelTester
Entering ModelTester
Starting Model Testing...
Testing test1...
check_consistency
Testing test2...
check_consistency
Testing test3...
check_consistency
Testing test4...
check_consistency
Testing test5...
check_consistency
Testing test6...
check_consistency
Testing test7...
check_consistency
Testing test8...
check_consistency
Testing test9...
check_consistency
Testing test10...
check_consistency
Testing test11...
check_consistency
Testing test12...
check_consistency
Testing test13...
check_consistency
Testing test14...
check_consistency
Testing test15...
check_consistency

The current test15 result is inconsistent with the previous test15 result.
Previous Result: ('test15', ~PassedTest)
Current Result: ('UndefinedTest', ~FailedTest)

break for test inconsistency
Model Test Finished...
Previous Explanatory Power: 0.0526
Current Explanatory Power: 0.0
Exiting ModelTester

New Observations:
[('UndefinedTest', ~FailedTest), ('UndefinedTest', ~FailedTest), ('UndefinedTest', ~FailedTest), ('UndefinedTest', ~FailedTest), ('UndefinedTest', ~FailedTest), ('UndefinedTest', ~FailedTest), ('UndefinedTest', ~FailedTest), ('UndefinedTest', ~FailedTest), ('UndefinedTest', ~FailedTest), ('UndefinedTest', ~FailedTest), ('UndefinedTest', ~FailedTest), ('UndefinedTest', ~FailedTest), ('UndefinedTest', ~FailedTest), ('UndefinedTest', ~FailedTest), ('UndefinedTest', ~FailedTest), ('UndefinedTest', ~FailedTest), ('UndefinedTest', ~FailedTest), ('UndefinedTest', ~FailedTest), ('UndefinedTest', ~FailedTest)]
Behavior Type:
Behavior.Worsened


Testing Hypothesis 56.
Hypothesis: ('return (a, cnt)', 22, 0)

Init HyphotesisTester
Init ModelTester
Entering ModelTester
Starting Model Testing...
Testing test1...
check_consistency
Testing test2...
check_consistency
Testing test3...
check_consistency
Testing test4...
check_consistency
Testing test5...
check_consistency
Testing test6...
check_consistency
Testing test7...
check_consistency
Testing test8...
check_consistency
Testing test9...
check_consistency
Testing test10...
check_consistency
Testing test11...
check_consistency
Testing test12...
check_consistency
Testing test13...
check_consistency
Testing test14...
check_consistency
Testing test15...
check_consistency

The current test15 result is inconsistent with the previous test15 result.
Previous Result: ('test15', ~PassedTest)
Current Result: ('UndefinedTest', ~FailedTest)

break for test inconsistency
Model Test Finished...
Previous Explanatory Power: 0.0526
Current Explanatory Power: 0.0
Exiting ModelTester

New Observations:
[('UndefinedTest', ~FailedTest), ('UndefinedTest', ~FailedTest), ('UndefinedTest', ~FailedTest), ('UndefinedTest', ~FailedTest), ('UndefinedTest', ~FailedTest), ('UndefinedTest', ~FailedTest), ('UndefinedTest', ~FailedTest), ('UndefinedTest', ~FailedTest), ('UndefinedTest', ~FailedTest), ('UndefinedTest', ~FailedTest), ('UndefinedTest', ~FailedTest), ('UndefinedTest', ~FailedTest), ('UndefinedTest', ~FailedTest), ('UndefinedTest', ~FailedTest), ('UndefinedTest', ~FailedTest), ('UndefinedTest', ~FailedTest), ('UndefinedTest', ~FailedTest), ('UndefinedTest', ~FailedTest), ('UndefinedTest', ~FailedTest)]
Behavior Type:
Behavior.Worsened


Testing Hypothesis 57.
Hypothesis: ('return (a, a)', 22, 0)

Init HyphotesisTester
Init ModelTester
Entering ModelTester
Starting Model Testing...
Testing test1...

test_result == expected_output
([3, 7, 4, 8, 6, 2, 1, 5], [3, 7, 4, 8, 6, 2, 1, 5]) == [1, 5, 2, 6, 3, 7, 4, 8]?

check_consistency
Testing test2...

test_result == expected_output
([3, 7, 4, 8, 6, 2, 1, 5], [3, 7, 4, 8, 6, 2, 1, 5]) == [3, 7, 4, 8, 1, 5, 2, 6]?

check_consistency
Testing test3...

test_result == expected_output
([31, 17, 44, 78, 86, 52, 71, 55], [31, 17, 44, 78, 86, 52, 71, 55]) == [17, 31, 44, 78, 52, 71, 55, 86]?

check_consistency
Testing test4...

test_result == expected_output
([31, 17, 44, 78, 86, 52, 71, 55], [31, 17, 44, 78, 86, 52, 71, 55]) == [17, 31, 44, 78, 52, 71, 55, 86]?

check_consistency
Testing test5...

test_result == expected_output
([108, 17, 15, 78], [108, 17, 15, 78]) == [15, 78, 17, 108]?

check_consistency
Testing test6...

test_result == expected_output
([108, 17, 15, 78], [108, 17, 15, 78]) == [17, 108, 15, 78]?

check_consistency
Testing test7...

test_result == expected_output
([6, 7, 55, 3, 108, 17, 15, 78, 108, 35, 21, 0, 800, 74, 90, 1457], [6, 7, 55, 3, 108, 17, 15, 78, 108, 35, 21, 0, 800, 74, 90, 1457]) == [3, 7, 6, 55, 15, 78, 17, 108, 0, 21, 35, 108, 74, 800, 90, 1457]?

check_consistency
Testing test8...

test_result == expected_output
([6, 7, 55, 3, 108, 17, 15, 78, 108, 35, 21, 0, 800, 74, 90, 1457], [6, 7, 55, 3, 108, 17, 15, 78, 108, 35, 21, 0, 800, 74, 90, 1457]) == [0, 7, 6, 55, 15, 78, 17, 108, 3, 21, 35, 108, 74, 800, 90, 1457]?

check_consistency
Testing test9...

test_result == expected_output
([11, 22, 44, 33, 77, 55, 54, 78, 88, 35, 21, 0, 89, 74, 90, 1457], [11, 22, 44, 33, 77, 55, 54, 78, 88, 35, 21, 0, 89, 74, 90, 1457]) == [0, 21, 33, 44, 54, 77, 55, 78, 11, 22, 35, 88, 74, 89, 90, 1457]?

check_consistency
Testing test10...

test_result == expected_output
([11, 22, 44, 33, 77, 55, 54, 78, 88, 35, 21, 0, 89, 74, 90, 1457], [11, 22, 44, 33, 77, 55, 54, 78, 88, 35, 21, 0, 89, 74, 90, 1457]) == [11, 22, 33, 44, 54, 77, 55, 78, 0, 21, 35, 88, 74, 89, 90, 1457]?

check_consistency
Testing test11...

test_result == expected_output
([1457, 22, 44, 33, 77, 55, 54, 78, 88, 35, 21, 0, 89, 74, 90, 1455], [1457, 22, 44, 33, 77, 55, 54, 78, 88, 35, 21, 0, 89, 74, 90, 1455]) == [0, 21, 33, 78, 54, 77, 55, 1455, 22, 44, 35, 88, 74, 89, 90, 1457]?

check_consistency
Testing test12...

test_result == expected_output
([1457, 22, 44, 33, 77, 55, 54, 78, 88, 35, 21, 0, 89, 74, 90, 1455], [1457, 22, 44, 33, 77, 55, 54, 78, 88, 35, 21, 0, 89, 74, 90, 1455]) == [22, 44, 33, 78, 54, 77, 55, 1457, 0, 21, 35, 88, 74, 89, 90, 1455]?

check_consistency
Testing test13...

                   test_result == expected_output
                   ([1457, 7589, 22, 575, 33, 77, 55, 54, 78, 87588, 35, 7587, 0, 89, 74, 1455], [1457, 7589, 22, 575, 33, 77, 55, 54, 78, 87588, 35, 7587, 0, 89, 74, 1455]) == [0, 55, 54, 77, 33, 575, 78, 7589, 22, 89, 74, 1455, 35, 7587, 1457, 87588]?
                   
check_consistency
Testing test14...

                   test_result == expected_output
                   ([1457, 7589, 22, 575, 33, 77, 55, 54, 78, 87588, 35, 7587, 0, 89, 74, 1455], [1457, 7589, 22, 575, 33, 77, 55, 54, 78, 87588, 35, 7587, 0, 89, 74, 1455]) == [22, 55, 54, 77, 33, 575, 1457, 7589, 0, 89, 74, 1455, 35, 7587, 78, 87588]?
                   
check_consistency
Testing test15...

                   test_result == expected_output
                   ([1, 2, 3, 4, 5, 6, 7, 8, 9, 10, 11, 12, 13, 14, 15, 16], [1, 2, 3, 4, 5, 6, 7, 8, 9, 10, 11, 12, 13, 14, 15, 16]) == [1, 2, 3, 4, 5, 6, 7, 8, 9, 10, 11, 12, 13, 14, 15, 16]?
                   
check_consistency

               The current test15 result is inconsistent with the previous test15 result.
               Previous Result: ('test15', ~PassedTest)
               Current Result: ('test15', ~FailedTest)
               
break for test inconsistency
Model Test Finished...
Previous Explanatory Power: 0.0526
Current Explanatory Power: 0.0
Exiting ModelTester

                        New Observations:
                        [('test1', ~FailedTest), ('test2', ~FailedTest), ('test3', ~FailedTest), ('test4', ~FailedTest), ('test5', ~FailedTest), ('test6', ~FailedTest), ('test7', ~FailedTest), ('test8', ~FailedTest), ('test9', ~FailedTest), ('test10', ~FailedTest), ('test11', ~FailedTest), ('test12', ~FailedTest), ('test13', ~FailedTest), ('test14', ~FailedTest), ('test15', ~FailedTest), ('UndefinedTest', ~FailedTest), ('UndefinedTest', ~FailedTest), ('UndefinedTest', ~FailedTest), ('UndefinedTest', ~FailedTest)]
                        Behavior Type:
                        Behavior.Worsened
                        

                        Testing Hypothesis 58.
                        Hypothesis: ('return (a, up)', 22, 0)
                        
Init HyphotesisTester
Init ModelTester
Entering ModelTester
Starting Model Testing...
Testing test1...

                   test_result == expected_output
                   ([3, 7, 4, 8, 6, 2, 1, 5], 1) == [1, 5, 2, 6, 3, 7, 4, 8]?
                   
check_consistency
Testing test2...

                   test_result == expected_output
                   ([3, 7, 4, 8, 6, 2, 1, 5], 2) == [3, 7, 4, 8, 1, 5, 2, 6]?
                   
check_consistency
Testing test3...

                   test_result == expected_output
                   ([31, 17, 44, 78, 86, 52, 71, 55], 1) == [17, 31, 44, 78, 52, 71, 55, 86]?
                   
check_consistency
Testing test4...

                   test_result == expected_output
                   ([31, 17, 44, 78, 86, 52, 71, 55], 2) == [17, 31, 44, 78, 52, 71, 55, 86]?
                   
check_consistency
Testing test5...

                   test_result == expected_output
                   ([108, 17, 15, 78], 1) == [15, 78, 17, 108]?
                   
check_consistency
Testing test6...

                   test_result == expected_output
                   ([108, 17, 15, 78], 2) == [17, 108, 15, 78]?
                   
check_consistency
Testing test7...

                   test_result == expected_output
                   ([6, 7, 55, 3, 108, 17, 15, 78, 108, 35, 21, 0, 800, 74, 90, 1457], 2) == [3, 7, 6, 55, 15, 78, 17, 108, 0, 21, 35, 108, 74, 800, 90, 1457]?
                   
check_consistency
Testing test8...

                   test_result == expected_output
                   ([6, 7, 55, 3, 108, 17, 15, 78, 108, 35, 21, 0, 800, 74, 90, 1457], 1) == [0, 7, 6, 55, 15, 78, 17, 108, 3, 21, 35, 108, 74, 800, 90, 1457]?
                   
check_consistency
Testing test9...

                   test_result == expected_output
                   ([11, 22, 44, 33, 77, 55, 54, 78, 88, 35, 21, 0, 89, 74, 90, 1457], 1) == [0, 21, 33, 44, 54, 77, 55, 78, 11, 22, 35, 88, 74, 89, 90, 1457]?
                   
check_consistency
Testing test10...

                   test_result == expected_output
                   ([11, 22, 44, 33, 77, 55, 54, 78, 88, 35, 21, 0, 89, 74, 90, 1457], 2) == [11, 22, 33, 44, 54, 77, 55, 78, 0, 21, 35, 88, 74, 89, 90, 1457]?
                   
check_consistency
Testing test11...

                   test_result == expected_output
                   ([1457, 22, 44, 33, 77, 55, 54, 78, 88, 35, 21, 0, 89, 74, 90, 1455], 1) == [0, 21, 33, 78, 54, 77, 55, 1455, 22, 44, 35, 88, 74, 89, 90, 1457]?
                   
check_consistency
Testing test12...

                   test_result == expected_output
                   ([1457, 22, 44, 33, 77, 55, 54, 78, 88, 35, 21, 0, 89, 74, 90, 1455], 2) == [22, 44, 33, 78, 54, 77, 55, 1457, 0, 21, 35, 88, 74, 89, 90, 1455]?
                   
check_consistency
Testing test13...

                   test_result == expected_output
                   ([1457, 7589, 22, 575, 33, 77, 55, 54, 78, 87588, 35, 7587, 0, 89, 74, 1455], 1) == [0, 55, 54, 77, 33, 575, 78, 7589, 22, 89, 74, 1455, 35, 7587, 1457, 87588]?
                   
check_consistency
Testing test14...

                   test_result == expected_output
                   ([1457, 7589, 22, 575, 33, 77, 55, 54, 78, 87588, 35, 7587, 0, 89, 74, 1455], 2) == [22, 55, 54, 77, 33, 575, 1457, 7589, 0, 89, 74, 1455, 35, 7587, 78, 87588]?
                   
check_consistency
Testing test15...

                   test_result == expected_output
                   ([1, 2, 3, 4, 5, 6, 7, 8, 9, 10, 11, 12, 13, 14, 15, 16], 1) == [1, 2, 3, 4, 5, 6, 7, 8, 9, 10, 11, 12, 13, 14, 15, 16]?
                   
check_consistency

               The current test15 result is inconsistent with the previous test15 result.
               Previous Result: ('test15', ~PassedTest)
               Current Result: ('test15', ~FailedTest)
               
break for test inconsistency
Model Test Finished...
Previous Explanatory Power: 0.0526
Current Explanatory Power: 0.0
Exiting ModelTester

                        New Observations:
                        [('test1', ~FailedTest), ('test2', ~FailedTest), ('test3', ~FailedTest), ('test4', ~FailedTest), ('test5', ~FailedTest), ('test6', ~FailedTest), ('test7', ~FailedTest), ('test8', ~FailedTest), ('test9', ~FailedTest), ('test10', ~FailedTest), ('test11', ~FailedTest), ('test12', ~FailedTest), ('test13', ~FailedTest), ('test14', ~FailedTest), ('test15', ~FailedTest), ('UndefinedTest', ~FailedTest), ('UndefinedTest', ~FailedTest), ('UndefinedTest', ~FailedTest), ('UndefinedTest', ~FailedTest)]
                        Behavior Type:
                        Behavior.Worsened
                        

                        Testing Hypothesis 59.
                        Hypothesis: ('return (a, compAndSwap)', 22, 0)
                        
Init HyphotesisTester
Init ModelTester
Entering ModelTester
Starting Model Testing...
Testing test1...

                   test_result == expected_output
                   ([3, 7, 4, 8, 6, 2, 1, 5], <function compAndSwap at 0x11bd72dc0>) == [1, 5, 2, 6, 3, 7, 4, 8]?
                   
check_consistency
Testing test2...

                   test_result == expected_output
                   ([3, 7, 4, 8, 6, 2, 1, 5], <function compAndSwap at 0x11bd72dc0>) == [3, 7, 4, 8, 1, 5, 2, 6]?
                   
check_consistency
Testing test3...

                   test_result == expected_output
                   ([31, 17, 44, 78, 86, 52, 71, 55], <function compAndSwap at 0x11bd72dc0>) == [17, 31, 44, 78, 52, 71, 55, 86]?
                   
check_consistency
Testing test4...

                   test_result == expected_output
                   ([31, 17, 44, 78, 86, 52, 71, 55], <function compAndSwap at 0x11bd72dc0>) == [17, 31, 44, 78, 52, 71, 55, 86]?
                   
check_consistency
Testing test5...

                   test_result == expected_output
                   ([108, 17, 15, 78], <function compAndSwap at 0x11bd72dc0>) == [15, 78, 17, 108]?
                   
check_consistency
Testing test6...

                   test_result == expected_output
                   ([108, 17, 15, 78], <function compAndSwap at 0x11bd72dc0>) == [17, 108, 15, 78]?
                   
check_consistency
Testing test7...

                   test_result == expected_output
                   ([6, 7, 55, 3, 108, 17, 15, 78, 108, 35, 21, 0, 800, 74, 90, 1457], <function compAndSwap at 0x11bd72dc0>) == [3, 7, 6, 55, 15, 78, 17, 108, 0, 21, 35, 108, 74, 800, 90, 1457]?
                   
check_consistency
Testing test8...

                   test_result == expected_output
                   ([6, 7, 55, 3, 108, 17, 15, 78, 108, 35, 21, 0, 800, 74, 90, 1457], <function compAndSwap at 0x11bd72dc0>) == [0, 7, 6, 55, 15, 78, 17, 108, 3, 21, 35, 108, 74, 800, 90, 1457]?
                   
check_consistency
Testing test9...

                   test_result == expected_output
                   ([11, 22, 44, 33, 77, 55, 54, 78, 88, 35, 21, 0, 89, 74, 90, 1457], <function compAndSwap at 0x11bd72dc0>) == [0, 21, 33, 44, 54, 77, 55, 78, 11, 22, 35, 88, 74, 89, 90, 1457]?
                   
check_consistency
Testing test10...

                   test_result == expected_output
                   ([11, 22, 44, 33, 77, 55, 54, 78, 88, 35, 21, 0, 89, 74, 90, 1457], <function compAndSwap at 0x11bd72dc0>) == [11, 22, 33, 44, 54, 77, 55, 78, 0, 21, 35, 88, 74, 89, 90, 1457]?
                   
check_consistency
Testing test11...

                   test_result == expected_output
                   ([1457, 22, 44, 33, 77, 55, 54, 78, 88, 35, 21, 0, 89, 74, 90, 1455], <function compAndSwap at 0x11bd72dc0>) == [0, 21, 33, 78, 54, 77, 55, 1455, 22, 44, 35, 88, 74, 89, 90, 1457]?
                   
check_consistency
Testing test12...

                   test_result == expected_output
                   ([1457, 22, 44, 33, 77, 55, 54, 78, 88, 35, 21, 0, 89, 74, 90, 1455], <function compAndSwap at 0x11bd72dc0>) == [22, 44, 33, 78, 54, 77, 55, 1457, 0, 21, 35, 88, 74, 89, 90, 1455]?
                   
check_consistency
Testing test13...
check_consistency
Testing test13...

test_result == expected_output
([1457, 7589, 22, 575, 33, 77, 55, 54, 78, 87588, 35, 7587, 0, 89, 74, 1455], [1457, 7589, 22, 575, 33, 77, 55, 54, 78, 87588, 35, 7587, 0, 89, 74, 1455]) == [0, 55, 54, 77, 33, 575, 78, 7589, 22, 89, 74, 1455, 35, 7587, 1457, 87588]?

check_consistency
Testing test14...

test_result == expected_output
([1457, 7589, 22, 575, 33, 77, 55, 54, 78, 87588, 35, 7587, 0, 89, 74, 1455], [1457, 7589, 22, 575, 33, 77, 55, 54, 78, 87588, 35, 7587, 0, 89, 74, 1455]) == [22, 55, 54, 77, 33, 575, 1457, 7589, 0, 89, 74, 1455, 35, 7587, 78, 87588]?

check_consistency
Testing test15...

test_result == expected_output
([1, 2, 3, 4, 5, 6, 7, 8, 9, 10, 11, 12, 13, 14, 15, 16], [1, 2, 3, 4, 5, 6, 7, 8, 9, 10, 11, 12, 13, 14, 15, 16]) == [1, 2, 3, 4, 5, 6, 7, 8, 9, 10, 11, 12, 13, 14, 15, 16]?

check_consistency

The current test15 result is inconsistent with the previous test15 result.
Previous Result: ('test15', ~PassedTest)
Current Result: ('test15', ~FailedTest)

break for test inconsistency
Model Test Finished...
Previous Explanatory Power: 0.0526
Current Explanatory Power: 0.0
Exiting ModelTester

New Observations:
[('test1', ~FailedTest), ('test2', ~FailedTest), ('test3', ~FailedTest), ('test4', ~FailedTest), ('test5', ~FailedTest), ('test6', ~FailedTest), ('test7', ~FailedTest), ('test8', ~FailedTest), ('test9', ~FailedTest), ('test10', ~FailedTest), ('test11', ~FailedTest), ('test12', ~FailedTest), ('test13', ~FailedTest), ('test14', ~FailedTest), ('test15', ~FailedTest), ('UndefinedTest', ~FailedTest), ('UndefinedTest', ~FailedTest), ('UndefinedTest', ~FailedTest), ('UndefinedTest', ~FailedTest)]
Behavior Type:
Behavior.Worsened


Testing Hypothesis 58.
Hypothesis: ('return (a, up)', 22, 0)

Init HyphotesisTester
Init ModelTester
Entering ModelTester
Starting Model Testing...
Testing test1...

test_result == expected_output
([3, 7, 4, 8, 6, 2, 1, 5], 1) == [1, 5, 2, 6, 3, 7, 4, 8]?

check_consistency
Testing test2...

test_result == expected_output
([3, 7, 4, 8, 6, 2, 1, 5], 2) == [3, 7, 4, 8, 1, 5, 2, 6]?

check_consistency
Testing test3...

test_result == expected_output
([31, 17, 44, 78, 86, 52, 71, 55], 1) == [17, 31, 44, 78, 52, 71, 55, 86]?

check_consistency
Testing test4...

test_result == expected_output
([31, 17, 44, 78, 86, 52, 71, 55], 2) == [17, 31, 44, 78, 52, 71, 55, 86]?

check_consistency
Testing test5...

test_result == expected_output
([108, 17, 15, 78], 1) == [15, 78, 17, 108]?

check_consistency
Testing test6...

test_result == expected_output
([108, 17, 15, 78], 2) == [17, 108, 15, 78]?

check_consistency
Testing test7...

test_result == expected_output
([6, 7, 55, 3, 108, 17, 15, 78, 108, 35, 21, 0, 800, 74, 90, 1457], 2) == [3, 7, 6, 55, 15, 78, 17, 108, 0, 21, 35, 108, 74, 800, 90, 1457]?

check_consistency
Testing test8...

test_result == expected_output
([6, 7, 55, 3, 108, 17, 15, 78, 108, 35, 21, 0, 800, 74, 90, 1457], 1) == [0, 7, 6, 55, 15, 78, 17, 108, 3, 21, 35, 108, 74, 800, 90, 1457]?

check_consistency
Testing test9...

test_result == expected_output
([11, 22, 44, 33, 77, 55, 54, 78, 88, 35, 21, 0, 89, 74, 90, 1457], 1) == [0, 21, 33, 44, 54, 77, 55, 78, 11, 22, 35, 88, 74, 89, 90, 1457]?

check_consistency
Testing test10...

test_result == expected_output
([11, 22, 44, 33, 77, 55, 54, 78, 88, 35, 21, 0, 89, 74, 90, 1457], 2) == [11, 22, 33, 44, 54, 77, 55, 78, 0, 21, 35, 88, 74, 89, 90, 1457]?

check_consistency
Testing test11...

test_result == expected_output
([1457, 22, 44, 33, 77, 55, 54, 78, 88, 35, 21, 0, 89, 74, 90, 1455], 1) == [0, 21, 33, 78, 54, 77, 55, 1455, 22, 44, 35, 88, 74, 89, 90, 1457]?

check_consistency
Testing test12...

test_result == expected_output
([1457, 22, 44, 33, 77, 55, 54, 78, 88, 35, 21, 0, 89, 74, 90, 1455], 2) == [22, 44, 33, 78, 54, 77, 55, 1457, 0, 21, 35, 88, 74, 89, 90, 1455]?

check_consistency
Testing test13...

test_result == expected_output
([1457, 7589, 22, 575, 33, 77, 55, 54, 78, 87588, 35, 7587, 0, 89, 74, 1455], 1) == [0, 55, 54, 77, 33, 575, 78, 7589, 22, 89, 74, 1455, 35, 7587, 1457, 87588]?

check_consistency
Testing test14...

test_result == expected_output
([1457, 7589, 22, 575, 33, 77, 55, 54, 78, 87588, 35, 7587, 0, 89, 74, 1455], 2) == [22, 55, 54, 77, 33, 575, 1457, 7589, 0, 89, 74, 1455, 35, 7587, 78, 87588]?

check_consistency
Testing test15...

test_result == expected_output
([1, 2, 3, 4, 5, 6, 7, 8, 9, 10, 11, 12, 13, 14, 15, 16], 1) == [1, 2, 3, 4, 5, 6, 7, 8, 9, 10, 11, 12, 13, 14, 15, 16]?

check_consistency

The current test15 result is inconsistent with the previous test15 result.
Previous Result: ('test15', ~PassedTest)
Current Result: ('test15', ~FailedTest)

break for test inconsistency
Model Test Finished...
Previous Explanatory Power: 0.0526
Current Explanatory Power: 0.0
Exiting ModelTester

New Observations:
[('test1', ~FailedTest), ('test2', ~FailedTest), ('test3', ~FailedTest), ('test4', ~FailedTest), ('test5', ~FailedTest), ('test6', ~FailedTest), ('test7', ~FailedTest), ('test8', ~FailedTest), ('test9', ~FailedTest), ('test10', ~FailedTest), ('test11', ~FailedTest), ('test12', ~FailedTest), ('test13', ~FailedTest), ('test14', ~FailedTest), ('test15', ~FailedTest), ('UndefinedTest', ~FailedTest), ('UndefinedTest', ~FailedTest), ('UndefinedTest', ~FailedTest), ('UndefinedTest', ~FailedTest)]
Behavior Type:
Behavior.Worsened


Testing Hypothesis 59.
Hypothesis: ('return (a, compAndSwap)', 22, 0)

Init HyphotesisTester
Init ModelTester
Entering ModelTester
Starting Model Testing...
Testing test1...

test_result == expected_output
([3, 7, 4, 8, 6, 2, 1, 5], <function compAndSwap at 0x11bd72dc0>) == [1, 5, 2, 6, 3, 7, 4, 8]?

check_consistency
Testing test2...

test_result == expected_output
([3, 7, 4, 8, 6, 2, 1, 5], <function compAndSwap at 0x11bd72dc0>) == [3, 7, 4, 8, 1, 5, 2, 6]?

check_consistency
Testing test3...

test_result == expected_output
([31, 17, 44, 78, 86, 52, 71, 55], <function compAndSwap at 0x11bd72dc0>) == [17, 31, 44, 78, 52, 71, 55, 86]?

check_consistency
Testing test4...

test_result == expected_output
([31, 17, 44, 78, 86, 52, 71, 55], <function compAndSwap at 0x11bd72dc0>) == [17, 31, 44, 78, 52, 71, 55, 86]?

check_consistency
Testing test5...

test_result == expected_output
([108, 17, 15, 78], <function compAndSwap at 0x11bd72dc0>) == [15, 78, 17, 108]?

check_consistency
Testing test6...

test_result == expected_output
([108, 17, 15, 78], <function compAndSwap at 0x11bd72dc0>) == [17, 108, 15, 78]?

check_consistency
Testing test7...

test_result == expected_output
([6, 7, 55, 3, 108, 17, 15, 78, 108, 35, 21, 0, 800, 74, 90, 1457], <function compAndSwap at 0x11bd72dc0>) == [3, 7, 6, 55, 15, 78, 17, 108, 0, 21, 35, 108, 74, 800, 90, 1457]?

check_consistency
Testing test8...

test_result == expected_output
([6, 7, 55, 3, 108, 17, 15, 78, 108, 35, 21, 0, 800, 74, 90, 1457], <function compAndSwap at 0x11bd72dc0>) == [0, 7, 6, 55, 15, 78, 17, 108, 3, 21, 35, 108, 74, 800, 90, 1457]?

check_consistency
Testing test9...

test_result == expected_output
([11, 22, 44, 33, 77, 55, 54, 78, 88, 35, 21, 0, 89, 74, 90, 1457], <function compAndSwap at 0x11bd72dc0>) == [0, 21, 33, 44, 54, 77, 55, 78, 11, 22, 35, 88, 74, 89, 90, 1457]?

check_consistency
Testing test10...

test_result == expected_output
([11, 22, 44, 33, 77, 55, 54, 78, 88, 35, 21, 0, 89, 74, 90, 1457], <function compAndSwap at 0x11bd72dc0>) == [11, 22, 33, 44, 54, 77, 55, 78, 0, 21, 35, 88, 74, 89, 90, 1457]?

check_consistency
Testing test11...

test_result == expected_output
([1457, 22, 44, 33, 77, 55, 54, 78, 88, 35, 21, 0, 89, 74, 90, 1455], <function compAndSwap at 0x11bd72dc0>) == [0, 21, 33, 78, 54, 77, 55, 1455, 22, 44, 35, 88, 74, 89, 90, 1457]?

check_consistency
Testing test12...

test_result == expected_output
([1457, 22, 44, 33, 77, 55, 54, 78, 88, 35, 21, 0, 89, 74, 90, 1455], <function compAndSwap at 0x11bd72dc0>) == [22, 44, 33, 78, 54, 77, 55, 1457, 0, 21, 35, 88, 74, 89, 90, 1455]?

check_consistency
Testing test13...

                   test_result == expected_output
                   ([1457, 7589, 22, 575, 33, 77, 55, 54, 78, 87588, 35, 7587, 0, 89, 74, 1455], <function compAndSwap at 0x11bd72dc0>) == [0, 55, 54, 77, 33, 575, 78, 7589, 22, 89, 74, 1455, 35, 7587, 1457, 87588]?
                   
check_consistency
Testing test14...

                   test_result == expected_output
                   ([1457, 7589, 22, 575, 33, 77, 55, 54, 78, 87588, 35, 7587, 0, 89, 74, 1455], <function compAndSwap at 0x11bd72dc0>) == [22, 55, 54, 77, 33, 575, 1457, 7589, 0, 89, 74, 1455, 35, 7587, 78, 87588]?
                   
check_consistency
Testing test15...

                   test_result == expected_output
                   ([1, 2, 3, 4, 5, 6, 7, 8, 9, 10, 11, 12, 13, 14, 15, 16], <function compAndSwap at 0x11bd72dc0>) == [1, 2, 3, 4, 5, 6, 7, 8, 9, 10, 11, 12, 13, 14, 15, 16]?
                   
check_consistency

               The current test15 result is inconsistent with the previous test15 result.
               Previous Result: ('test15', ~PassedTest)
               Current Result: ('test15', ~FailedTest)
               
break for test inconsistency
Model Test Finished...
Previous Explanatory Power: 0.0526
Current Explanatory Power: 0.0
Exiting ModelTester

                        New Observations:
                        [('test1', ~FailedTest), ('test2', ~FailedTest), ('test3', ~FailedTest), ('test4', ~FailedTest), ('test5', ~FailedTest), ('test6', ~FailedTest), ('test7', ~FailedTest), ('test8', ~FailedTest), ('test9', ~FailedTest), ('test10', ~FailedTest), ('test11', ~FailedTest), ('test12', ~FailedTest), ('test13', ~FailedTest), ('test14', ~FailedTest), ('test15', ~FailedTest), ('UndefinedTest', ~FailedTest), ('UndefinedTest', ~FailedTest), ('UndefinedTest', ~FailedTest), ('UndefinedTest', ~FailedTest)]
                        Behavior Type:
                        Behavior.Worsened
                        

                        Testing Hypothesis 60.
                        Hypothesis: ('return a[0]', 22, 0)
                        
Init HyphotesisTester
Init ModelTester
Entering ModelTester
Starting Model Testing...
Testing test1...

                   test_result == expected_output
                   3 == [1, 5, 2, 6, 3, 7, 4, 8]?
                   
check_consistency
Testing test2...

                   test_result == expected_output
                   3 == [3, 7, 4, 8, 1, 5, 2, 6]?
                   
check_consistency
Testing test3...

                   test_result == expected_output
                   31 == [17, 31, 44, 78, 52, 71, 55, 86]?
                   
check_consistency
Testing test4...

                   test_result == expected_output
                   31 == [17, 31, 44, 78, 52, 71, 55, 86]?
                   
check_consistency
Testing test5...

                   test_result == expected_output
                   108 == [15, 78, 17, 108]?
                   
check_consistency
Testing test6...

                   test_result == expected_output
                   108 == [17, 108, 15, 78]?
                   
check_consistency
Testing test7...

                   test_result == expected_output
                   6 == [3, 7, 6, 55, 15, 78, 17, 108, 0, 21, 35, 108, 74, 800, 90, 1457]?
                   
check_consistency
Testing test8...

                   test_result == expected_output
                   6 == [0, 7, 6, 55, 15, 78, 17, 108, 3, 21, 35, 108, 74, 800, 90, 1457]?
                   
check_consistency
Testing test9...

                   test_result == expected_output
                   11 == [0, 21, 33, 44, 54, 77, 55, 78, 11, 22, 35, 88, 74, 89, 90, 1457]?
                   
check_consistency
Testing test10...

                   test_result == expected_output
                   11 == [11, 22, 33, 44, 54, 77, 55, 78, 0, 21, 35, 88, 74, 89, 90, 1457]?
                   
check_consistency
Testing test11...

                   test_result == expected_output
                   1457 == [0, 21, 33, 78, 54, 77, 55, 1455, 22, 44, 35, 88, 74, 89, 90, 1457]?
                   
check_consistency
Testing test12...

                   test_result == expected_output
                   1457 == [22, 44, 33, 78, 54, 77, 55, 1457, 0, 21, 35, 88, 74, 89, 90, 1455]?
                   
check_consistency
Testing test13...

                   test_result == expected_output
                   1457 == [0, 55, 54, 77, 33, 575, 78, 7589, 22, 89, 74, 1455, 35, 7587, 1457, 87588]?
                   
check_consistency
Testing test14...

                   test_result == expected_output
                   1457 == [22, 55, 54, 77, 33, 575, 1457, 7589, 0, 89, 74, 1455, 35, 7587, 78, 87588]?
                   
check_consistency
Testing test15...

                   test_result == expected_output
                   1 == [1, 2, 3, 4, 5, 6, 7, 8, 9, 10, 11, 12, 13, 14, 15, 16]?
                   
check_consistency

               The current test15 result is inconsistent with the previous test15 result.
               Previous Result: ('test15', ~PassedTest)
               Current Result: ('test15', ~FailedTest)
               
break for test inconsistency
Model Test Finished...
Previous Explanatory Power: 0.0526
Current Explanatory Power: 0.0
Exiting ModelTester

                        New Observations:
                        [('test1', ~FailedTest), ('test2', ~FailedTest), ('test3', ~FailedTest), ('test4', ~FailedTest), ('test5', ~FailedTest), ('test6', ~FailedTest), ('test7', ~FailedTest), ('test8', ~FailedTest), ('test9', ~FailedTest), ('test10', ~FailedTest), ('test11', ~FailedTest), ('test12', ~FailedTest), ('test13', ~FailedTest), ('test14', ~FailedTest), ('test15', ~FailedTest), ('UndefinedTest', ~FailedTest), ('UndefinedTest', ~FailedTest), ('UndefinedTest', ~FailedTest), ('UndefinedTest', ~FailedTest)]
                        Behavior Type:
                        Behavior.Worsened
                        

                        Testing Hypothesis 61.
                        Hypothesis: ('bitonicSort = a', 22, 0)
                        
Init HyphotesisTester
Init ModelTester
Entering ModelTester
Starting Model Testing...
Testing test1...
check_consistency
Testing test2...
check_consistency
Testing test3...
check_consistency
Testing test4...
check_consistency
Testing test5...
check_consistency
Testing test6...
check_consistency
Testing test7...
check_consistency
Testing test8...
check_consistency
Testing test9...
check_consistency
Testing test10...
check_consistency
Testing test11...
check_consistency
Testing test12...
check_consistency
Testing test13...
check_consistency
Testing test14...
check_consistency
Testing test15...
check_consistency

               The current test15 result is inconsistent with the previous test15 result.
               Previous Result: ('test15', ~PassedTest)
               Current Result: ('UndefinedTest', ~FailedTest)
               
break for test inconsistency
Model Test Finished...
Previous Explanatory Power: 0.0526
Current Explanatory Power: 0.0
Exiting ModelTester

                        New Observations:
                        [('UndefinedTest', ~FailedTest), ('UndefinedTest', ~FailedTest), ('UndefinedTest', ~FailedTest), ('UndefinedTest', ~FailedTest), ('UndefinedTest', ~FailedTest), ('UndefinedTest', ~FailedTest), ('UndefinedTest', ~FailedTest), ('UndefinedTest', ~FailedTest), ('UndefinedTest', ~FailedTest), ('UndefinedTest', ~FailedTest), ('UndefinedTest', ~FailedTest), ('UndefinedTest', ~FailedTest), ('UndefinedTest', ~FailedTest), ('UndefinedTest', ~FailedTest), ('UndefinedTest', ~FailedTest), ('UndefinedTest', ~FailedTest), ('UndefinedTest', ~FailedTest), ('UndefinedTest', ~FailedTest), ('UndefinedTest', ~FailedTest)]
                        Behavior Type:
                        Behavior.Worsened
                        

                        Testing Hypothesis 62.
                        Hypothesis: ('k = a', 22, 0)
                        
Init HyphotesisTester
Init ModelTester
Entering ModelTester
Starting Model Testing...
Testing test1...

                   test_result == expected_output
                   None == [1, 5, 2, 6, 3, 7, 4, 8]?
                   
check_consistency
Testing test2...

                   test_result == expected_output
                   None == [3, 7, 4, 8, 1, 5, 2, 6]?
                   
check_consistency
Testing test3...

                   test_result == expected_output
                   None == [17, 31, 44, 78, 52, 71, 55, 86]?
                   
check_consistency
Testing test4...

                   test_result == expected_output
                   None == [17, 31, 44, 78, 52, 71, 55, 86]?
                   
check_consistency
Testing test5...

                   test_result == expected_output
                   None == [15, 78, 17, 108]?
                   
check_consistency
Testing test6...

                   test_result == expected_output
                   None == [17, 108, 15, 78]?
                   
check_consistency
Testing test7...

                   test_result == expected_output
                   None == [3, 7, 6, 55, 15, 78, 17, 108, 0, 21, 35, 108, 74, 800, 90, 1457]?
                   
check_consistency
Testing test8...

                   test_result == expected_output
                   None == [0, 7, 6, 55, 15, 78, 17, 108, 3, 21, 35, 108, 74, 800, 90, 1457]?
                   
check_consistency
Testing test9...

                   test_result == expected_output
                   None == [0, 21, 33, 44, 54, 77, 55, 78, 11, 22, 35, 88, 74, 89, 90, 1457]?
                   
check_consistency
Testing test10...

                   test_result == expected_output
                   None == [11, 22, 33, 44, 54, 77, 55, 78, 0, 21, 35, 88, 74, 89, 90, 1457]?
                   
check_consistency
Testing test11...

                   test_result == expected_output
                   None == [0, 21, 33, 78, 54, 77, 55, 1455, 22, 44, 35, 88, 74, 89, 90, 1457]?
                   
check_consistency
Testing test12...

                   test_result == expected_output
                   None == [22, 44, 33, 78, 54, 77, 55, 1457, 0, 21, 35, 88, 74, 89, 90, 1455]?
                   
check_consistency
Testing test13...

                   test_result == expected_output
                   None == [0, 55, 54, 77, 33, 575, 78, 7589, 22, 89, 74, 1455, 35, 7587, 1457, 87588]?
                   
check_consistency
Testing test14...

                   test_result == expected_output
                   None == [22, 55, 54, 77, 33, 575, 1457, 7589, 0, 89, 74, 1455, 35, 7587, 78, 87588]?
                   
check_consistency
Testing test15...

                   test_result == expected_output
                   None == [1, 2, 3, 4, 5, 6, 7, 8, 9, 10, 11, 12, 13, 14, 15, 16]?
                   
check_consistency

test_result == expected_output
([1457, 7589, 22, 575, 33, 77, 55, 54, 78, 87588, 35, 7587, 0, 89, 74, 1455], <function compAndSwap at 0x11bd72dc0>) == [0, 55, 54, 77, 33, 575, 78, 7589, 22, 89, 74, 1455, 35, 7587, 1457, 87588]?

check_consistency
Testing test14...

test_result == expected_output
([1457, 7589, 22, 575, 33, 77, 55, 54, 78, 87588, 35, 7587, 0, 89, 74, 1455], <function compAndSwap at 0x11bd72dc0>) == [22, 55, 54, 77, 33, 575, 1457, 7589, 0, 89, 74, 1455, 35, 7587, 78, 87588]?

check_consistency
Testing test15...

test_result == expected_output
([1, 2, 3, 4, 5, 6, 7, 8, 9, 10, 11, 12, 13, 14, 15, 16], <function compAndSwap at 0x11bd72dc0>) == [1, 2, 3, 4, 5, 6, 7, 8, 9, 10, 11, 12, 13, 14, 15, 16]?

check_consistency

The current test15 result is inconsistent with the previous test15 result.
Previous Result: ('test15', ~PassedTest)
Current Result: ('test15', ~FailedTest)

break for test inconsistency
Model Test Finished...
Previous Explanatory Power: 0.0526
Current Explanatory Power: 0.0
Exiting ModelTester

New Observations:
[('test1', ~FailedTest), ('test2', ~FailedTest), ('test3', ~FailedTest), ('test4', ~FailedTest), ('test5', ~FailedTest), ('test6', ~FailedTest), ('test7', ~FailedTest), ('test8', ~FailedTest), ('test9', ~FailedTest), ('test10', ~FailedTest), ('test11', ~FailedTest), ('test12', ~FailedTest), ('test13', ~FailedTest), ('test14', ~FailedTest), ('test15', ~FailedTest), ('UndefinedTest', ~FailedTest), ('UndefinedTest', ~FailedTest), ('UndefinedTest', ~FailedTest), ('UndefinedTest', ~FailedTest)]
Behavior Type:
Behavior.Worsened


Testing Hypothesis 60.
Hypothesis: ('return a[0]', 22, 0)

Init HyphotesisTester
Init ModelTester
Entering ModelTester
Starting Model Testing...
Testing test1...

test_result == expected_output
3 == [1, 5, 2, 6, 3, 7, 4, 8]?

check_consistency
Testing test2...

test_result == expected_output
3 == [3, 7, 4, 8, 1, 5, 2, 6]?

check_consistency
Testing test3...

test_result == expected_output
31 == [17, 31, 44, 78, 52, 71, 55, 86]?

check_consistency
Testing test4...

test_result == expected_output
31 == [17, 31, 44, 78, 52, 71, 55, 86]?

check_consistency
Testing test5...

test_result == expected_output
108 == [15, 78, 17, 108]?

check_consistency
Testing test6...

test_result == expected_output
108 == [17, 108, 15, 78]?

check_consistency
Testing test7...

test_result == expected_output
6 == [3, 7, 6, 55, 15, 78, 17, 108, 0, 21, 35, 108, 74, 800, 90, 1457]?

check_consistency
Testing test8...

test_result == expected_output
6 == [0, 7, 6, 55, 15, 78, 17, 108, 3, 21, 35, 108, 74, 800, 90, 1457]?

check_consistency
Testing test9...

test_result == expected_output
11 == [0, 21, 33, 44, 54, 77, 55, 78, 11, 22, 35, 88, 74, 89, 90, 1457]?

check_consistency
Testing test10...

test_result == expected_output
11 == [11, 22, 33, 44, 54, 77, 55, 78, 0, 21, 35, 88, 74, 89, 90, 1457]?

check_consistency
Testing test11...

test_result == expected_output
1457 == [0, 21, 33, 78, 54, 77, 55, 1455, 22, 44, 35, 88, 74, 89, 90, 1457]?

check_consistency
Testing test12...

test_result == expected_output
1457 == [22, 44, 33, 78, 54, 77, 55, 1457, 0, 21, 35, 88, 74, 89, 90, 1455]?

check_consistency
Testing test13...

test_result == expected_output
1457 == [0, 55, 54, 77, 33, 575, 78, 7589, 22, 89, 74, 1455, 35, 7587, 1457, 87588]?

check_consistency
Testing test14...

test_result == expected_output
1457 == [22, 55, 54, 77, 33, 575, 1457, 7589, 0, 89, 74, 1455, 35, 7587, 78, 87588]?

check_consistency
Testing test15...

test_result == expected_output
1 == [1, 2, 3, 4, 5, 6, 7, 8, 9, 10, 11, 12, 13, 14, 15, 16]?

check_consistency

The current test15 result is inconsistent with the previous test15 result.
Previous Result: ('test15', ~PassedTest)
Current Result: ('test15', ~FailedTest)

break for test inconsistency
Model Test Finished...
Previous Explanatory Power: 0.0526
Current Explanatory Power: 0.0
Exiting ModelTester

New Observations:
[('test1', ~FailedTest), ('test2', ~FailedTest), ('test3', ~FailedTest), ('test4', ~FailedTest), ('test5', ~FailedTest), ('test6', ~FailedTest), ('test7', ~FailedTest), ('test8', ~FailedTest), ('test9', ~FailedTest), ('test10', ~FailedTest), ('test11', ~FailedTest), ('test12', ~FailedTest), ('test13', ~FailedTest), ('test14', ~FailedTest), ('test15', ~FailedTest), ('UndefinedTest', ~FailedTest), ('UndefinedTest', ~FailedTest), ('UndefinedTest', ~FailedTest), ('UndefinedTest', ~FailedTest)]
Behavior Type:
Behavior.Worsened


Testing Hypothesis 61.
Hypothesis: ('bitonicSort = a', 22, 0)

Init HyphotesisTester
Init ModelTester
Entering ModelTester
Starting Model Testing...
Testing test1...
check_consistency
Testing test2...
check_consistency
Testing test3...
check_consistency
Testing test4...
check_consistency
Testing test5...
check_consistency
Testing test6...
check_consistency
Testing test7...
check_consistency
Testing test8...
check_consistency
Testing test9...
check_consistency
Testing test10...
check_consistency
Testing test11...
check_consistency
Testing test12...
check_consistency
Testing test13...
check_consistency
Testing test14...
check_consistency
Testing test15...
check_consistency

The current test15 result is inconsistent with the previous test15 result.
Previous Result: ('test15', ~PassedTest)
Current Result: ('UndefinedTest', ~FailedTest)

break for test inconsistency
Model Test Finished...
Previous Explanatory Power: 0.0526
Current Explanatory Power: 0.0
Exiting ModelTester

New Observations:
[('UndefinedTest', ~FailedTest), ('UndefinedTest', ~FailedTest), ('UndefinedTest', ~FailedTest), ('UndefinedTest', ~FailedTest), ('UndefinedTest', ~FailedTest), ('UndefinedTest', ~FailedTest), ('UndefinedTest', ~FailedTest), ('UndefinedTest', ~FailedTest), ('UndefinedTest', ~FailedTest), ('UndefinedTest', ~FailedTest), ('UndefinedTest', ~FailedTest), ('UndefinedTest', ~FailedTest), ('UndefinedTest', ~FailedTest), ('UndefinedTest', ~FailedTest), ('UndefinedTest', ~FailedTest), ('UndefinedTest', ~FailedTest), ('UndefinedTest', ~FailedTest), ('UndefinedTest', ~FailedTest), ('UndefinedTest', ~FailedTest)]
Behavior Type:
Behavior.Worsened


Testing Hypothesis 62.
Hypothesis: ('k = a', 22, 0)

Init HyphotesisTester
Init ModelTester
Entering ModelTester
Starting Model Testing...
Testing test1...

test_result == expected_output
None == [1, 5, 2, 6, 3, 7, 4, 8]?

check_consistency
Testing test2...

test_result == expected_output
None == [3, 7, 4, 8, 1, 5, 2, 6]?

check_consistency
Testing test3...

test_result == expected_output
None == [17, 31, 44, 78, 52, 71, 55, 86]?

check_consistency
Testing test4...

test_result == expected_output
None == [17, 31, 44, 78, 52, 71, 55, 86]?

check_consistency
Testing test5...

test_result == expected_output
None == [15, 78, 17, 108]?

check_consistency
Testing test6...

test_result == expected_output
None == [17, 108, 15, 78]?

check_consistency
Testing test7...

test_result == expected_output
None == [3, 7, 6, 55, 15, 78, 17, 108, 0, 21, 35, 108, 74, 800, 90, 1457]?

check_consistency
Testing test8...

test_result == expected_output
None == [0, 7, 6, 55, 15, 78, 17, 108, 3, 21, 35, 108, 74, 800, 90, 1457]?

check_consistency
Testing test9...

test_result == expected_output
None == [0, 21, 33, 44, 54, 77, 55, 78, 11, 22, 35, 88, 74, 89, 90, 1457]?

check_consistency
Testing test10...

test_result == expected_output
None == [11, 22, 33, 44, 54, 77, 55, 78, 0, 21, 35, 88, 74, 89, 90, 1457]?

check_consistency
Testing test11...

test_result == expected_output
None == [0, 21, 33, 78, 54, 77, 55, 1455, 22, 44, 35, 88, 74, 89, 90, 1457]?

check_consistency
Testing test12...

test_result == expected_output
None == [22, 44, 33, 78, 54, 77, 55, 1457, 0, 21, 35, 88, 74, 89, 90, 1455]?

check_consistency
Testing test13...

test_result == expected_output
None == [0, 55, 54, 77, 33, 575, 78, 7589, 22, 89, 74, 1455, 35, 7587, 1457, 87588]?

check_consistency
Testing test14...

test_result == expected_output
None == [22, 55, 54, 77, 33, 575, 1457, 7589, 0, 89, 74, 1455, 35, 7587, 78, 87588]?

check_consistency
Testing test15...

test_result == expected_output
None == [1, 2, 3, 4, 5, 6, 7, 8, 9, 10, 11, 12, 13, 14, 15, 16]?

check_consistency

               The current test15 result is inconsistent with the previous test15 result.
               Previous Result: ('test15', ~PassedTest)
               Current Result: ('test15', ~FailedTest)
               
break for test inconsistency
Model Test Finished...
Previous Explanatory Power: 0.0526
Current Explanatory Power: 0.0
Exiting ModelTester

                        New Observations:
                        [('test1', ~FailedTest), ('test2', ~FailedTest), ('test3', ~FailedTest), ('test4', ~FailedTest), ('test5', ~FailedTest), ('test6', ~FailedTest), ('test7', ~FailedTest), ('test8', ~FailedTest), ('test9', ~FailedTest), ('test10', ~FailedTest), ('test11', ~FailedTest), ('test12', ~FailedTest), ('test13', ~FailedTest), ('test14', ~FailedTest), ('test15', ~FailedTest), ('UndefinedTest', ~FailedTest), ('UndefinedTest', ~FailedTest), ('UndefinedTest', ~FailedTest), ('UndefinedTest', ~FailedTest)]
                        Behavior Type:
                        Behavior.Worsened
                        

                        Testing Hypothesis 63.
                        Hypothesis: ('N = a', 22, 0)
                        
Init HyphotesisTester
Init ModelTester
Entering ModelTester
Starting Model Testing...
Testing test1...

                   test_result == expected_output
                   None == [1, 5, 2, 6, 3, 7, 4, 8]?
                   
check_consistency
Testing test2...

                   test_result == expected_output
                   None == [3, 7, 4, 8, 1, 5, 2, 6]?
                   
check_consistency
Testing test3...

                   test_result == expected_output
                   None == [17, 31, 44, 78, 52, 71, 55, 86]?
                   
check_consistency
Testing test4...

                   test_result == expected_output
                   None == [17, 31, 44, 78, 52, 71, 55, 86]?
                   
check_consistency
Testing test5...

                   test_result == expected_output
                   None == [15, 78, 17, 108]?
                   
check_consistency
Testing test6...

                   test_result == expected_output
                   None == [17, 108, 15, 78]?
                   
check_consistency
Testing test7...

                   test_result == expected_output
                   None == [3, 7, 6, 55, 15, 78, 17, 108, 0, 21, 35, 108, 74, 800, 90, 1457]?
                   
check_consistency
Testing test8...

                   test_result == expected_output
                   None == [0, 7, 6, 55, 15, 78, 17, 108, 3, 21, 35, 108, 74, 800, 90, 1457]?
                   
check_consistency
Testing test9...

                   test_result == expected_output
                   None == [0, 21, 33, 44, 54, 77, 55, 78, 11, 22, 35, 88, 74, 89, 90, 1457]?
                   
check_consistency
Testing test10...

                   test_result == expected_output
                   None == [11, 22, 33, 44, 54, 77, 55, 78, 0, 21, 35, 88, 74, 89, 90, 1457]?
                   
check_consistency
Testing test11...

                   test_result == expected_output
                   None == [0, 21, 33, 78, 54, 77, 55, 1455, 22, 44, 35, 88, 74, 89, 90, 1457]?
                   
check_consistency
Testing test12...

                   test_result == expected_output
                   None == [22, 44, 33, 78, 54, 77, 55, 1457, 0, 21, 35, 88, 74, 89, 90, 1455]?
                   
check_consistency
Testing test13...

                   test_result == expected_output
                   None == [0, 55, 54, 77, 33, 575, 78, 7589, 22, 89, 74, 1455, 35, 7587, 1457, 87588]?
                   
check_consistency
Testing test14...

                   test_result == expected_output
                   None == [22, 55, 54, 77, 33, 575, 1457, 7589, 0, 89, 74, 1455, 35, 7587, 78, 87588]?
                   
check_consistency
Testing test15...

                   test_result == expected_output
                   None == [1, 2, 3, 4, 5, 6, 7, 8, 9, 10, 11, 12, 13, 14, 15, 16]?
                   
check_consistency

               The current test15 result is inconsistent with the previous test15 result.
               Previous Result: ('test15', ~PassedTest)
               Current Result: ('test15', ~FailedTest)
               
break for test inconsistency
Model Test Finished...
Previous Explanatory Power: 0.0526
Current Explanatory Power: 0.0
Exiting ModelTester

                        New Observations:
                        [('test1', ~FailedTest), ('test2', ~FailedTest), ('test3', ~FailedTest), ('test4', ~FailedTest), ('test5', ~FailedTest), ('test6', ~FailedTest), ('test7', ~FailedTest), ('test8', ~FailedTest), ('test9', ~FailedTest), ('test10', ~FailedTest), ('test11', ~FailedTest), ('test12', ~FailedTest), ('test13', ~FailedTest), ('test14', ~FailedTest), ('test15', ~FailedTest), ('UndefinedTest', ~FailedTest), ('UndefinedTest', ~FailedTest), ('UndefinedTest', ~FailedTest), ('UndefinedTest', ~FailedTest)]
                        Behavior Type:
                        Behavior.Worsened
                        

                        Testing Hypothesis 64.
                        Hypothesis: ('dire = a', 22, 0)
                        
Init HyphotesisTester
Init ModelTester
Entering ModelTester
Starting Model Testing...
Testing test1...

                   test_result == expected_output
                   None == [1, 5, 2, 6, 3, 7, 4, 8]?
                   
check_consistency
Testing test2...

                   test_result == expected_output
                   None == [3, 7, 4, 8, 1, 5, 2, 6]?
                   
check_consistency
Testing test3...

                   test_result == expected_output
                   None == [17, 31, 44, 78, 52, 71, 55, 86]?
                   
check_consistency
Testing test4...

                   test_result == expected_output
                   None == [17, 31, 44, 78, 52, 71, 55, 86]?
                   
check_consistency
Testing test5...

                   test_result == expected_output
                   None == [15, 78, 17, 108]?
                   
check_consistency
Testing test6...

                   test_result == expected_output
                   None == [17, 108, 15, 78]?
                   
check_consistency
Testing test7...

                   test_result == expected_output
                   None == [3, 7, 6, 55, 15, 78, 17, 108, 0, 21, 35, 108, 74, 800, 90, 1457]?
                   
check_consistency
Testing test8...

                   test_result == expected_output
                   None == [0, 7, 6, 55, 15, 78, 17, 108, 3, 21, 35, 108, 74, 800, 90, 1457]?
                   
check_consistency
Testing test9...

                   test_result == expected_output
                   None == [0, 21, 33, 44, 54, 77, 55, 78, 11, 22, 35, 88, 74, 89, 90, 1457]?
                   
check_consistency
Testing test10...

                   test_result == expected_output
                   None == [11, 22, 33, 44, 54, 77, 55, 78, 0, 21, 35, 88, 74, 89, 90, 1457]?
                   
check_consistency
Testing test11...

                   test_result == expected_output
                   None == [0, 21, 33, 78, 54, 77, 55, 1455, 22, 44, 35, 88, 74, 89, 90, 1457]?
                   
check_consistency
Testing test12...

                   test_result == expected_output
                   None == [22, 44, 33, 78, 54, 77, 55, 1457, 0, 21, 35, 88, 74, 89, 90, 1455]?
                   
check_consistency
Testing test13...

                   test_result == expected_output
                   None == [0, 55, 54, 77, 33, 575, 78, 7589, 22, 89, 74, 1455, 35, 7587, 1457, 87588]?
                   
check_consistency
Testing test14...

                   test_result == expected_output
                   None == [22, 55, 54, 77, 33, 575, 1457, 7589, 0, 89, 74, 1455, 35, 7587, 78, 87588]?
                   
check_consistency
Testing test15...

                   test_result == expected_output
                   None == [1, 2, 3, 4, 5, 6, 7, 8, 9, 10, 11, 12, 13, 14, 15, 16]?
                   
check_consistency

               The current test15 result is inconsistent with the previous test15 result.
               Previous Result: ('test15', ~PassedTest)
               Current Result: ('test15', ~FailedTest)
               
break for test inconsistency
Model Test Finished...
Previous Explanatory Power: 0.0526
Current Explanatory Power: 0.0
Exiting ModelTester

                        New Observations:
                        [('test1', ~FailedTest), ('test2', ~FailedTest), ('test3', ~FailedTest), ('test4', ~FailedTest), ('test5', ~FailedTest), ('test6', ~FailedTest), ('test7', ~FailedTest), ('test8', ~FailedTest), ('test9', ~FailedTest), ('test10', ~FailedTest), ('test11', ~FailedTest), ('test12', ~FailedTest), ('test13', ~FailedTest), ('test14', ~FailedTest), ('test15', ~FailedTest), ('UndefinedTest', ~FailedTest), ('UndefinedTest', ~FailedTest), ('UndefinedTest', ~FailedTest), ('UndefinedTest', ~FailedTest)]
                        Behavior Type:
                        Behavior.Worsened
                        

                        Testing Hypothesis 65.
                        Hypothesis: ('j = a', 22, 0)
                        
Init HyphotesisTester
Init ModelTester
Entering ModelTester
Starting Model Testing...
Testing test1...

                   test_result == expected_output
                   None == [1, 5, 2, 6, 3, 7, 4, 8]?
                   
check_consistency
Testing test2...

                   test_result == expected_output
                   None == [3, 7, 4, 8, 1, 5, 2, 6]?
                   
check_consistency
Testing test3...

                   test_result == expected_output
                   None == [17, 31, 44, 78, 52, 71, 55, 86]?
                   
check_consistency
Testing test4...

                   test_result == expected_output
                   None == [17, 31, 44, 78, 52, 71, 55, 86]?
                   
check_consistency
Testing test5...

                   test_result == expected_output
                   None == [15, 78, 17, 108]?
                   
check_consistency
Testing test6...

                   test_result == expected_output
                   None == [17, 108, 15, 78]?
                   
check_consistency
Testing test7...

                   test_result == expected_output
                   None == [3, 7, 6, 55, 15, 78, 17, 108, 0, 21, 35, 108, 74, 800, 90, 1457]?
                   
check_consistency
Testing test8...

                   test_result == expected_output
                   None == [0, 7, 6, 55, 15, 78, 17, 108, 3, 21, 35, 108, 74, 800, 90, 1457]?
                   
check_consistency
Testing test9...

                   test_result == expected_output
                   None == [0, 21, 33, 44, 54, 77, 55, 78, 11, 22, 35, 88, 74, 89, 90, 1457]?
                   
check_consistency
Testing test10...

                   test_result == expected_output
                   None == [11, 22, 33, 44, 54, 77, 55, 78, 0, 21, 35, 88, 74, 89, 90, 1457]?
                   
check_consistency
Testing test11...

                   test_result == expected_output
                   None == [0, 21, 33, 78, 54, 77, 55, 1455, 22, 44, 35, 88, 74, 89, 90, 1457]?
                   
check_consistency
Testing test12...

The current test15 result is inconsistent with the previous test15 result.
Previous Result: ('test15', ~PassedTest)
Current Result: ('test15', ~FailedTest)

break for test inconsistency
Model Test Finished...
Previous Explanatory Power: 0.0526
Current Explanatory Power: 0.0
Exiting ModelTester

New Observations:
[('test1', ~FailedTest), ('test2', ~FailedTest), ('test3', ~FailedTest), ('test4', ~FailedTest), ('test5', ~FailedTest), ('test6', ~FailedTest), ('test7', ~FailedTest), ('test8', ~FailedTest), ('test9', ~FailedTest), ('test10', ~FailedTest), ('test11', ~FailedTest), ('test12', ~FailedTest), ('test13', ~FailedTest), ('test14', ~FailedTest), ('test15', ~FailedTest), ('UndefinedTest', ~FailedTest), ('UndefinedTest', ~FailedTest), ('UndefinedTest', ~FailedTest), ('UndefinedTest', ~FailedTest)]
Behavior Type:
Behavior.Worsened


Testing Hypothesis 63.
Hypothesis: ('N = a', 22, 0)

Init HyphotesisTester
Init ModelTester
Entering ModelTester
Starting Model Testing...
Testing test1...

test_result == expected_output
None == [1, 5, 2, 6, 3, 7, 4, 8]?

check_consistency
Testing test2...

test_result == expected_output
None == [3, 7, 4, 8, 1, 5, 2, 6]?

check_consistency
Testing test3...

test_result == expected_output
None == [17, 31, 44, 78, 52, 71, 55, 86]?

check_consistency
Testing test4...

test_result == expected_output
None == [17, 31, 44, 78, 52, 71, 55, 86]?

check_consistency
Testing test5...

test_result == expected_output
None == [15, 78, 17, 108]?

check_consistency
Testing test6...

test_result == expected_output
None == [17, 108, 15, 78]?

check_consistency
Testing test7...

test_result == expected_output
None == [3, 7, 6, 55, 15, 78, 17, 108, 0, 21, 35, 108, 74, 800, 90, 1457]?

check_consistency
Testing test8...

test_result == expected_output
None == [0, 7, 6, 55, 15, 78, 17, 108, 3, 21, 35, 108, 74, 800, 90, 1457]?

check_consistency
Testing test9...

test_result == expected_output
None == [0, 21, 33, 44, 54, 77, 55, 78, 11, 22, 35, 88, 74, 89, 90, 1457]?

check_consistency
Testing test10...

test_result == expected_output
None == [11, 22, 33, 44, 54, 77, 55, 78, 0, 21, 35, 88, 74, 89, 90, 1457]?

check_consistency
Testing test11...

test_result == expected_output
None == [0, 21, 33, 78, 54, 77, 55, 1455, 22, 44, 35, 88, 74, 89, 90, 1457]?

check_consistency
Testing test12...

test_result == expected_output
None == [22, 44, 33, 78, 54, 77, 55, 1457, 0, 21, 35, 88, 74, 89, 90, 1455]?

check_consistency
Testing test13...

test_result == expected_output
None == [0, 55, 54, 77, 33, 575, 78, 7589, 22, 89, 74, 1455, 35, 7587, 1457, 87588]?

check_consistency
Testing test14...

test_result == expected_output
None == [22, 55, 54, 77, 33, 575, 1457, 7589, 0, 89, 74, 1455, 35, 7587, 78, 87588]?

check_consistency
Testing test15...

test_result == expected_output
None == [1, 2, 3, 4, 5, 6, 7, 8, 9, 10, 11, 12, 13, 14, 15, 16]?

check_consistency

The current test15 result is inconsistent with the previous test15 result.
Previous Result: ('test15', ~PassedTest)
Current Result: ('test15', ~FailedTest)

break for test inconsistency
Model Test Finished...
Previous Explanatory Power: 0.0526
Current Explanatory Power: 0.0
Exiting ModelTester

New Observations:
[('test1', ~FailedTest), ('test2', ~FailedTest), ('test3', ~FailedTest), ('test4', ~FailedTest), ('test5', ~FailedTest), ('test6', ~FailedTest), ('test7', ~FailedTest), ('test8', ~FailedTest), ('test9', ~FailedTest), ('test10', ~FailedTest), ('test11', ~FailedTest), ('test12', ~FailedTest), ('test13', ~FailedTest), ('test14', ~FailedTest), ('test15', ~FailedTest), ('UndefinedTest', ~FailedTest), ('UndefinedTest', ~FailedTest), ('UndefinedTest', ~FailedTest), ('UndefinedTest', ~FailedTest)]
Behavior Type:
Behavior.Worsened


Testing Hypothesis 64.
Hypothesis: ('dire = a', 22, 0)

Init HyphotesisTester
Init ModelTester
Entering ModelTester
Starting Model Testing...
Testing test1...

test_result == expected_output
None == [1, 5, 2, 6, 3, 7, 4, 8]?

check_consistency
Testing test2...

test_result == expected_output
None == [3, 7, 4, 8, 1, 5, 2, 6]?

check_consistency
Testing test3...

test_result == expected_output
None == [17, 31, 44, 78, 52, 71, 55, 86]?

check_consistency
Testing test4...

test_result == expected_output
None == [17, 31, 44, 78, 52, 71, 55, 86]?

check_consistency
Testing test5...

test_result == expected_output
None == [15, 78, 17, 108]?

check_consistency
Testing test6...

test_result == expected_output
None == [17, 108, 15, 78]?

check_consistency
Testing test7...

test_result == expected_output
None == [3, 7, 6, 55, 15, 78, 17, 108, 0, 21, 35, 108, 74, 800, 90, 1457]?

check_consistency
Testing test8...

test_result == expected_output
None == [0, 7, 6, 55, 15, 78, 17, 108, 3, 21, 35, 108, 74, 800, 90, 1457]?

check_consistency
Testing test9...

test_result == expected_output
None == [0, 21, 33, 44, 54, 77, 55, 78, 11, 22, 35, 88, 74, 89, 90, 1457]?

check_consistency
Testing test10...

test_result == expected_output
None == [11, 22, 33, 44, 54, 77, 55, 78, 0, 21, 35, 88, 74, 89, 90, 1457]?

check_consistency
Testing test11...

test_result == expected_output
None == [0, 21, 33, 78, 54, 77, 55, 1455, 22, 44, 35, 88, 74, 89, 90, 1457]?

check_consistency
Testing test12...

test_result == expected_output
None == [22, 44, 33, 78, 54, 77, 55, 1457, 0, 21, 35, 88, 74, 89, 90, 1455]?

check_consistency
Testing test13...

test_result == expected_output
None == [0, 55, 54, 77, 33, 575, 78, 7589, 22, 89, 74, 1455, 35, 7587, 1457, 87588]?

check_consistency
Testing test14...

test_result == expected_output
None == [22, 55, 54, 77, 33, 575, 1457, 7589, 0, 89, 74, 1455, 35, 7587, 78, 87588]?

check_consistency
Testing test15...

test_result == expected_output
None == [1, 2, 3, 4, 5, 6, 7, 8, 9, 10, 11, 12, 13, 14, 15, 16]?

check_consistency

The current test15 result is inconsistent with the previous test15 result.
Previous Result: ('test15', ~PassedTest)
Current Result: ('test15', ~FailedTest)

break for test inconsistency
Model Test Finished...
Previous Explanatory Power: 0.0526
Current Explanatory Power: 0.0
Exiting ModelTester

New Observations:
[('test1', ~FailedTest), ('test2', ~FailedTest), ('test3', ~FailedTest), ('test4', ~FailedTest), ('test5', ~FailedTest), ('test6', ~FailedTest), ('test7', ~FailedTest), ('test8', ~FailedTest), ('test9', ~FailedTest), ('test10', ~FailedTest), ('test11', ~FailedTest), ('test12', ~FailedTest), ('test13', ~FailedTest), ('test14', ~FailedTest), ('test15', ~FailedTest), ('UndefinedTest', ~FailedTest), ('UndefinedTest', ~FailedTest), ('UndefinedTest', ~FailedTest), ('UndefinedTest', ~FailedTest)]
Behavior Type:
Behavior.Worsened


Testing Hypothesis 65.
Hypothesis: ('j = a', 22, 0)

Init HyphotesisTester
Init ModelTester
Entering ModelTester
Starting Model Testing...
Testing test1...

test_result == expected_output
None == [1, 5, 2, 6, 3, 7, 4, 8]?

check_consistency
Testing test2...

test_result == expected_output
None == [3, 7, 4, 8, 1, 5, 2, 6]?

check_consistency
Testing test3...

test_result == expected_output
None == [17, 31, 44, 78, 52, 71, 55, 86]?

check_consistency
Testing test4...

test_result == expected_output
None == [17, 31, 44, 78, 52, 71, 55, 86]?

check_consistency
Testing test5...

test_result == expected_output
None == [15, 78, 17, 108]?

check_consistency
Testing test6...

test_result == expected_output
None == [17, 108, 15, 78]?

check_consistency
Testing test7...

test_result == expected_output
None == [3, 7, 6, 55, 15, 78, 17, 108, 0, 21, 35, 108, 74, 800, 90, 1457]?

check_consistency
Testing test8...

test_result == expected_output
None == [0, 7, 6, 55, 15, 78, 17, 108, 3, 21, 35, 108, 74, 800, 90, 1457]?

check_consistency
Testing test9...

test_result == expected_output
None == [0, 21, 33, 44, 54, 77, 55, 78, 11, 22, 35, 88, 74, 89, 90, 1457]?

check_consistency
Testing test10...

test_result == expected_output
None == [11, 22, 33, 44, 54, 77, 55, 78, 0, 21, 35, 88, 74, 89, 90, 1457]?

check_consistency
Testing test11...

test_result == expected_output
None == [0, 21, 33, 78, 54, 77, 55, 1455, 22, 44, 35, 88, 74, 89, 90, 1457]?

check_consistency
Testing test12...

                   test_result == expected_output
                   None == [22, 44, 33, 78, 54, 77, 55, 1457, 0, 21, 35, 88, 74, 89, 90, 1455]?
                   
check_consistency
Testing test13...

                   test_result == expected_output
                   None == [0, 55, 54, 77, 33, 575, 78, 7589, 22, 89, 74, 1455, 35, 7587, 1457, 87588]?
                   
check_consistency
Testing test14...

                   test_result == expected_output
                   None == [22, 55, 54, 77, 33, 575, 1457, 7589, 0, 89, 74, 1455, 35, 7587, 78, 87588]?
                   
check_consistency
Testing test15...

                   test_result == expected_output
                   None == [1, 2, 3, 4, 5, 6, 7, 8, 9, 10, 11, 12, 13, 14, 15, 16]?
                   
check_consistency

               The current test15 result is inconsistent with the previous test15 result.
               Previous Result: ('test15', ~PassedTest)
               Current Result: ('test15', ~FailedTest)
               
break for test inconsistency
Model Test Finished...
Previous Explanatory Power: 0.0526
Current Explanatory Power: 0.0
Exiting ModelTester

                        New Observations:
                        [('test1', ~FailedTest), ('test2', ~FailedTest), ('test3', ~FailedTest), ('test4', ~FailedTest), ('test5', ~FailedTest), ('test6', ~FailedTest), ('test7', ~FailedTest), ('test8', ~FailedTest), ('test9', ~FailedTest), ('test10', ~FailedTest), ('test11', ~FailedTest), ('test12', ~FailedTest), ('test13', ~FailedTest), ('test14', ~FailedTest), ('test15', ~FailedTest), ('UndefinedTest', ~FailedTest), ('UndefinedTest', ~FailedTest), ('UndefinedTest', ~FailedTest), ('UndefinedTest', ~FailedTest)]
                        Behavior Type:
                        Behavior.Worsened
                        

                        Testing Hypothesis 66.
                        Hypothesis: ('i = a', 22, 0)
                        
Init HyphotesisTester
Init ModelTester
Entering ModelTester
Starting Model Testing...
Testing test1...

                   test_result == expected_output
                   None == [1, 5, 2, 6, 3, 7, 4, 8]?
                   
check_consistency
Testing test2...

                   test_result == expected_output
                   None == [3, 7, 4, 8, 1, 5, 2, 6]?
                   
check_consistency
Testing test3...

                   test_result == expected_output
                   None == [17, 31, 44, 78, 52, 71, 55, 86]?
                   
check_consistency
Testing test4...

                   test_result == expected_output
                   None == [17, 31, 44, 78, 52, 71, 55, 86]?
                   
check_consistency
Testing test5...

                   test_result == expected_output
                   None == [15, 78, 17, 108]?
                   
check_consistency
Testing test6...

                   test_result == expected_output
                   None == [17, 108, 15, 78]?
                   
check_consistency
Testing test7...

                   test_result == expected_output
                   None == [3, 7, 6, 55, 15, 78, 17, 108, 0, 21, 35, 108, 74, 800, 90, 1457]?
                   
check_consistency
Testing test8...

                   test_result == expected_output
                   None == [0, 7, 6, 55, 15, 78, 17, 108, 3, 21, 35, 108, 74, 800, 90, 1457]?
                   
check_consistency
Testing test9...

                   test_result == expected_output
                   None == [0, 21, 33, 44, 54, 77, 55, 78, 11, 22, 35, 88, 74, 89, 90, 1457]?
                   
check_consistency
Testing test10...

                   test_result == expected_output
                   None == [11, 22, 33, 44, 54, 77, 55, 78, 0, 21, 35, 88, 74, 89, 90, 1457]?
                   
check_consistency
Testing test11...

                   test_result == expected_output
                   None == [0, 21, 33, 78, 54, 77, 55, 1455, 22, 44, 35, 88, 74, 89, 90, 1457]?
                   
check_consistency
Testing test12...

                   test_result == expected_output
                   None == [22, 44, 33, 78, 54, 77, 55, 1457, 0, 21, 35, 88, 74, 89, 90, 1455]?
                   
check_consistency
Testing test13...

                   test_result == expected_output
                   None == [0, 55, 54, 77, 33, 575, 78, 7589, 22, 89, 74, 1455, 35, 7587, 1457, 87588]?
                   
check_consistency
Testing test14...

                   test_result == expected_output
                   None == [22, 55, 54, 77, 33, 575, 1457, 7589, 0, 89, 74, 1455, 35, 7587, 78, 87588]?
                   
check_consistency
Testing test15...

                   test_result == expected_output
                   None == [1, 2, 3, 4, 5, 6, 7, 8, 9, 10, 11, 12, 13, 14, 15, 16]?
                   
check_consistency

               The current test15 result is inconsistent with the previous test15 result.
               Previous Result: ('test15', ~PassedTest)
               Current Result: ('test15', ~FailedTest)
               
break for test inconsistency
Model Test Finished...
Previous Explanatory Power: 0.0526
Current Explanatory Power: 0.0
Exiting ModelTester

                        New Observations:
                        [('test1', ~FailedTest), ('test2', ~FailedTest), ('test3', ~FailedTest), ('test4', ~FailedTest), ('test5', ~FailedTest), ('test6', ~FailedTest), ('test7', ~FailedTest), ('test8', ~FailedTest), ('test9', ~FailedTest), ('test10', ~FailedTest), ('test11', ~FailedTest), ('test12', ~FailedTest), ('test13', ~FailedTest), ('test14', ~FailedTest), ('test15', ~FailedTest), ('UndefinedTest', ~FailedTest), ('UndefinedTest', ~FailedTest), ('UndefinedTest', ~FailedTest), ('UndefinedTest', ~FailedTest)]
                        Behavior Type:
                        Behavior.Worsened
                        

                        Testing Hypothesis 67.
                        Hypothesis: ('bitonicMerge = a', 22, 0)
                        
Init HyphotesisTester
Init ModelTester
Entering ModelTester
Starting Model Testing...
Testing test1...

                   test_result == expected_output
                   None == [1, 5, 2, 6, 3, 7, 4, 8]?
                   
check_consistency
Testing test2...

                   test_result == expected_output
                   None == [3, 7, 4, 8, 1, 5, 2, 6]?
                   
check_consistency
Testing test3...

                   test_result == expected_output
                   None == [17, 31, 44, 78, 52, 71, 55, 86]?
                   
check_consistency
Testing test4...

                   test_result == expected_output
                   None == [17, 31, 44, 78, 52, 71, 55, 86]?
                   
check_consistency
Testing test5...

                   test_result == expected_output
                   None == [15, 78, 17, 108]?
                   
check_consistency
Testing test6...

                   test_result == expected_output
                   None == [17, 108, 15, 78]?
                   
check_consistency
Testing test7...

                   test_result == expected_output
                   None == [3, 7, 6, 55, 15, 78, 17, 108, 0, 21, 35, 108, 74, 800, 90, 1457]?
                   
check_consistency
Testing test8...

                   test_result == expected_output
                   None == [0, 7, 6, 55, 15, 78, 17, 108, 3, 21, 35, 108, 74, 800, 90, 1457]?
                   
check_consistency
Testing test9...

                   test_result == expected_output
                   None == [0, 21, 33, 44, 54, 77, 55, 78, 11, 22, 35, 88, 74, 89, 90, 1457]?
                   
check_consistency
Testing test10...

                   test_result == expected_output
                   None == [11, 22, 33, 44, 54, 77, 55, 78, 0, 21, 35, 88, 74, 89, 90, 1457]?
                   
check_consistency
Testing test11...

                   test_result == expected_output
                   None == [0, 21, 33, 78, 54, 77, 55, 1455, 22, 44, 35, 88, 74, 89, 90, 1457]?
                   
check_consistency
Testing test12...

                   test_result == expected_output
                   None == [22, 44, 33, 78, 54, 77, 55, 1457, 0, 21, 35, 88, 74, 89, 90, 1455]?
                   
check_consistency
Testing test13...

                   test_result == expected_output
                   None == [0, 55, 54, 77, 33, 575, 78, 7589, 22, 89, 74, 1455, 35, 7587, 1457, 87588]?
                   
check_consistency
Testing test14...

                   test_result == expected_output
                   None == [22, 55, 54, 77, 33, 575, 1457, 7589, 0, 89, 74, 1455, 35, 7587, 78, 87588]?
                   
check_consistency
Testing test15...

                   test_result == expected_output
                   None == [1, 2, 3, 4, 5, 6, 7, 8, 9, 10, 11, 12, 13, 14, 15, 16]?
                   
check_consistency

               The current test15 result is inconsistent with the previous test15 result.
               Previous Result: ('test15', ~PassedTest)
               Current Result: ('test15', ~FailedTest)
               
break for test inconsistency
Model Test Finished...
Previous Explanatory Power: 0.0526
Current Explanatory Power: 0.0
Exiting ModelTester

                        New Observations:
                        [('test1', ~FailedTest), ('test2', ~FailedTest), ('test3', ~FailedTest), ('test4', ~FailedTest), ('test5', ~FailedTest), ('test6', ~FailedTest), ('test7', ~FailedTest), ('test8', ~FailedTest), ('test9', ~FailedTest), ('test10', ~FailedTest), ('test11', ~FailedTest), ('test12', ~FailedTest), ('test13', ~FailedTest), ('test14', ~FailedTest), ('test15', ~FailedTest), ('UndefinedTest', ~FailedTest), ('UndefinedTest', ~FailedTest), ('UndefinedTest', ~FailedTest), ('UndefinedTest', ~FailedTest)]
                        Behavior Type:
                        Behavior.Worsened
                        

                        Testing Hypothesis 68.
                        Hypothesis: ('low = a', 22, 0)
                        
Init HyphotesisTester
Init ModelTester
Entering ModelTester
Starting Model Testing...
Testing test1...

                   test_result == expected_output
                   None == [1, 5, 2, 6, 3, 7, 4, 8]?
                   
check_consistency
Testing test2...

                   test_result == expected_output
                   None == [3, 7, 4, 8, 1, 5, 2, 6]?
                   
check_consistency
Testing test3...

                   test_result == expected_output
                   None == [17, 31, 44, 78, 52, 71, 55, 86]?
                   
check_consistency
Testing test4...

                   test_result == expected_output
                   None == [17, 31, 44, 78, 52, 71, 55, 86]?
                   
check_consistency
Testing test5...

                   test_result == expected_output
                   None == [15, 78, 17, 108]?
                   
check_consistency
Testing test6...

                   test_result == expected_output
                   None == [17, 108, 15, 78]?
                   
check_consistency
Testing test7...

                   test_result == expected_output
                   None == [3, 7, 6, 55, 15, 78, 17, 108, 0, 21, 35, 108, 74, 800, 90, 1457]?
                   
check_consistency
Testing test8...

test_result == expected_output
None == [22, 44, 33, 78, 54, 77, 55, 1457, 0, 21, 35, 88, 74, 89, 90, 1455]?

check_consistency
Testing test13...

test_result == expected_output
None == [0, 55, 54, 77, 33, 575, 78, 7589, 22, 89, 74, 1455, 35, 7587, 1457, 87588]?

check_consistency
Testing test14...

test_result == expected_output
None == [22, 55, 54, 77, 33, 575, 1457, 7589, 0, 89, 74, 1455, 35, 7587, 78, 87588]?

check_consistency
Testing test15...

test_result == expected_output
None == [1, 2, 3, 4, 5, 6, 7, 8, 9, 10, 11, 12, 13, 14, 15, 16]?

check_consistency

The current test15 result is inconsistent with the previous test15 result.
Previous Result: ('test15', ~PassedTest)
Current Result: ('test15', ~FailedTest)

break for test inconsistency
Model Test Finished...
Previous Explanatory Power: 0.0526
Current Explanatory Power: 0.0
Exiting ModelTester

New Observations:
[('test1', ~FailedTest), ('test2', ~FailedTest), ('test3', ~FailedTest), ('test4', ~FailedTest), ('test5', ~FailedTest), ('test6', ~FailedTest), ('test7', ~FailedTest), ('test8', ~FailedTest), ('test9', ~FailedTest), ('test10', ~FailedTest), ('test11', ~FailedTest), ('test12', ~FailedTest), ('test13', ~FailedTest), ('test14', ~FailedTest), ('test15', ~FailedTest), ('UndefinedTest', ~FailedTest), ('UndefinedTest', ~FailedTest), ('UndefinedTest', ~FailedTest), ('UndefinedTest', ~FailedTest)]
Behavior Type:
Behavior.Worsened


Testing Hypothesis 66.
Hypothesis: ('i = a', 22, 0)

Init HyphotesisTester
Init ModelTester
Entering ModelTester
Starting Model Testing...
Testing test1...

test_result == expected_output
None == [1, 5, 2, 6, 3, 7, 4, 8]?

check_consistency
Testing test2...

test_result == expected_output
None == [3, 7, 4, 8, 1, 5, 2, 6]?

check_consistency
Testing test3...

test_result == expected_output
None == [17, 31, 44, 78, 52, 71, 55, 86]?

check_consistency
Testing test4...

test_result == expected_output
None == [17, 31, 44, 78, 52, 71, 55, 86]?

check_consistency
Testing test5...

test_result == expected_output
None == [15, 78, 17, 108]?

check_consistency
Testing test6...

test_result == expected_output
None == [17, 108, 15, 78]?

check_consistency
Testing test7...

test_result == expected_output
None == [3, 7, 6, 55, 15, 78, 17, 108, 0, 21, 35, 108, 74, 800, 90, 1457]?

check_consistency
Testing test8...

test_result == expected_output
None == [0, 7, 6, 55, 15, 78, 17, 108, 3, 21, 35, 108, 74, 800, 90, 1457]?

check_consistency
Testing test9...

test_result == expected_output
None == [0, 21, 33, 44, 54, 77, 55, 78, 11, 22, 35, 88, 74, 89, 90, 1457]?

check_consistency
Testing test10...

test_result == expected_output
None == [11, 22, 33, 44, 54, 77, 55, 78, 0, 21, 35, 88, 74, 89, 90, 1457]?

check_consistency
Testing test11...

test_result == expected_output
None == [0, 21, 33, 78, 54, 77, 55, 1455, 22, 44, 35, 88, 74, 89, 90, 1457]?

check_consistency
Testing test12...

test_result == expected_output
None == [22, 44, 33, 78, 54, 77, 55, 1457, 0, 21, 35, 88, 74, 89, 90, 1455]?

check_consistency
Testing test13...

test_result == expected_output
None == [0, 55, 54, 77, 33, 575, 78, 7589, 22, 89, 74, 1455, 35, 7587, 1457, 87588]?

check_consistency
Testing test14...

test_result == expected_output
None == [22, 55, 54, 77, 33, 575, 1457, 7589, 0, 89, 74, 1455, 35, 7587, 78, 87588]?

check_consistency
Testing test15...

test_result == expected_output
None == [1, 2, 3, 4, 5, 6, 7, 8, 9, 10, 11, 12, 13, 14, 15, 16]?

check_consistency

The current test15 result is inconsistent with the previous test15 result.
Previous Result: ('test15', ~PassedTest)
Current Result: ('test15', ~FailedTest)

break for test inconsistency
Model Test Finished...
Previous Explanatory Power: 0.0526
Current Explanatory Power: 0.0
Exiting ModelTester

New Observations:
[('test1', ~FailedTest), ('test2', ~FailedTest), ('test3', ~FailedTest), ('test4', ~FailedTest), ('test5', ~FailedTest), ('test6', ~FailedTest), ('test7', ~FailedTest), ('test8', ~FailedTest), ('test9', ~FailedTest), ('test10', ~FailedTest), ('test11', ~FailedTest), ('test12', ~FailedTest), ('test13', ~FailedTest), ('test14', ~FailedTest), ('test15', ~FailedTest), ('UndefinedTest', ~FailedTest), ('UndefinedTest', ~FailedTest), ('UndefinedTest', ~FailedTest), ('UndefinedTest', ~FailedTest)]
Behavior Type:
Behavior.Worsened


Testing Hypothesis 67.
Hypothesis: ('bitonicMerge = a', 22, 0)

Init HyphotesisTester
Init ModelTester
Entering ModelTester
Starting Model Testing...
Testing test1...

test_result == expected_output
None == [1, 5, 2, 6, 3, 7, 4, 8]?

check_consistency
Testing test2...

test_result == expected_output
None == [3, 7, 4, 8, 1, 5, 2, 6]?

check_consistency
Testing test3...

test_result == expected_output
None == [17, 31, 44, 78, 52, 71, 55, 86]?

check_consistency
Testing test4...

test_result == expected_output
None == [17, 31, 44, 78, 52, 71, 55, 86]?

check_consistency
Testing test5...

test_result == expected_output
None == [15, 78, 17, 108]?

check_consistency
Testing test6...

test_result == expected_output
None == [17, 108, 15, 78]?

check_consistency
Testing test7...

test_result == expected_output
None == [3, 7, 6, 55, 15, 78, 17, 108, 0, 21, 35, 108, 74, 800, 90, 1457]?

check_consistency
Testing test8...

test_result == expected_output
None == [0, 7, 6, 55, 15, 78, 17, 108, 3, 21, 35, 108, 74, 800, 90, 1457]?

check_consistency
Testing test9...

test_result == expected_output
None == [0, 21, 33, 44, 54, 77, 55, 78, 11, 22, 35, 88, 74, 89, 90, 1457]?

check_consistency
Testing test10...

test_result == expected_output
None == [11, 22, 33, 44, 54, 77, 55, 78, 0, 21, 35, 88, 74, 89, 90, 1457]?

check_consistency
Testing test11...

test_result == expected_output
None == [0, 21, 33, 78, 54, 77, 55, 1455, 22, 44, 35, 88, 74, 89, 90, 1457]?

check_consistency
Testing test12...

test_result == expected_output
None == [22, 44, 33, 78, 54, 77, 55, 1457, 0, 21, 35, 88, 74, 89, 90, 1455]?

check_consistency
Testing test13...

test_result == expected_output
None == [0, 55, 54, 77, 33, 575, 78, 7589, 22, 89, 74, 1455, 35, 7587, 1457, 87588]?

check_consistency
Testing test14...

test_result == expected_output
None == [22, 55, 54, 77, 33, 575, 1457, 7589, 0, 89, 74, 1455, 35, 7587, 78, 87588]?

check_consistency
Testing test15...

test_result == expected_output
None == [1, 2, 3, 4, 5, 6, 7, 8, 9, 10, 11, 12, 13, 14, 15, 16]?

check_consistency

The current test15 result is inconsistent with the previous test15 result.
Previous Result: ('test15', ~PassedTest)
Current Result: ('test15', ~FailedTest)

break for test inconsistency
Model Test Finished...
Previous Explanatory Power: 0.0526
Current Explanatory Power: 0.0
Exiting ModelTester

New Observations:
[('test1', ~FailedTest), ('test2', ~FailedTest), ('test3', ~FailedTest), ('test4', ~FailedTest), ('test5', ~FailedTest), ('test6', ~FailedTest), ('test7', ~FailedTest), ('test8', ~FailedTest), ('test9', ~FailedTest), ('test10', ~FailedTest), ('test11', ~FailedTest), ('test12', ~FailedTest), ('test13', ~FailedTest), ('test14', ~FailedTest), ('test15', ~FailedTest), ('UndefinedTest', ~FailedTest), ('UndefinedTest', ~FailedTest), ('UndefinedTest', ~FailedTest), ('UndefinedTest', ~FailedTest)]
Behavior Type:
Behavior.Worsened


Testing Hypothesis 68.
Hypothesis: ('low = a', 22, 0)

Init HyphotesisTester
Init ModelTester
Entering ModelTester
Starting Model Testing...
Testing test1...

test_result == expected_output
None == [1, 5, 2, 6, 3, 7, 4, 8]?

check_consistency
Testing test2...

test_result == expected_output
None == [3, 7, 4, 8, 1, 5, 2, 6]?

check_consistency
Testing test3...

test_result == expected_output
None == [17, 31, 44, 78, 52, 71, 55, 86]?

check_consistency
Testing test4...

test_result == expected_output
None == [17, 31, 44, 78, 52, 71, 55, 86]?

check_consistency
Testing test5...

test_result == expected_output
None == [15, 78, 17, 108]?

check_consistency
Testing test6...

test_result == expected_output
None == [17, 108, 15, 78]?

check_consistency
Testing test7...

test_result == expected_output
None == [3, 7, 6, 55, 15, 78, 17, 108, 0, 21, 35, 108, 74, 800, 90, 1457]?

check_consistency
Testing test8...

                   test_result == expected_output
                   None == [0, 7, 6, 55, 15, 78, 17, 108, 3, 21, 35, 108, 74, 800, 90, 1457]?
                   
check_consistency
Testing test9...

                   test_result == expected_output
                   None == [0, 21, 33, 44, 54, 77, 55, 78, 11, 22, 35, 88, 74, 89, 90, 1457]?
                   
check_consistency
Testing test10...

                   test_result == expected_output
                   None == [11, 22, 33, 44, 54, 77, 55, 78, 0, 21, 35, 88, 74, 89, 90, 1457]?
                   
check_consistency
Testing test11...

                   test_result == expected_output
                   None == [0, 21, 33, 78, 54, 77, 55, 1455, 22, 44, 35, 88, 74, 89, 90, 1457]?
                   
check_consistency
Testing test12...

                   test_result == expected_output
                   None == [22, 44, 33, 78, 54, 77, 55, 1457, 0, 21, 35, 88, 74, 89, 90, 1455]?
                   
check_consistency
Testing test13...

                   test_result == expected_output
                   None == [0, 55, 54, 77, 33, 575, 78, 7589, 22, 89, 74, 1455, 35, 7587, 1457, 87588]?
                   
check_consistency
Testing test14...

                   test_result == expected_output
                   None == [22, 55, 54, 77, 33, 575, 1457, 7589, 0, 89, 74, 1455, 35, 7587, 78, 87588]?
                   
check_consistency
Testing test15...

                   test_result == expected_output
                   None == [1, 2, 3, 4, 5, 6, 7, 8, 9, 10, 11, 12, 13, 14, 15, 16]?
                   
check_consistency

               The current test15 result is inconsistent with the previous test15 result.
               Previous Result: ('test15', ~PassedTest)
               Current Result: ('test15', ~FailedTest)
               
break for test inconsistency
Model Test Finished...
Previous Explanatory Power: 0.0526
Current Explanatory Power: 0.0
Exiting ModelTester

                        New Observations:
                        [('test1', ~FailedTest), ('test2', ~FailedTest), ('test3', ~FailedTest), ('test4', ~FailedTest), ('test5', ~FailedTest), ('test6', ~FailedTest), ('test7', ~FailedTest), ('test8', ~FailedTest), ('test9', ~FailedTest), ('test10', ~FailedTest), ('test11', ~FailedTest), ('test12', ~FailedTest), ('test13', ~FailedTest), ('test14', ~FailedTest), ('test15', ~FailedTest), ('UndefinedTest', ~FailedTest), ('UndefinedTest', ~FailedTest), ('UndefinedTest', ~FailedTest), ('UndefinedTest', ~FailedTest)]
                        Behavior Type:
                        Behavior.Worsened
                        

                        Testing Hypothesis 69.
                        Hypothesis: ('header = a', 22, 0)
                        
Init HyphotesisTester
Init ModelTester
Entering ModelTester
Starting Model Testing...
Testing test1...

                   test_result == expected_output
                   None == [1, 5, 2, 6, 3, 7, 4, 8]?
                   
check_consistency
Testing test2...

                   test_result == expected_output
                   None == [3, 7, 4, 8, 1, 5, 2, 6]?
                   
check_consistency
Testing test3...

                   test_result == expected_output
                   None == [17, 31, 44, 78, 52, 71, 55, 86]?
                   
check_consistency
Testing test4...

                   test_result == expected_output
                   None == [17, 31, 44, 78, 52, 71, 55, 86]?
                   
check_consistency
Testing test5...

                   test_result == expected_output
                   None == [15, 78, 17, 108]?
                   
check_consistency
Testing test6...

                   test_result == expected_output
                   None == [17, 108, 15, 78]?
                   
check_consistency
Testing test7...

                   test_result == expected_output
                   None == [3, 7, 6, 55, 15, 78, 17, 108, 0, 21, 35, 108, 74, 800, 90, 1457]?
                   
check_consistency
Testing test8...

                   test_result == expected_output
                   None == [0, 7, 6, 55, 15, 78, 17, 108, 3, 21, 35, 108, 74, 800, 90, 1457]?
                   
check_consistency
Testing test9...

                   test_result == expected_output
                   None == [0, 21, 33, 44, 54, 77, 55, 78, 11, 22, 35, 88, 74, 89, 90, 1457]?
                   
check_consistency
Testing test10...

                   test_result == expected_output
                   None == [11, 22, 33, 44, 54, 77, 55, 78, 0, 21, 35, 88, 74, 89, 90, 1457]?
                   
check_consistency
Testing test11...

                   test_result == expected_output
                   None == [0, 21, 33, 78, 54, 77, 55, 1455, 22, 44, 35, 88, 74, 89, 90, 1457]?
                   
check_consistency
Testing test12...

                   test_result == expected_output
                   None == [22, 44, 33, 78, 54, 77, 55, 1457, 0, 21, 35, 88, 74, 89, 90, 1455]?
                   
check_consistency
Testing test13...

                   test_result == expected_output
                   None == [0, 55, 54, 77, 33, 575, 78, 7589, 22, 89, 74, 1455, 35, 7587, 1457, 87588]?
                   
check_consistency
Testing test14...

                   test_result == expected_output
                   None == [22, 55, 54, 77, 33, 575, 1457, 7589, 0, 89, 74, 1455, 35, 7587, 78, 87588]?
                   
check_consistency
Testing test15...

                   test_result == expected_output
                   None == [1, 2, 3, 4, 5, 6, 7, 8, 9, 10, 11, 12, 13, 14, 15, 16]?
                   
check_consistency

               The current test15 result is inconsistent with the previous test15 result.
               Previous Result: ('test15', ~PassedTest)
               Current Result: ('test15', ~FailedTest)
               
break for test inconsistency
Model Test Finished...
Previous Explanatory Power: 0.0526
Current Explanatory Power: 0.0
Exiting ModelTester

                        New Observations:
                        [('test1', ~FailedTest), ('test2', ~FailedTest), ('test3', ~FailedTest), ('test4', ~FailedTest), ('test5', ~FailedTest), ('test6', ~FailedTest), ('test7', ~FailedTest), ('test8', ~FailedTest), ('test9', ~FailedTest), ('test10', ~FailedTest), ('test11', ~FailedTest), ('test12', ~FailedTest), ('test13', ~FailedTest), ('test14', ~FailedTest), ('test15', ~FailedTest), ('UndefinedTest', ~FailedTest), ('UndefinedTest', ~FailedTest), ('UndefinedTest', ~FailedTest), ('UndefinedTest', ~FailedTest)]
                        Behavior Type:
                        Behavior.Worsened
                        

                        Testing Hypothesis 70.
                        Hypothesis: ('DEFAULT_HEADER = a', 22, 0)
                        
Init HyphotesisTester
Init ModelTester
Entering ModelTester
Starting Model Testing...
Testing test1...

                   test_result == expected_output
                   None == [1, 5, 2, 6, 3, 7, 4, 8]?
                   
check_consistency
Testing test2...

                   test_result == expected_output
                   None == [3, 7, 4, 8, 1, 5, 2, 6]?
                   
check_consistency
Testing test3...

                   test_result == expected_output
                   None == [17, 31, 44, 78, 52, 71, 55, 86]?
                   
check_consistency
Testing test4...

                   test_result == expected_output
                   None == [17, 31, 44, 78, 52, 71, 55, 86]?
                   
check_consistency
Testing test5...

                   test_result == expected_output
                   None == [15, 78, 17, 108]?
                   
check_consistency
Testing test6...

                   test_result == expected_output
                   None == [17, 108, 15, 78]?
                   
check_consistency
Testing test7...

                   test_result == expected_output
                   None == [3, 7, 6, 55, 15, 78, 17, 108, 0, 21, 35, 108, 74, 800, 90, 1457]?
                   
check_consistency
Testing test8...

                   test_result == expected_output
                   None == [0, 7, 6, 55, 15, 78, 17, 108, 3, 21, 35, 108, 74, 800, 90, 1457]?
                   
check_consistency
Testing test9...

                   test_result == expected_output
                   None == [0, 21, 33, 44, 54, 77, 55, 78, 11, 22, 35, 88, 74, 89, 90, 1457]?
                   
check_consistency
Testing test10...

                   test_result == expected_output
                   None == [11, 22, 33, 44, 54, 77, 55, 78, 0, 21, 35, 88, 74, 89, 90, 1457]?
                   
check_consistency
Testing test11...

                   test_result == expected_output
                   None == [0, 21, 33, 78, 54, 77, 55, 1455, 22, 44, 35, 88, 74, 89, 90, 1457]?
                   
check_consistency
Testing test12...

                   test_result == expected_output
                   None == [22, 44, 33, 78, 54, 77, 55, 1457, 0, 21, 35, 88, 74, 89, 90, 1455]?
                   
check_consistency
Testing test13...

                   test_result == expected_output
                   None == [0, 55, 54, 77, 33, 575, 78, 7589, 22, 89, 74, 1455, 35, 7587, 1457, 87588]?
                   
check_consistency
Testing test14...

                   test_result == expected_output
                   None == [22, 55, 54, 77, 33, 575, 1457, 7589, 0, 89, 74, 1455, 35, 7587, 78, 87588]?
                   
check_consistency
Testing test15...

                   test_result == expected_output
                   None == [1, 2, 3, 4, 5, 6, 7, 8, 9, 10, 11, 12, 13, 14, 15, 16]?
                   
check_consistency

               The current test15 result is inconsistent with the previous test15 result.
               Previous Result: ('test15', ~PassedTest)
               Current Result: ('test15', ~FailedTest)
               
break for test inconsistency
Model Test Finished...
Previous Explanatory Power: 0.0526
Current Explanatory Power: 0.0
Exiting ModelTester

                        New Observations:
                        [('test1', ~FailedTest), ('test2', ~FailedTest), ('test3', ~FailedTest), ('test4', ~FailedTest), ('test5', ~FailedTest), ('test6', ~FailedTest), ('test7', ~FailedTest), ('test8', ~FailedTest), ('test9', ~FailedTest), ('test10', ~FailedTest), ('test11', ~FailedTest), ('test12', ~FailedTest), ('test13', ~FailedTest), ('test14', ~FailedTest), ('test15', ~FailedTest), ('UndefinedTest', ~FailedTest), ('UndefinedTest', ~FailedTest), ('UndefinedTest', ~FailedTest), ('UndefinedTest', ~FailedTest)]
                        Behavior Type:
                        Behavior.Worsened
                        

                        Testing Hypothesis 71.
                        Hypothesis: ('cnt = a', 22, 0)
                        
Init HyphotesisTester
Init ModelTester
Entering ModelTester
Starting Model Testing...
Testing test1...

                   test_result == expected_output
                   None == [1, 5, 2, 6, 3, 7, 4, 8]?
                   
check_consistency
Testing test2...

                   test_result == expected_output
                   None == [3, 7, 4, 8, 1, 5, 2, 6]?
                   
check_consistency
Testing test3...

test_result == expected_output
None == [0, 7, 6, 55, 15, 78, 17, 108, 3, 21, 35, 108, 74, 800, 90, 1457]?

check_consistency
Testing test9...

test_result == expected_output
None == [0, 21, 33, 44, 54, 77, 55, 78, 11, 22, 35, 88, 74, 89, 90, 1457]?

check_consistency
Testing test10...

test_result == expected_output
None == [11, 22, 33, 44, 54, 77, 55, 78, 0, 21, 35, 88, 74, 89, 90, 1457]?

check_consistency
Testing test11...

test_result == expected_output
None == [0, 21, 33, 78, 54, 77, 55, 1455, 22, 44, 35, 88, 74, 89, 90, 1457]?

check_consistency
Testing test12...

test_result == expected_output
None == [22, 44, 33, 78, 54, 77, 55, 1457, 0, 21, 35, 88, 74, 89, 90, 1455]?

check_consistency
Testing test13...

test_result == expected_output
None == [0, 55, 54, 77, 33, 575, 78, 7589, 22, 89, 74, 1455, 35, 7587, 1457, 87588]?

check_consistency
Testing test14...

test_result == expected_output
None == [22, 55, 54, 77, 33, 575, 1457, 7589, 0, 89, 74, 1455, 35, 7587, 78, 87588]?

check_consistency
Testing test15...

test_result == expected_output
None == [1, 2, 3, 4, 5, 6, 7, 8, 9, 10, 11, 12, 13, 14, 15, 16]?

check_consistency

The current test15 result is inconsistent with the previous test15 result.
Previous Result: ('test15', ~PassedTest)
Current Result: ('test15', ~FailedTest)

break for test inconsistency
Model Test Finished...
Previous Explanatory Power: 0.0526
Current Explanatory Power: 0.0
Exiting ModelTester

New Observations:
[('test1', ~FailedTest), ('test2', ~FailedTest), ('test3', ~FailedTest), ('test4', ~FailedTest), ('test5', ~FailedTest), ('test6', ~FailedTest), ('test7', ~FailedTest), ('test8', ~FailedTest), ('test9', ~FailedTest), ('test10', ~FailedTest), ('test11', ~FailedTest), ('test12', ~FailedTest), ('test13', ~FailedTest), ('test14', ~FailedTest), ('test15', ~FailedTest), ('UndefinedTest', ~FailedTest), ('UndefinedTest', ~FailedTest), ('UndefinedTest', ~FailedTest), ('UndefinedTest', ~FailedTest)]
Behavior Type:
Behavior.Worsened


Testing Hypothesis 69.
Hypothesis: ('header = a', 22, 0)

Init HyphotesisTester
Init ModelTester
Entering ModelTester
Starting Model Testing...
Testing test1...

test_result == expected_output
None == [1, 5, 2, 6, 3, 7, 4, 8]?

check_consistency
Testing test2...

test_result == expected_output
None == [3, 7, 4, 8, 1, 5, 2, 6]?

check_consistency
Testing test3...

test_result == expected_output
None == [17, 31, 44, 78, 52, 71, 55, 86]?

check_consistency
Testing test4...

test_result == expected_output
None == [17, 31, 44, 78, 52, 71, 55, 86]?

check_consistency
Testing test5...

test_result == expected_output
None == [15, 78, 17, 108]?

check_consistency
Testing test6...

test_result == expected_output
None == [17, 108, 15, 78]?

check_consistency
Testing test7...

test_result == expected_output
None == [3, 7, 6, 55, 15, 78, 17, 108, 0, 21, 35, 108, 74, 800, 90, 1457]?

check_consistency
Testing test8...

test_result == expected_output
None == [0, 7, 6, 55, 15, 78, 17, 108, 3, 21, 35, 108, 74, 800, 90, 1457]?

check_consistency
Testing test9...

test_result == expected_output
None == [0, 21, 33, 44, 54, 77, 55, 78, 11, 22, 35, 88, 74, 89, 90, 1457]?

check_consistency
Testing test10...

test_result == expected_output
None == [11, 22, 33, 44, 54, 77, 55, 78, 0, 21, 35, 88, 74, 89, 90, 1457]?

check_consistency
Testing test11...

test_result == expected_output
None == [0, 21, 33, 78, 54, 77, 55, 1455, 22, 44, 35, 88, 74, 89, 90, 1457]?

check_consistency
Testing test12...

test_result == expected_output
None == [22, 44, 33, 78, 54, 77, 55, 1457, 0, 21, 35, 88, 74, 89, 90, 1455]?

check_consistency
Testing test13...

test_result == expected_output
None == [0, 55, 54, 77, 33, 575, 78, 7589, 22, 89, 74, 1455, 35, 7587, 1457, 87588]?

check_consistency
Testing test14...

test_result == expected_output
None == [22, 55, 54, 77, 33, 575, 1457, 7589, 0, 89, 74, 1455, 35, 7587, 78, 87588]?

check_consistency
Testing test15...

test_result == expected_output
None == [1, 2, 3, 4, 5, 6, 7, 8, 9, 10, 11, 12, 13, 14, 15, 16]?

check_consistency

The current test15 result is inconsistent with the previous test15 result.
Previous Result: ('test15', ~PassedTest)
Current Result: ('test15', ~FailedTest)

break for test inconsistency
Model Test Finished...
Previous Explanatory Power: 0.0526
Current Explanatory Power: 0.0
Exiting ModelTester

New Observations:
[('test1', ~FailedTest), ('test2', ~FailedTest), ('test3', ~FailedTest), ('test4', ~FailedTest), ('test5', ~FailedTest), ('test6', ~FailedTest), ('test7', ~FailedTest), ('test8', ~FailedTest), ('test9', ~FailedTest), ('test10', ~FailedTest), ('test11', ~FailedTest), ('test12', ~FailedTest), ('test13', ~FailedTest), ('test14', ~FailedTest), ('test15', ~FailedTest), ('UndefinedTest', ~FailedTest), ('UndefinedTest', ~FailedTest), ('UndefinedTest', ~FailedTest), ('UndefinedTest', ~FailedTest)]
Behavior Type:
Behavior.Worsened


Testing Hypothesis 70.
Hypothesis: ('DEFAULT_HEADER = a', 22, 0)

Init HyphotesisTester
Init ModelTester
Entering ModelTester
Starting Model Testing...
Testing test1...

test_result == expected_output
None == [1, 5, 2, 6, 3, 7, 4, 8]?

check_consistency
Testing test2...

test_result == expected_output
None == [3, 7, 4, 8, 1, 5, 2, 6]?

check_consistency
Testing test3...

test_result == expected_output
None == [17, 31, 44, 78, 52, 71, 55, 86]?

check_consistency
Testing test4...

test_result == expected_output
None == [17, 31, 44, 78, 52, 71, 55, 86]?

check_consistency
Testing test5...

test_result == expected_output
None == [15, 78, 17, 108]?

check_consistency
Testing test6...

test_result == expected_output
None == [17, 108, 15, 78]?

check_consistency
Testing test7...

test_result == expected_output
None == [3, 7, 6, 55, 15, 78, 17, 108, 0, 21, 35, 108, 74, 800, 90, 1457]?

check_consistency
Testing test8...

test_result == expected_output
None == [0, 7, 6, 55, 15, 78, 17, 108, 3, 21, 35, 108, 74, 800, 90, 1457]?

check_consistency
Testing test9...

test_result == expected_output
None == [0, 21, 33, 44, 54, 77, 55, 78, 11, 22, 35, 88, 74, 89, 90, 1457]?

check_consistency
Testing test10...

test_result == expected_output
None == [11, 22, 33, 44, 54, 77, 55, 78, 0, 21, 35, 88, 74, 89, 90, 1457]?

check_consistency
Testing test11...

test_result == expected_output
None == [0, 21, 33, 78, 54, 77, 55, 1455, 22, 44, 35, 88, 74, 89, 90, 1457]?

check_consistency
Testing test12...

test_result == expected_output
None == [22, 44, 33, 78, 54, 77, 55, 1457, 0, 21, 35, 88, 74, 89, 90, 1455]?

check_consistency
Testing test13...

test_result == expected_output
None == [0, 55, 54, 77, 33, 575, 78, 7589, 22, 89, 74, 1455, 35, 7587, 1457, 87588]?

check_consistency
Testing test14...

test_result == expected_output
None == [22, 55, 54, 77, 33, 575, 1457, 7589, 0, 89, 74, 1455, 35, 7587, 78, 87588]?

check_consistency
Testing test15...

test_result == expected_output
None == [1, 2, 3, 4, 5, 6, 7, 8, 9, 10, 11, 12, 13, 14, 15, 16]?

check_consistency

The current test15 result is inconsistent with the previous test15 result.
Previous Result: ('test15', ~PassedTest)
Current Result: ('test15', ~FailedTest)

break for test inconsistency
Model Test Finished...
Previous Explanatory Power: 0.0526
Current Explanatory Power: 0.0
Exiting ModelTester

New Observations:
[('test1', ~FailedTest), ('test2', ~FailedTest), ('test3', ~FailedTest), ('test4', ~FailedTest), ('test5', ~FailedTest), ('test6', ~FailedTest), ('test7', ~FailedTest), ('test8', ~FailedTest), ('test9', ~FailedTest), ('test10', ~FailedTest), ('test11', ~FailedTest), ('test12', ~FailedTest), ('test13', ~FailedTest), ('test14', ~FailedTest), ('test15', ~FailedTest), ('UndefinedTest', ~FailedTest), ('UndefinedTest', ~FailedTest), ('UndefinedTest', ~FailedTest), ('UndefinedTest', ~FailedTest)]
Behavior Type:
Behavior.Worsened


Testing Hypothesis 71.
Hypothesis: ('cnt = a', 22, 0)

Init HyphotesisTester
Init ModelTester
Entering ModelTester
Starting Model Testing...
Testing test1...

test_result == expected_output
None == [1, 5, 2, 6, 3, 7, 4, 8]?

check_consistency
Testing test2...

test_result == expected_output
None == [3, 7, 4, 8, 1, 5, 2, 6]?

check_consistency
Testing test3...

                   test_result == expected_output
                   None == [17, 31, 44, 78, 52, 71, 55, 86]?
                   
check_consistency
Testing test4...

                   test_result == expected_output
                   None == [17, 31, 44, 78, 52, 71, 55, 86]?
                   
check_consistency
Testing test5...

                   test_result == expected_output
                   None == [15, 78, 17, 108]?
                   
check_consistency
Testing test6...

                   test_result == expected_output
                   None == [17, 108, 15, 78]?
                   
check_consistency
Testing test7...

                   test_result == expected_output
                   None == [3, 7, 6, 55, 15, 78, 17, 108, 0, 21, 35, 108, 74, 800, 90, 1457]?
                   
check_consistency
Testing test8...

                   test_result == expected_output
                   None == [0, 7, 6, 55, 15, 78, 17, 108, 3, 21, 35, 108, 74, 800, 90, 1457]?
                   
check_consistency
Testing test9...

                   test_result == expected_output
                   None == [0, 21, 33, 44, 54, 77, 55, 78, 11, 22, 35, 88, 74, 89, 90, 1457]?
                   
check_consistency
Testing test10...

                   test_result == expected_output
                   None == [11, 22, 33, 44, 54, 77, 55, 78, 0, 21, 35, 88, 74, 89, 90, 1457]?
                   
check_consistency
Testing test11...

                   test_result == expected_output
                   None == [0, 21, 33, 78, 54, 77, 55, 1455, 22, 44, 35, 88, 74, 89, 90, 1457]?
                   
check_consistency
Testing test12...

                   test_result == expected_output
                   None == [22, 44, 33, 78, 54, 77, 55, 1457, 0, 21, 35, 88, 74, 89, 90, 1455]?
                   
check_consistency
Testing test13...

                   test_result == expected_output
                   None == [0, 55, 54, 77, 33, 575, 78, 7589, 22, 89, 74, 1455, 35, 7587, 1457, 87588]?
                   
check_consistency
Testing test14...

                   test_result == expected_output
                   None == [22, 55, 54, 77, 33, 575, 1457, 7589, 0, 89, 74, 1455, 35, 7587, 78, 87588]?
                   
check_consistency
Testing test15...

                   test_result == expected_output
                   None == [1, 2, 3, 4, 5, 6, 7, 8, 9, 10, 11, 12, 13, 14, 15, 16]?
                   
check_consistency

               The current test15 result is inconsistent with the previous test15 result.
               Previous Result: ('test15', ~PassedTest)
               Current Result: ('test15', ~FailedTest)
               
break for test inconsistency
Model Test Finished...
Previous Explanatory Power: 0.0526
Current Explanatory Power: 0.0
Exiting ModelTester

                        New Observations:
                        [('test1', ~FailedTest), ('test2', ~FailedTest), ('test3', ~FailedTest), ('test4', ~FailedTest), ('test5', ~FailedTest), ('test6', ~FailedTest), ('test7', ~FailedTest), ('test8', ~FailedTest), ('test9', ~FailedTest), ('test10', ~FailedTest), ('test11', ~FailedTest), ('test12', ~FailedTest), ('test13', ~FailedTest), ('test14', ~FailedTest), ('test15', ~FailedTest), ('UndefinedTest', ~FailedTest), ('UndefinedTest', ~FailedTest), ('UndefinedTest', ~FailedTest), ('UndefinedTest', ~FailedTest)]
                        Behavior Type:
                        Behavior.Worsened
                        

                        Testing Hypothesis 72.
                        Hypothesis: ('a = a', 22, 0)
                        
Init HyphotesisTester
Init ModelTester
Entering ModelTester
Starting Model Testing...
Testing test1...

                   test_result == expected_output
                   None == [1, 5, 2, 6, 3, 7, 4, 8]?
                   
check_consistency
Testing test2...

                   test_result == expected_output
                   None == [3, 7, 4, 8, 1, 5, 2, 6]?
                   
check_consistency
Testing test3...

                   test_result == expected_output
                   None == [17, 31, 44, 78, 52, 71, 55, 86]?
                   
check_consistency
Testing test4...

                   test_result == expected_output
                   None == [17, 31, 44, 78, 52, 71, 55, 86]?
                   
check_consistency
Testing test5...

                   test_result == expected_output
                   None == [15, 78, 17, 108]?
                   
check_consistency
Testing test6...

                   test_result == expected_output
                   None == [17, 108, 15, 78]?
                   
check_consistency
Testing test7...

                   test_result == expected_output
                   None == [3, 7, 6, 55, 15, 78, 17, 108, 0, 21, 35, 108, 74, 800, 90, 1457]?
                   
check_consistency
Testing test8...

                   test_result == expected_output
                   None == [0, 7, 6, 55, 15, 78, 17, 108, 3, 21, 35, 108, 74, 800, 90, 1457]?
                   
check_consistency
Testing test9...

                   test_result == expected_output
                   None == [0, 21, 33, 44, 54, 77, 55, 78, 11, 22, 35, 88, 74, 89, 90, 1457]?
                   
check_consistency
Testing test10...

                   test_result == expected_output
                   None == [11, 22, 33, 44, 54, 77, 55, 78, 0, 21, 35, 88, 74, 89, 90, 1457]?
                   
check_consistency
Testing test11...

                   test_result == expected_output
                   None == [0, 21, 33, 78, 54, 77, 55, 1455, 22, 44, 35, 88, 74, 89, 90, 1457]?
                   
check_consistency
Testing test12...

                   test_result == expected_output
                   None == [22, 44, 33, 78, 54, 77, 55, 1457, 0, 21, 35, 88, 74, 89, 90, 1455]?
                   
check_consistency
Testing test13...

                   test_result == expected_output
                   None == [0, 55, 54, 77, 33, 575, 78, 7589, 22, 89, 74, 1455, 35, 7587, 1457, 87588]?
                   
check_consistency
Testing test14...

                   test_result == expected_output
                   None == [22, 55, 54, 77, 33, 575, 1457, 7589, 0, 89, 74, 1455, 35, 7587, 78, 87588]?
                   
check_consistency
Testing test15...

                   test_result == expected_output
                   None == [1, 2, 3, 4, 5, 6, 7, 8, 9, 10, 11, 12, 13, 14, 15, 16]?
                   
check_consistency

               The current test15 result is inconsistent with the previous test15 result.
               Previous Result: ('test15', ~PassedTest)
               Current Result: ('test15', ~FailedTest)
               
break for test inconsistency
Model Test Finished...
Previous Explanatory Power: 0.0526
Current Explanatory Power: 0.0
Exiting ModelTester

                        New Observations:
                        [('test1', ~FailedTest), ('test2', ~FailedTest), ('test3', ~FailedTest), ('test4', ~FailedTest), ('test5', ~FailedTest), ('test6', ~FailedTest), ('test7', ~FailedTest), ('test8', ~FailedTest), ('test9', ~FailedTest), ('test10', ~FailedTest), ('test11', ~FailedTest), ('test12', ~FailedTest), ('test13', ~FailedTest), ('test14', ~FailedTest), ('test15', ~FailedTest), ('UndefinedTest', ~FailedTest), ('UndefinedTest', ~FailedTest), ('UndefinedTest', ~FailedTest), ('UndefinedTest', ~FailedTest)]
                        Behavior Type:
                        Behavior.Worsened
                        

                        Testing Hypothesis 73.
                        Hypothesis: ('up = a', 22, 0)
                        
Init HyphotesisTester
Init ModelTester
Entering ModelTester
Starting Model Testing...
Testing test1...

                   test_result == expected_output
                   None == [1, 5, 2, 6, 3, 7, 4, 8]?
                   
check_consistency
Testing test2...

                   test_result == expected_output
                   None == [3, 7, 4, 8, 1, 5, 2, 6]?
                   
check_consistency
Testing test3...

                   test_result == expected_output
                   None == [17, 31, 44, 78, 52, 71, 55, 86]?
                   
check_consistency
Testing test4...

                   test_result == expected_output
                   None == [17, 31, 44, 78, 52, 71, 55, 86]?
                   
check_consistency
Testing test5...

                   test_result == expected_output
                   None == [15, 78, 17, 108]?
                   
check_consistency
Testing test6...

                   test_result == expected_output
                   None == [17, 108, 15, 78]?
                   
check_consistency
Testing test7...

                   test_result == expected_output
                   None == [3, 7, 6, 55, 15, 78, 17, 108, 0, 21, 35, 108, 74, 800, 90, 1457]?
                   
check_consistency
Testing test8...

                   test_result == expected_output
                   None == [0, 7, 6, 55, 15, 78, 17, 108, 3, 21, 35, 108, 74, 800, 90, 1457]?
                   
check_consistency
Testing test9...

                   test_result == expected_output
                   None == [0, 21, 33, 44, 54, 77, 55, 78, 11, 22, 35, 88, 74, 89, 90, 1457]?
                   
check_consistency
Testing test10...

                   test_result == expected_output
                   None == [11, 22, 33, 44, 54, 77, 55, 78, 0, 21, 35, 88, 74, 89, 90, 1457]?
                   
check_consistency
Testing test11...

                   test_result == expected_output
                   None == [0, 21, 33, 78, 54, 77, 55, 1455, 22, 44, 35, 88, 74, 89, 90, 1457]?
                   
check_consistency
Testing test12...

                   test_result == expected_output
                   None == [22, 44, 33, 78, 54, 77, 55, 1457, 0, 21, 35, 88, 74, 89, 90, 1455]?
                   
check_consistency
Testing test13...

                   test_result == expected_output
                   None == [0, 55, 54, 77, 33, 575, 78, 7589, 22, 89, 74, 1455, 35, 7587, 1457, 87588]?
                   
check_consistency
Testing test14...

                   test_result == expected_output
                   None == [22, 55, 54, 77, 33, 575, 1457, 7589, 0, 89, 74, 1455, 35, 7587, 78, 87588]?
                   
check_consistency
Testing test15...

                   test_result == expected_output
                   None == [1, 2, 3, 4, 5, 6, 7, 8, 9, 10, 11, 12, 13, 14, 15, 16]?
                   
check_consistency

               The current test15 result is inconsistent with the previous test15 result.
               Previous Result: ('test15', ~PassedTest)
               Current Result: ('test15', ~FailedTest)
               
break for test inconsistency
Model Test Finished...
Previous Explanatory Power: 0.0526
Current Explanatory Power: 0.0
Exiting ModelTester

test_result == expected_output
None == [17, 31, 44, 78, 52, 71, 55, 86]?

check_consistency
Testing test4...

test_result == expected_output
None == [17, 31, 44, 78, 52, 71, 55, 86]?

check_consistency
Testing test5...

test_result == expected_output
None == [15, 78, 17, 108]?

check_consistency
Testing test6...

test_result == expected_output
None == [17, 108, 15, 78]?

check_consistency
Testing test7...

test_result == expected_output
None == [3, 7, 6, 55, 15, 78, 17, 108, 0, 21, 35, 108, 74, 800, 90, 1457]?

check_consistency
Testing test8...

test_result == expected_output
None == [0, 7, 6, 55, 15, 78, 17, 108, 3, 21, 35, 108, 74, 800, 90, 1457]?

check_consistency
Testing test9...

test_result == expected_output
None == [0, 21, 33, 44, 54, 77, 55, 78, 11, 22, 35, 88, 74, 89, 90, 1457]?

check_consistency
Testing test10...

test_result == expected_output
None == [11, 22, 33, 44, 54, 77, 55, 78, 0, 21, 35, 88, 74, 89, 90, 1457]?

check_consistency
Testing test11...

test_result == expected_output
None == [0, 21, 33, 78, 54, 77, 55, 1455, 22, 44, 35, 88, 74, 89, 90, 1457]?

check_consistency
Testing test12...

test_result == expected_output
None == [22, 44, 33, 78, 54, 77, 55, 1457, 0, 21, 35, 88, 74, 89, 90, 1455]?

check_consistency
Testing test13...

test_result == expected_output
None == [0, 55, 54, 77, 33, 575, 78, 7589, 22, 89, 74, 1455, 35, 7587, 1457, 87588]?

check_consistency
Testing test14...

test_result == expected_output
None == [22, 55, 54, 77, 33, 575, 1457, 7589, 0, 89, 74, 1455, 35, 7587, 78, 87588]?

check_consistency
Testing test15...

test_result == expected_output
None == [1, 2, 3, 4, 5, 6, 7, 8, 9, 10, 11, 12, 13, 14, 15, 16]?

check_consistency

The current test15 result is inconsistent with the previous test15 result.
Previous Result: ('test15', ~PassedTest)
Current Result: ('test15', ~FailedTest)

break for test inconsistency
Model Test Finished...
Previous Explanatory Power: 0.0526
Current Explanatory Power: 0.0
Exiting ModelTester

New Observations:
[('test1', ~FailedTest), ('test2', ~FailedTest), ('test3', ~FailedTest), ('test4', ~FailedTest), ('test5', ~FailedTest), ('test6', ~FailedTest), ('test7', ~FailedTest), ('test8', ~FailedTest), ('test9', ~FailedTest), ('test10', ~FailedTest), ('test11', ~FailedTest), ('test12', ~FailedTest), ('test13', ~FailedTest), ('test14', ~FailedTest), ('test15', ~FailedTest), ('UndefinedTest', ~FailedTest), ('UndefinedTest', ~FailedTest), ('UndefinedTest', ~FailedTest), ('UndefinedTest', ~FailedTest)]
Behavior Type:
Behavior.Worsened


Testing Hypothesis 72.
Hypothesis: ('a = a', 22, 0)

Init HyphotesisTester
Init ModelTester
Entering ModelTester
Starting Model Testing...
Testing test1...

test_result == expected_output
None == [1, 5, 2, 6, 3, 7, 4, 8]?

check_consistency
Testing test2...

test_result == expected_output
None == [3, 7, 4, 8, 1, 5, 2, 6]?

check_consistency
Testing test3...

test_result == expected_output
None == [17, 31, 44, 78, 52, 71, 55, 86]?

check_consistency
Testing test4...

test_result == expected_output
None == [17, 31, 44, 78, 52, 71, 55, 86]?

check_consistency
Testing test5...

test_result == expected_output
None == [15, 78, 17, 108]?

check_consistency
Testing test6...

test_result == expected_output
None == [17, 108, 15, 78]?

check_consistency
Testing test7...

test_result == expected_output
None == [3, 7, 6, 55, 15, 78, 17, 108, 0, 21, 35, 108, 74, 800, 90, 1457]?

check_consistency
Testing test8...

test_result == expected_output
None == [0, 7, 6, 55, 15, 78, 17, 108, 3, 21, 35, 108, 74, 800, 90, 1457]?

check_consistency
Testing test9...

test_result == expected_output
None == [0, 21, 33, 44, 54, 77, 55, 78, 11, 22, 35, 88, 74, 89, 90, 1457]?

check_consistency
Testing test10...

test_result == expected_output
None == [11, 22, 33, 44, 54, 77, 55, 78, 0, 21, 35, 88, 74, 89, 90, 1457]?

check_consistency
Testing test11...

test_result == expected_output
None == [0, 21, 33, 78, 54, 77, 55, 1455, 22, 44, 35, 88, 74, 89, 90, 1457]?

check_consistency
Testing test12...

test_result == expected_output
None == [22, 44, 33, 78, 54, 77, 55, 1457, 0, 21, 35, 88, 74, 89, 90, 1455]?

check_consistency
Testing test13...

test_result == expected_output
None == [0, 55, 54, 77, 33, 575, 78, 7589, 22, 89, 74, 1455, 35, 7587, 1457, 87588]?

check_consistency
Testing test14...

test_result == expected_output
None == [22, 55, 54, 77, 33, 575, 1457, 7589, 0, 89, 74, 1455, 35, 7587, 78, 87588]?

check_consistency
Testing test15...

test_result == expected_output
None == [1, 2, 3, 4, 5, 6, 7, 8, 9, 10, 11, 12, 13, 14, 15, 16]?

check_consistency

The current test15 result is inconsistent with the previous test15 result.
Previous Result: ('test15', ~PassedTest)
Current Result: ('test15', ~FailedTest)

break for test inconsistency
Model Test Finished...
Previous Explanatory Power: 0.0526
Current Explanatory Power: 0.0
Exiting ModelTester

New Observations:
[('test1', ~FailedTest), ('test2', ~FailedTest), ('test3', ~FailedTest), ('test4', ~FailedTest), ('test5', ~FailedTest), ('test6', ~FailedTest), ('test7', ~FailedTest), ('test8', ~FailedTest), ('test9', ~FailedTest), ('test10', ~FailedTest), ('test11', ~FailedTest), ('test12', ~FailedTest), ('test13', ~FailedTest), ('test14', ~FailedTest), ('test15', ~FailedTest), ('UndefinedTest', ~FailedTest), ('UndefinedTest', ~FailedTest), ('UndefinedTest', ~FailedTest), ('UndefinedTest', ~FailedTest)]
Behavior Type:
Behavior.Worsened


Testing Hypothesis 73.
Hypothesis: ('up = a', 22, 0)

Init HyphotesisTester
Init ModelTester
Entering ModelTester
Starting Model Testing...
Testing test1...

test_result == expected_output
None == [1, 5, 2, 6, 3, 7, 4, 8]?

check_consistency
Testing test2...

test_result == expected_output
None == [3, 7, 4, 8, 1, 5, 2, 6]?

check_consistency
Testing test3...

test_result == expected_output
None == [17, 31, 44, 78, 52, 71, 55, 86]?

check_consistency
Testing test4...

test_result == expected_output
None == [17, 31, 44, 78, 52, 71, 55, 86]?

check_consistency
Testing test5...

test_result == expected_output
None == [15, 78, 17, 108]?

check_consistency
Testing test6...

test_result == expected_output
None == [17, 108, 15, 78]?

check_consistency
Testing test7...

test_result == expected_output
None == [3, 7, 6, 55, 15, 78, 17, 108, 0, 21, 35, 108, 74, 800, 90, 1457]?

check_consistency
Testing test8...

test_result == expected_output
None == [0, 7, 6, 55, 15, 78, 17, 108, 3, 21, 35, 108, 74, 800, 90, 1457]?

check_consistency
Testing test9...

test_result == expected_output
None == [0, 21, 33, 44, 54, 77, 55, 78, 11, 22, 35, 88, 74, 89, 90, 1457]?

check_consistency
Testing test10...

test_result == expected_output
None == [11, 22, 33, 44, 54, 77, 55, 78, 0, 21, 35, 88, 74, 89, 90, 1457]?

check_consistency
Testing test11...

test_result == expected_output
None == [0, 21, 33, 78, 54, 77, 55, 1455, 22, 44, 35, 88, 74, 89, 90, 1457]?

check_consistency
Testing test12...

test_result == expected_output
None == [22, 44, 33, 78, 54, 77, 55, 1457, 0, 21, 35, 88, 74, 89, 90, 1455]?

check_consistency
Testing test13...

test_result == expected_output
None == [0, 55, 54, 77, 33, 575, 78, 7589, 22, 89, 74, 1455, 35, 7587, 1457, 87588]?

check_consistency
Testing test14...

test_result == expected_output
None == [22, 55, 54, 77, 33, 575, 1457, 7589, 0, 89, 74, 1455, 35, 7587, 78, 87588]?

check_consistency
Testing test15...

test_result == expected_output
None == [1, 2, 3, 4, 5, 6, 7, 8, 9, 10, 11, 12, 13, 14, 15, 16]?

check_consistency

The current test15 result is inconsistent with the previous test15 result.
Previous Result: ('test15', ~PassedTest)
Current Result: ('test15', ~FailedTest)

break for test inconsistency
Model Test Finished...
Previous Explanatory Power: 0.0526
Current Explanatory Power: 0.0
Exiting ModelTester

                        New Observations:
                        [('test1', ~FailedTest), ('test2', ~FailedTest), ('test3', ~FailedTest), ('test4', ~FailedTest), ('test5', ~FailedTest), ('test6', ~FailedTest), ('test7', ~FailedTest), ('test8', ~FailedTest), ('test9', ~FailedTest), ('test10', ~FailedTest), ('test11', ~FailedTest), ('test12', ~FailedTest), ('test13', ~FailedTest), ('test14', ~FailedTest), ('test15', ~FailedTest), ('UndefinedTest', ~FailedTest), ('UndefinedTest', ~FailedTest), ('UndefinedTest', ~FailedTest), ('UndefinedTest', ~FailedTest)]
                        Behavior Type:
                        Behavior.Worsened
                        

                        Testing Hypothesis 74.
                        Hypothesis: ('compAndSwap = a', 22, 0)
                        
Init HyphotesisTester
Init ModelTester
Entering ModelTester
Starting Model Testing...
Testing test1...

                   test_result == expected_output
                   None == [1, 5, 2, 6, 3, 7, 4, 8]?
                   
check_consistency
Testing test2...

                   test_result == expected_output
                   None == [3, 7, 4, 8, 1, 5, 2, 6]?
                   
check_consistency
Testing test3...

                   test_result == expected_output
                   None == [17, 31, 44, 78, 52, 71, 55, 86]?
                   
check_consistency
Testing test4...

                   test_result == expected_output
                   None == [17, 31, 44, 78, 52, 71, 55, 86]?
                   
check_consistency
Testing test5...

                   test_result == expected_output
                   None == [15, 78, 17, 108]?
                   
check_consistency
Testing test6...

                   test_result == expected_output
                   None == [17, 108, 15, 78]?
                   
check_consistency
Testing test7...

                   test_result == expected_output
                   None == [3, 7, 6, 55, 15, 78, 17, 108, 0, 21, 35, 108, 74, 800, 90, 1457]?
                   
check_consistency
Testing test8...

                   test_result == expected_output
                   None == [0, 7, 6, 55, 15, 78, 17, 108, 3, 21, 35, 108, 74, 800, 90, 1457]?
                   
check_consistency
Testing test9...

                   test_result == expected_output
                   None == [0, 21, 33, 44, 54, 77, 55, 78, 11, 22, 35, 88, 74, 89, 90, 1457]?
                   
check_consistency
Testing test10...

                   test_result == expected_output
                   None == [11, 22, 33, 44, 54, 77, 55, 78, 0, 21, 35, 88, 74, 89, 90, 1457]?
                   
check_consistency
Testing test11...

                   test_result == expected_output
                   None == [0, 21, 33, 78, 54, 77, 55, 1455, 22, 44, 35, 88, 74, 89, 90, 1457]?
                   
check_consistency
Testing test12...

                   test_result == expected_output
                   None == [22, 44, 33, 78, 54, 77, 55, 1457, 0, 21, 35, 88, 74, 89, 90, 1455]?
                   
check_consistency
Testing test13...

                   test_result == expected_output
                   None == [0, 55, 54, 77, 33, 575, 78, 7589, 22, 89, 74, 1455, 35, 7587, 1457, 87588]?
                   
check_consistency
Testing test14...

                   test_result == expected_output
                   None == [22, 55, 54, 77, 33, 575, 1457, 7589, 0, 89, 74, 1455, 35, 7587, 78, 87588]?
                   
check_consistency
Testing test15...

                   test_result == expected_output
                   None == [1, 2, 3, 4, 5, 6, 7, 8, 9, 10, 11, 12, 13, 14, 15, 16]?
                   
check_consistency

               The current test15 result is inconsistent with the previous test15 result.
               Previous Result: ('test15', ~PassedTest)
               Current Result: ('test15', ~FailedTest)
               
break for test inconsistency
Model Test Finished...
Previous Explanatory Power: 0.0526
Current Explanatory Power: 0.0
Exiting ModelTester

                        New Observations:
                        [('test1', ~FailedTest), ('test2', ~FailedTest), ('test3', ~FailedTest), ('test4', ~FailedTest), ('test5', ~FailedTest), ('test6', ~FailedTest), ('test7', ~FailedTest), ('test8', ~FailedTest), ('test9', ~FailedTest), ('test10', ~FailedTest), ('test11', ~FailedTest), ('test12', ~FailedTest), ('test13', ~FailedTest), ('test14', ~FailedTest), ('test15', ~FailedTest), ('UndefinedTest', ~FailedTest), ('UndefinedTest', ~FailedTest), ('UndefinedTest', ~FailedTest), ('UndefinedTest', ~FailedTest)]
                        Behavior Type:
                        Behavior.Worsened
                        

                        Testing Hypothesis 75.
                        Hypothesis: ('return a.name', 22, 0)
                        
Init HyphotesisTester
Init ModelTester
Entering ModelTester
Starting Model Testing...
Testing test1...
check_consistency
Testing test2...
check_consistency
Testing test3...
check_consistency
Testing test4...
check_consistency
Testing test5...
check_consistency
Testing test6...
check_consistency
Testing test7...
check_consistency
Testing test8...
check_consistency
Testing test9...
check_consistency
Testing test10...
check_consistency
Testing test11...
check_consistency
Testing test12...
check_consistency
Testing test13...
check_consistency
Testing test14...
check_consistency
Testing test15...
check_consistency

               The current test15 result is inconsistent with the previous test15 result.
               Previous Result: ('test15', ~PassedTest)
               Current Result: ('UndefinedTest', ~FailedTest)
               
break for test inconsistency
Model Test Finished...
Previous Explanatory Power: 0.0526
Current Explanatory Power: 0.0
Exiting ModelTester

                        New Observations:
                        [('UndefinedTest', ~FailedTest), ('UndefinedTest', ~FailedTest), ('UndefinedTest', ~FailedTest), ('UndefinedTest', ~FailedTest), ('UndefinedTest', ~FailedTest), ('UndefinedTest', ~FailedTest), ('UndefinedTest', ~FailedTest), ('UndefinedTest', ~FailedTest), ('UndefinedTest', ~FailedTest), ('UndefinedTest', ~FailedTest), ('UndefinedTest', ~FailedTest), ('UndefinedTest', ~FailedTest), ('UndefinedTest', ~FailedTest), ('UndefinedTest', ~FailedTest), ('UndefinedTest', ~FailedTest), ('UndefinedTest', ~FailedTest), ('UndefinedTest', ~FailedTest), ('UndefinedTest', ~FailedTest), ('UndefinedTest', ~FailedTest)]
                        Behavior Type:
                        Behavior.Worsened
                        

                        Testing Hypothesis 76.
                        Hypothesis: ('return bitonicSort(a)', 22, 0)
                        
Init HyphotesisTester
Init ModelTester
Entering ModelTester
Starting Model Testing...
Testing test1...
check_consistency
Testing test2...
check_consistency
Testing test3...
check_consistency
Testing test4...
check_consistency
Testing test5...
check_consistency
Testing test6...
check_consistency
Testing test7...
check_consistency
Testing test8...
check_consistency
Testing test9...
check_consistency
Testing test10...
check_consistency
Testing test11...
check_consistency
Testing test12...
check_consistency
Testing test13...
check_consistency
Testing test14...
check_consistency
Testing test15...
check_consistency

               The current test15 result is inconsistent with the previous test15 result.
               Previous Result: ('test15', ~PassedTest)
               Current Result: ('UndefinedTest', ~FailedTest)
               
break for test inconsistency
Model Test Finished...
Previous Explanatory Power: 0.0526
Current Explanatory Power: 0.0
Exiting ModelTester

                        New Observations:
                        [('UndefinedTest', ~FailedTest), ('UndefinedTest', ~FailedTest), ('UndefinedTest', ~FailedTest), ('UndefinedTest', ~FailedTest), ('UndefinedTest', ~FailedTest), ('UndefinedTest', ~FailedTest), ('UndefinedTest', ~FailedTest), ('UndefinedTest', ~FailedTest), ('UndefinedTest', ~FailedTest), ('UndefinedTest', ~FailedTest), ('UndefinedTest', ~FailedTest), ('UndefinedTest', ~FailedTest), ('UndefinedTest', ~FailedTest), ('UndefinedTest', ~FailedTest), ('UndefinedTest', ~FailedTest), ('UndefinedTest', ~FailedTest), ('UndefinedTest', ~FailedTest), ('UndefinedTest', ~FailedTest), ('UndefinedTest', ~FailedTest)]
                        Behavior Type:
                        Behavior.Worsened
                        

                        Testing Hypothesis 77.
                        Hypothesis: ('return k(a)', 22, 0)
                        
Init HyphotesisTester
Init ModelTester
Entering ModelTester
Starting Model Testing...
Testing test1...
check_consistency
Testing test2...
check_consistency
Testing test3...
check_consistency
Testing test4...
check_consistency
Testing test5...
check_consistency
Testing test6...
check_consistency
Testing test7...
check_consistency
Testing test8...
check_consistency
Testing test9...
check_consistency
Testing test10...
check_consistency
Testing test11...
check_consistency
Testing test12...
check_consistency
Testing test13...
check_consistency
Testing test14...
check_consistency
Testing test15...
check_consistency

               The current test15 result is inconsistent with the previous test15 result.
               Previous Result: ('test15', ~PassedTest)
               Current Result: ('UndefinedTest', ~FailedTest)
               
break for test inconsistency
Model Test Finished...
Previous Explanatory Power: 0.0526
Current Explanatory Power: 0.0
Exiting ModelTester

New Observations:
[('test1', ~FailedTest), ('test2', ~FailedTest), ('test3', ~FailedTest), ('test4', ~FailedTest), ('test5', ~FailedTest), ('test6', ~FailedTest), ('test7', ~FailedTest), ('test8', ~FailedTest), ('test9', ~FailedTest), ('test10', ~FailedTest), ('test11', ~FailedTest), ('test12', ~FailedTest), ('test13', ~FailedTest), ('test14', ~FailedTest), ('test15', ~FailedTest), ('UndefinedTest', ~FailedTest), ('UndefinedTest', ~FailedTest), ('UndefinedTest', ~FailedTest), ('UndefinedTest', ~FailedTest)]
Behavior Type:
Behavior.Worsened


Testing Hypothesis 74.
Hypothesis: ('compAndSwap = a', 22, 0)

Init HyphotesisTester
Init ModelTester
Entering ModelTester
Starting Model Testing...
Testing test1...

test_result == expected_output
None == [1, 5, 2, 6, 3, 7, 4, 8]?

check_consistency
Testing test2...

test_result == expected_output
None == [3, 7, 4, 8, 1, 5, 2, 6]?

check_consistency
Testing test3...

test_result == expected_output
None == [17, 31, 44, 78, 52, 71, 55, 86]?

check_consistency
Testing test4...

test_result == expected_output
None == [17, 31, 44, 78, 52, 71, 55, 86]?

check_consistency
Testing test5...

test_result == expected_output
None == [15, 78, 17, 108]?

check_consistency
Testing test6...

test_result == expected_output
None == [17, 108, 15, 78]?

check_consistency
Testing test7...

test_result == expected_output
None == [3, 7, 6, 55, 15, 78, 17, 108, 0, 21, 35, 108, 74, 800, 90, 1457]?

check_consistency
Testing test8...

test_result == expected_output
None == [0, 7, 6, 55, 15, 78, 17, 108, 3, 21, 35, 108, 74, 800, 90, 1457]?

check_consistency
Testing test9...

test_result == expected_output
None == [0, 21, 33, 44, 54, 77, 55, 78, 11, 22, 35, 88, 74, 89, 90, 1457]?

check_consistency
Testing test10...

test_result == expected_output
None == [11, 22, 33, 44, 54, 77, 55, 78, 0, 21, 35, 88, 74, 89, 90, 1457]?

check_consistency
Testing test11...

test_result == expected_output
None == [0, 21, 33, 78, 54, 77, 55, 1455, 22, 44, 35, 88, 74, 89, 90, 1457]?

check_consistency
Testing test12...

test_result == expected_output
None == [22, 44, 33, 78, 54, 77, 55, 1457, 0, 21, 35, 88, 74, 89, 90, 1455]?

check_consistency
Testing test13...

test_result == expected_output
None == [0, 55, 54, 77, 33, 575, 78, 7589, 22, 89, 74, 1455, 35, 7587, 1457, 87588]?

check_consistency
Testing test14...

test_result == expected_output
None == [22, 55, 54, 77, 33, 575, 1457, 7589, 0, 89, 74, 1455, 35, 7587, 78, 87588]?

check_consistency
Testing test15...

test_result == expected_output
None == [1, 2, 3, 4, 5, 6, 7, 8, 9, 10, 11, 12, 13, 14, 15, 16]?

check_consistency

The current test15 result is inconsistent with the previous test15 result.
Previous Result: ('test15', ~PassedTest)
Current Result: ('test15', ~FailedTest)

break for test inconsistency
Model Test Finished...
Previous Explanatory Power: 0.0526
Current Explanatory Power: 0.0
Exiting ModelTester

New Observations:
[('test1', ~FailedTest), ('test2', ~FailedTest), ('test3', ~FailedTest), ('test4', ~FailedTest), ('test5', ~FailedTest), ('test6', ~FailedTest), ('test7', ~FailedTest), ('test8', ~FailedTest), ('test9', ~FailedTest), ('test10', ~FailedTest), ('test11', ~FailedTest), ('test12', ~FailedTest), ('test13', ~FailedTest), ('test14', ~FailedTest), ('test15', ~FailedTest), ('UndefinedTest', ~FailedTest), ('UndefinedTest', ~FailedTest), ('UndefinedTest', ~FailedTest), ('UndefinedTest', ~FailedTest)]
Behavior Type:
Behavior.Worsened


Testing Hypothesis 75.
Hypothesis: ('return a.name', 22, 0)

Init HyphotesisTester
Init ModelTester
Entering ModelTester
Starting Model Testing...
Testing test1...
check_consistency
Testing test2...
check_consistency
Testing test3...
check_consistency
Testing test4...
check_consistency
Testing test5...
check_consistency
Testing test6...
check_consistency
Testing test7...
check_consistency
Testing test8...
check_consistency
Testing test9...
check_consistency
Testing test10...
check_consistency
Testing test11...
check_consistency
Testing test12...
check_consistency
Testing test13...
check_consistency
Testing test14...
check_consistency
Testing test15...
check_consistency

The current test15 result is inconsistent with the previous test15 result.
Previous Result: ('test15', ~PassedTest)
Current Result: ('UndefinedTest', ~FailedTest)

break for test inconsistency
Model Test Finished...
Previous Explanatory Power: 0.0526
Current Explanatory Power: 0.0
Exiting ModelTester

New Observations:
[('UndefinedTest', ~FailedTest), ('UndefinedTest', ~FailedTest), ('UndefinedTest', ~FailedTest), ('UndefinedTest', ~FailedTest), ('UndefinedTest', ~FailedTest), ('UndefinedTest', ~FailedTest), ('UndefinedTest', ~FailedTest), ('UndefinedTest', ~FailedTest), ('UndefinedTest', ~FailedTest), ('UndefinedTest', ~FailedTest), ('UndefinedTest', ~FailedTest), ('UndefinedTest', ~FailedTest), ('UndefinedTest', ~FailedTest), ('UndefinedTest', ~FailedTest), ('UndefinedTest', ~FailedTest), ('UndefinedTest', ~FailedTest), ('UndefinedTest', ~FailedTest), ('UndefinedTest', ~FailedTest), ('UndefinedTest', ~FailedTest)]
Behavior Type:
Behavior.Worsened


Testing Hypothesis 76.
Hypothesis: ('return bitonicSort(a)', 22, 0)

Init HyphotesisTester
Init ModelTester
Entering ModelTester
Starting Model Testing...
Testing test1...
check_consistency
Testing test2...
check_consistency
Testing test3...
check_consistency
Testing test4...
check_consistency
Testing test5...
check_consistency
Testing test6...
check_consistency
Testing test7...
check_consistency
Testing test8...
check_consistency
Testing test9...
check_consistency
Testing test10...
check_consistency
Testing test11...
check_consistency
Testing test12...
check_consistency
Testing test13...
check_consistency
Testing test14...
check_consistency
Testing test15...
check_consistency

The current test15 result is inconsistent with the previous test15 result.
Previous Result: ('test15', ~PassedTest)
Current Result: ('UndefinedTest', ~FailedTest)

break for test inconsistency
Model Test Finished...
Previous Explanatory Power: 0.0526
Current Explanatory Power: 0.0
Exiting ModelTester

New Observations:
[('UndefinedTest', ~FailedTest), ('UndefinedTest', ~FailedTest), ('UndefinedTest', ~FailedTest), ('UndefinedTest', ~FailedTest), ('UndefinedTest', ~FailedTest), ('UndefinedTest', ~FailedTest), ('UndefinedTest', ~FailedTest), ('UndefinedTest', ~FailedTest), ('UndefinedTest', ~FailedTest), ('UndefinedTest', ~FailedTest), ('UndefinedTest', ~FailedTest), ('UndefinedTest', ~FailedTest), ('UndefinedTest', ~FailedTest), ('UndefinedTest', ~FailedTest), ('UndefinedTest', ~FailedTest), ('UndefinedTest', ~FailedTest), ('UndefinedTest', ~FailedTest), ('UndefinedTest', ~FailedTest), ('UndefinedTest', ~FailedTest)]
Behavior Type:
Behavior.Worsened


Testing Hypothesis 77.
Hypothesis: ('return k(a)', 22, 0)

Init HyphotesisTester
Init ModelTester
Entering ModelTester
Starting Model Testing...
Testing test1...
check_consistency
Testing test2...
check_consistency
Testing test3...
check_consistency
Testing test4...
check_consistency
Testing test5...
check_consistency
Testing test6...
check_consistency
Testing test7...
check_consistency
Testing test8...
check_consistency
Testing test9...
check_consistency
Testing test10...
check_consistency
Testing test11...
check_consistency
Testing test12...
check_consistency
Testing test13...
check_consistency
Testing test14...
check_consistency
Testing test15...
check_consistency

The current test15 result is inconsistent with the previous test15 result.
Previous Result: ('test15', ~PassedTest)
Current Result: ('UndefinedTest', ~FailedTest)

break for test inconsistency
Model Test Finished...
Previous Explanatory Power: 0.0526
Current Explanatory Power: 0.0
Exiting ModelTester

                        New Observations:
                        [('UndefinedTest', ~FailedTest), ('UndefinedTest', ~FailedTest), ('UndefinedTest', ~FailedTest), ('UndefinedTest', ~FailedTest), ('UndefinedTest', ~FailedTest), ('UndefinedTest', ~FailedTest), ('UndefinedTest', ~FailedTest), ('UndefinedTest', ~FailedTest), ('UndefinedTest', ~FailedTest), ('UndefinedTest', ~FailedTest), ('UndefinedTest', ~FailedTest), ('UndefinedTest', ~FailedTest), ('UndefinedTest', ~FailedTest), ('UndefinedTest', ~FailedTest), ('UndefinedTest', ~FailedTest), ('UndefinedTest', ~FailedTest), ('UndefinedTest', ~FailedTest), ('UndefinedTest', ~FailedTest), ('UndefinedTest', ~FailedTest)]
                        Behavior Type:
                        Behavior.Worsened
                        

                        Testing Hypothesis 78.
                        Hypothesis: ('return N(a)', 22, 0)
                        
Init HyphotesisTester
Init ModelTester
Entering ModelTester
Starting Model Testing...
Testing test1...
check_consistency
Testing test2...
check_consistency
Testing test3...
check_consistency
Testing test4...
check_consistency
Testing test5...
check_consistency
Testing test6...
check_consistency
Testing test7...
check_consistency
Testing test8...
check_consistency
Testing test9...
check_consistency
Testing test10...
check_consistency
Testing test11...
check_consistency
Testing test12...
check_consistency
Testing test13...
check_consistency
Testing test14...
check_consistency
Testing test15...
check_consistency

               The current test15 result is inconsistent with the previous test15 result.
               Previous Result: ('test15', ~PassedTest)
               Current Result: ('UndefinedTest', ~FailedTest)
               
break for test inconsistency
Model Test Finished...
Previous Explanatory Power: 0.0526
Current Explanatory Power: 0.0
Exiting ModelTester

                        New Observations:
                        [('UndefinedTest', ~FailedTest), ('UndefinedTest', ~FailedTest), ('UndefinedTest', ~FailedTest), ('UndefinedTest', ~FailedTest), ('UndefinedTest', ~FailedTest), ('UndefinedTest', ~FailedTest), ('UndefinedTest', ~FailedTest), ('UndefinedTest', ~FailedTest), ('UndefinedTest', ~FailedTest), ('UndefinedTest', ~FailedTest), ('UndefinedTest', ~FailedTest), ('UndefinedTest', ~FailedTest), ('UndefinedTest', ~FailedTest), ('UndefinedTest', ~FailedTest), ('UndefinedTest', ~FailedTest), ('UndefinedTest', ~FailedTest), ('UndefinedTest', ~FailedTest), ('UndefinedTest', ~FailedTest), ('UndefinedTest', ~FailedTest)]
                        Behavior Type:
                        Behavior.Worsened
                        

                        Testing Hypothesis 79.
                        Hypothesis: ('return dire(a)', 22, 0)
                        
Init HyphotesisTester
Init ModelTester
Entering ModelTester
Starting Model Testing...
Testing test1...
check_consistency
Testing test2...
check_consistency
Testing test3...
check_consistency
Testing test4...
check_consistency
Testing test5...
check_consistency
Testing test6...
check_consistency
Testing test7...
check_consistency
Testing test8...
check_consistency
Testing test9...
check_consistency
Testing test10...
check_consistency
Testing test11...
check_consistency
Testing test12...
check_consistency
Testing test13...
check_consistency
Testing test14...
check_consistency
Testing test15...
check_consistency

               The current test15 result is inconsistent with the previous test15 result.
               Previous Result: ('test15', ~PassedTest)
               Current Result: ('UndefinedTest', ~FailedTest)
               
break for test inconsistency
Model Test Finished...
Previous Explanatory Power: 0.0526
Current Explanatory Power: 0.0
Exiting ModelTester

                        New Observations:
                        [('UndefinedTest', ~FailedTest), ('UndefinedTest', ~FailedTest), ('UndefinedTest', ~FailedTest), ('UndefinedTest', ~FailedTest), ('UndefinedTest', ~FailedTest), ('UndefinedTest', ~FailedTest), ('UndefinedTest', ~FailedTest), ('UndefinedTest', ~FailedTest), ('UndefinedTest', ~FailedTest), ('UndefinedTest', ~FailedTest), ('UndefinedTest', ~FailedTest), ('UndefinedTest', ~FailedTest), ('UndefinedTest', ~FailedTest), ('UndefinedTest', ~FailedTest), ('UndefinedTest', ~FailedTest), ('UndefinedTest', ~FailedTest), ('UndefinedTest', ~FailedTest), ('UndefinedTest', ~FailedTest), ('UndefinedTest', ~FailedTest)]
                        Behavior Type:
                        Behavior.Worsened
                        

                        Testing Hypothesis 80.
                        Hypothesis: ('return j(a)', 22, 0)
                        
Init HyphotesisTester
Init ModelTester
Entering ModelTester
Starting Model Testing...
Testing test1...
check_consistency
Testing test2...
check_consistency
Testing test3...
check_consistency
Testing test4...
check_consistency
Testing test5...
check_consistency
Testing test6...
check_consistency
Testing test7...
check_consistency
Testing test8...
check_consistency
Testing test9...
check_consistency
Testing test10...
check_consistency
Testing test11...
check_consistency
Testing test12...
check_consistency
Testing test13...
check_consistency
Testing test14...
check_consistency
Testing test15...
check_consistency

               The current test15 result is inconsistent with the previous test15 result.
               Previous Result: ('test15', ~PassedTest)
               Current Result: ('UndefinedTest', ~FailedTest)
               
break for test inconsistency
Model Test Finished...
Previous Explanatory Power: 0.0526
Current Explanatory Power: 0.0
Exiting ModelTester

                        New Observations:
                        [('UndefinedTest', ~FailedTest), ('UndefinedTest', ~FailedTest), ('UndefinedTest', ~FailedTest), ('UndefinedTest', ~FailedTest), ('UndefinedTest', ~FailedTest), ('UndefinedTest', ~FailedTest), ('UndefinedTest', ~FailedTest), ('UndefinedTest', ~FailedTest), ('UndefinedTest', ~FailedTest), ('UndefinedTest', ~FailedTest), ('UndefinedTest', ~FailedTest), ('UndefinedTest', ~FailedTest), ('UndefinedTest', ~FailedTest), ('UndefinedTest', ~FailedTest), ('UndefinedTest', ~FailedTest), ('UndefinedTest', ~FailedTest), ('UndefinedTest', ~FailedTest), ('UndefinedTest', ~FailedTest), ('UndefinedTest', ~FailedTest)]
                        Behavior Type:
                        Behavior.Worsened
                        

                        Testing Hypothesis 81.
                        Hypothesis: ('return escape_url(a)', 22, 0)
                        
Init HyphotesisTester
Init ModelTester
Entering ModelTester
Starting Model Testing...
Testing test1...
check_consistency
Testing test2...
check_consistency
Testing test3...
check_consistency
Testing test4...
check_consistency
Testing test5...
check_consistency
Testing test6...
check_consistency
Testing test7...
check_consistency
Testing test8...
check_consistency
Testing test9...
check_consistency
Testing test10...
check_consistency
Testing test11...
check_consistency
Testing test12...
check_consistency
Testing test13...
check_consistency
Testing test14...
check_consistency
Testing test15...
check_consistency

               The current test15 result is inconsistent with the previous test15 result.
               Previous Result: ('test15', ~PassedTest)
               Current Result: ('UndefinedTest', ~FailedTest)
               
break for test inconsistency
Model Test Finished...
Previous Explanatory Power: 0.0526
Current Explanatory Power: 0.0
Exiting ModelTester

                        New Observations:
                        [('UndefinedTest', ~FailedTest), ('UndefinedTest', ~FailedTest), ('UndefinedTest', ~FailedTest), ('UndefinedTest', ~FailedTest), ('UndefinedTest', ~FailedTest), ('UndefinedTest', ~FailedTest), ('UndefinedTest', ~FailedTest), ('UndefinedTest', ~FailedTest), ('UndefinedTest', ~FailedTest), ('UndefinedTest', ~FailedTest), ('UndefinedTest', ~FailedTest), ('UndefinedTest', ~FailedTest), ('UndefinedTest', ~FailedTest), ('UndefinedTest', ~FailedTest), ('UndefinedTest', ~FailedTest), ('UndefinedTest', ~FailedTest), ('UndefinedTest', ~FailedTest), ('UndefinedTest', ~FailedTest), ('UndefinedTest', ~FailedTest)]
                        Behavior Type:
                        Behavior.Worsened
                        

                        Testing Hypothesis 82.
                        Hypothesis: ('return url(a)', 22, 0)
                        
Init HyphotesisTester
Init ModelTester
Entering ModelTester
Starting Model Testing...
Testing test1...
check_consistency
Testing test2...
check_consistency
Testing test3...
check_consistency
Testing test4...
check_consistency
Testing test5...
check_consistency
Testing test6...
check_consistency
Testing test7...
check_consistency
Testing test8...
check_consistency
Testing test9...
check_consistency
Testing test10...
check_consistency
Testing test11...
check_consistency
Testing test12...
check_consistency
Testing test13...
check_consistency
Testing test14...
check_consistency
Testing test15...
check_consistency

               The current test15 result is inconsistent with the previous test15 result.
               Previous Result: ('test15', ~PassedTest)
               Current Result: ('UndefinedTest', ~FailedTest)
               
break for test inconsistency
Model Test Finished...
Previous Explanatory Power: 0.0526

New Observations:
[('UndefinedTest', ~FailedTest), ('UndefinedTest', ~FailedTest), ('UndefinedTest', ~FailedTest), ('UndefinedTest', ~FailedTest), ('UndefinedTest', ~FailedTest), ('UndefinedTest', ~FailedTest), ('UndefinedTest', ~FailedTest), ('UndefinedTest', ~FailedTest), ('UndefinedTest', ~FailedTest), ('UndefinedTest', ~FailedTest), ('UndefinedTest', ~FailedTest), ('UndefinedTest', ~FailedTest), ('UndefinedTest', ~FailedTest), ('UndefinedTest', ~FailedTest), ('UndefinedTest', ~FailedTest), ('UndefinedTest', ~FailedTest), ('UndefinedTest', ~FailedTest), ('UndefinedTest', ~FailedTest), ('UndefinedTest', ~FailedTest)]
Behavior Type:
Behavior.Worsened


Testing Hypothesis 78.
Hypothesis: ('return N(a)', 22, 0)

Init HyphotesisTester
Init ModelTester
Entering ModelTester
Starting Model Testing...
Testing test1...
check_consistency
Testing test2...
check_consistency
Testing test3...
check_consistency
Testing test4...
check_consistency
Testing test5...
check_consistency
Testing test6...
check_consistency
Testing test7...
check_consistency
Testing test8...
check_consistency
Testing test9...
check_consistency
Testing test10...
check_consistency
Testing test11...
check_consistency
Testing test12...
check_consistency
Testing test13...
check_consistency
Testing test14...
check_consistency
Testing test15...
check_consistency

The current test15 result is inconsistent with the previous test15 result.
Previous Result: ('test15', ~PassedTest)
Current Result: ('UndefinedTest', ~FailedTest)

break for test inconsistency
Model Test Finished...
Previous Explanatory Power: 0.0526
Current Explanatory Power: 0.0
Exiting ModelTester

New Observations:
[('UndefinedTest', ~FailedTest), ('UndefinedTest', ~FailedTest), ('UndefinedTest', ~FailedTest), ('UndefinedTest', ~FailedTest), ('UndefinedTest', ~FailedTest), ('UndefinedTest', ~FailedTest), ('UndefinedTest', ~FailedTest), ('UndefinedTest', ~FailedTest), ('UndefinedTest', ~FailedTest), ('UndefinedTest', ~FailedTest), ('UndefinedTest', ~FailedTest), ('UndefinedTest', ~FailedTest), ('UndefinedTest', ~FailedTest), ('UndefinedTest', ~FailedTest), ('UndefinedTest', ~FailedTest), ('UndefinedTest', ~FailedTest), ('UndefinedTest', ~FailedTest), ('UndefinedTest', ~FailedTest), ('UndefinedTest', ~FailedTest)]
Behavior Type:
Behavior.Worsened


Testing Hypothesis 79.
Hypothesis: ('return dire(a)', 22, 0)

Init HyphotesisTester
Init ModelTester
Entering ModelTester
Starting Model Testing...
Testing test1...
check_consistency
Testing test2...
check_consistency
Testing test3...
check_consistency
Testing test4...
check_consistency
Testing test5...
check_consistency
Testing test6...
check_consistency
Testing test7...
check_consistency
Testing test8...
check_consistency
Testing test9...
check_consistency
Testing test10...
check_consistency
Testing test11...
check_consistency
Testing test12...
check_consistency
Testing test13...
check_consistency
Testing test14...
check_consistency
Testing test15...
check_consistency

The current test15 result is inconsistent with the previous test15 result.
Previous Result: ('test15', ~PassedTest)
Current Result: ('UndefinedTest', ~FailedTest)

break for test inconsistency
Model Test Finished...
Previous Explanatory Power: 0.0526
Current Explanatory Power: 0.0
Exiting ModelTester

New Observations:
[('UndefinedTest', ~FailedTest), ('UndefinedTest', ~FailedTest), ('UndefinedTest', ~FailedTest), ('UndefinedTest', ~FailedTest), ('UndefinedTest', ~FailedTest), ('UndefinedTest', ~FailedTest), ('UndefinedTest', ~FailedTest), ('UndefinedTest', ~FailedTest), ('UndefinedTest', ~FailedTest), ('UndefinedTest', ~FailedTest), ('UndefinedTest', ~FailedTest), ('UndefinedTest', ~FailedTest), ('UndefinedTest', ~FailedTest), ('UndefinedTest', ~FailedTest), ('UndefinedTest', ~FailedTest), ('UndefinedTest', ~FailedTest), ('UndefinedTest', ~FailedTest), ('UndefinedTest', ~FailedTest), ('UndefinedTest', ~FailedTest)]
Behavior Type:
Behavior.Worsened


Testing Hypothesis 80.
Hypothesis: ('return j(a)', 22, 0)

Init HyphotesisTester
Init ModelTester
Entering ModelTester
Starting Model Testing...
Testing test1...
check_consistency
Testing test2...
check_consistency
Testing test3...
check_consistency
Testing test4...
check_consistency
Testing test5...
check_consistency
Testing test6...
check_consistency
Testing test7...
check_consistency
Testing test8...
check_consistency
Testing test9...
check_consistency
Testing test10...
check_consistency
Testing test11...
check_consistency
Testing test12...
check_consistency
Testing test13...
check_consistency
Testing test14...
check_consistency
Testing test15...
check_consistency

The current test15 result is inconsistent with the previous test15 result.
Previous Result: ('test15', ~PassedTest)
Current Result: ('UndefinedTest', ~FailedTest)

break for test inconsistency
Model Test Finished...
Previous Explanatory Power: 0.0526
Current Explanatory Power: 0.0
Exiting ModelTester

New Observations:
[('UndefinedTest', ~FailedTest), ('UndefinedTest', ~FailedTest), ('UndefinedTest', ~FailedTest), ('UndefinedTest', ~FailedTest), ('UndefinedTest', ~FailedTest), ('UndefinedTest', ~FailedTest), ('UndefinedTest', ~FailedTest), ('UndefinedTest', ~FailedTest), ('UndefinedTest', ~FailedTest), ('UndefinedTest', ~FailedTest), ('UndefinedTest', ~FailedTest), ('UndefinedTest', ~FailedTest), ('UndefinedTest', ~FailedTest), ('UndefinedTest', ~FailedTest), ('UndefinedTest', ~FailedTest), ('UndefinedTest', ~FailedTest), ('UndefinedTest', ~FailedTest), ('UndefinedTest', ~FailedTest), ('UndefinedTest', ~FailedTest)]
Behavior Type:
Behavior.Worsened


Testing Hypothesis 81.
Hypothesis: ('return escape_url(a)', 22, 0)

Init HyphotesisTester
Init ModelTester
Entering ModelTester
Starting Model Testing...
Testing test1...
check_consistency
Testing test2...
check_consistency
Testing test3...
check_consistency
Testing test4...
check_consistency
Testing test5...
check_consistency
Testing test6...
check_consistency
Testing test7...
check_consistency
Testing test8...
check_consistency
Testing test9...
check_consistency
Testing test10...
check_consistency
Testing test11...
check_consistency
Testing test12...
check_consistency
Testing test13...
check_consistency
Testing test14...
check_consistency
Testing test15...
check_consistency

The current test15 result is inconsistent with the previous test15 result.
Previous Result: ('test15', ~PassedTest)
Current Result: ('UndefinedTest', ~FailedTest)

break for test inconsistency
Model Test Finished...
Previous Explanatory Power: 0.0526
Current Explanatory Power: 0.0
Exiting ModelTester

New Observations:
[('UndefinedTest', ~FailedTest), ('UndefinedTest', ~FailedTest), ('UndefinedTest', ~FailedTest), ('UndefinedTest', ~FailedTest), ('UndefinedTest', ~FailedTest), ('UndefinedTest', ~FailedTest), ('UndefinedTest', ~FailedTest), ('UndefinedTest', ~FailedTest), ('UndefinedTest', ~FailedTest), ('UndefinedTest', ~FailedTest), ('UndefinedTest', ~FailedTest), ('UndefinedTest', ~FailedTest), ('UndefinedTest', ~FailedTest), ('UndefinedTest', ~FailedTest), ('UndefinedTest', ~FailedTest), ('UndefinedTest', ~FailedTest), ('UndefinedTest', ~FailedTest), ('UndefinedTest', ~FailedTest), ('UndefinedTest', ~FailedTest)]
Behavior Type:
Behavior.Worsened


Testing Hypothesis 82.
Hypothesis: ('return url(a)', 22, 0)

Init HyphotesisTester
Init ModelTester
Entering ModelTester
Starting Model Testing...
Testing test1...
check_consistency
Testing test2...
check_consistency
Testing test3...
check_consistency
Testing test4...
check_consistency
Testing test5...
check_consistency
Testing test6...
check_consistency
Testing test7...
check_consistency
Testing test8...
check_consistency
Testing test9...
check_consistency
Testing test10...
check_consistency
Testing test11...
check_consistency
Testing test12...
check_consistency
Testing test13...
check_consistency
Testing test14...
check_consistency
Testing test15...
check_consistency

The current test15 result is inconsistent with the previous test15 result.
Previous Result: ('test15', ~PassedTest)
Current Result: ('UndefinedTest', ~FailedTest)

break for test inconsistency
Model Test Finished...
Previous Explanatory Power: 0.0526
Current Explanatory Power: 0.0
Exiting ModelTester

                        New Observations:
                        [('UndefinedTest', ~FailedTest), ('UndefinedTest', ~FailedTest), ('UndefinedTest', ~FailedTest), ('UndefinedTest', ~FailedTest), ('UndefinedTest', ~FailedTest), ('UndefinedTest', ~FailedTest), ('UndefinedTest', ~FailedTest), ('UndefinedTest', ~FailedTest), ('UndefinedTest', ~FailedTest), ('UndefinedTest', ~FailedTest), ('UndefinedTest', ~FailedTest), ('UndefinedTest', ~FailedTest), ('UndefinedTest', ~FailedTest), ('UndefinedTest', ~FailedTest), ('UndefinedTest', ~FailedTest), ('UndefinedTest', ~FailedTest), ('UndefinedTest', ~FailedTest), ('UndefinedTest', ~FailedTest), ('UndefinedTest', ~FailedTest)]
                        Behavior Type:
                        Behavior.Worsened
                        

                        Testing Hypothesis 83.
                        Hypothesis: ('return i(a)', 22, 0)
                        
Init HyphotesisTester
Init ModelTester
Entering ModelTester
Starting Model Testing...
Testing test1...
check_consistency
Testing test2...
check_consistency
Testing test3...
check_consistency
Testing test4...
check_consistency
Testing test5...
check_consistency
Testing test6...
check_consistency
Testing test7...
check_consistency
Testing test8...
check_consistency
Testing test9...
check_consistency
Testing test10...
check_consistency
Testing test11...
check_consistency
Testing test12...
check_consistency
Testing test13...
check_consistency
Testing test14...
check_consistency
Testing test15...
check_consistency

               The current test15 result is inconsistent with the previous test15 result.
               Previous Result: ('test15', ~PassedTest)
               Current Result: ('UndefinedTest', ~FailedTest)
               
break for test inconsistency
Model Test Finished...
Previous Explanatory Power: 0.0526
Current Explanatory Power: 0.0
Exiting ModelTester

                        New Observations:
                        [('UndefinedTest', ~FailedTest), ('UndefinedTest', ~FailedTest), ('UndefinedTest', ~FailedTest), ('UndefinedTest', ~FailedTest), ('UndefinedTest', ~FailedTest), ('UndefinedTest', ~FailedTest), ('UndefinedTest', ~FailedTest), ('UndefinedTest', ~FailedTest), ('UndefinedTest', ~FailedTest), ('UndefinedTest', ~FailedTest), ('UndefinedTest', ~FailedTest), ('UndefinedTest', ~FailedTest), ('UndefinedTest', ~FailedTest), ('UndefinedTest', ~FailedTest), ('UndefinedTest', ~FailedTest), ('UndefinedTest', ~FailedTest), ('UndefinedTest', ~FailedTest), ('UndefinedTest', ~FailedTest), ('UndefinedTest', ~FailedTest)]
                        Behavior Type:
                        Behavior.Worsened
                        

                        Testing Hypothesis 84.
                        Hypothesis: ('return bitonicMerge(a)', 22, 0)
                        
Init HyphotesisTester
Init ModelTester
Entering ModelTester
Starting Model Testing...
Testing test1...
check_consistency
Testing test2...
check_consistency
Testing test3...
check_consistency
Testing test4...
check_consistency
Testing test5...
check_consistency
Testing test6...
check_consistency
Testing test7...
check_consistency
Testing test8...
check_consistency
Testing test9...
check_consistency
Testing test10...
check_consistency
Testing test11...
check_consistency
Testing test12...
check_consistency
Testing test13...
check_consistency
Testing test14...
check_consistency
Testing test15...
check_consistency

               The current test15 result is inconsistent with the previous test15 result.
               Previous Result: ('test15', ~PassedTest)
               Current Result: ('UndefinedTest', ~FailedTest)
               
break for test inconsistency
Model Test Finished...
Previous Explanatory Power: 0.0526
Current Explanatory Power: 0.0
Exiting ModelTester

                        New Observations:
                        [('UndefinedTest', ~FailedTest), ('UndefinedTest', ~FailedTest), ('UndefinedTest', ~FailedTest), ('UndefinedTest', ~FailedTest), ('UndefinedTest', ~FailedTest), ('UndefinedTest', ~FailedTest), ('UndefinedTest', ~FailedTest), ('UndefinedTest', ~FailedTest), ('UndefinedTest', ~FailedTest), ('UndefinedTest', ~FailedTest), ('UndefinedTest', ~FailedTest), ('UndefinedTest', ~FailedTest), ('UndefinedTest', ~FailedTest), ('UndefinedTest', ~FailedTest), ('UndefinedTest', ~FailedTest), ('UndefinedTest', ~FailedTest), ('UndefinedTest', ~FailedTest), ('UndefinedTest', ~FailedTest), ('UndefinedTest', ~FailedTest)]
                        Behavior Type:
                        Behavior.Worsened
                        

                        Testing Hypothesis 85.
                        Hypothesis: ('return low(a)', 22, 0)
                        
Init HyphotesisTester
Init ModelTester
Entering ModelTester
Starting Model Testing...
Testing test1...
check_consistency
Testing test2...
check_consistency
Testing test3...
check_consistency
Testing test4...
check_consistency
Testing test5...
check_consistency
Testing test6...
check_consistency
Testing test7...
check_consistency
Testing test8...
check_consistency
Testing test9...
check_consistency
Testing test10...
check_consistency
Testing test11...
check_consistency
Testing test12...
check_consistency
Testing test13...
check_consistency
Testing test14...
check_consistency
Testing test15...
check_consistency

               The current test15 result is inconsistent with the previous test15 result.
               Previous Result: ('test15', ~PassedTest)
               Current Result: ('UndefinedTest', ~FailedTest)
               
break for test inconsistency
Model Test Finished...
Previous Explanatory Power: 0.0526
Current Explanatory Power: 0.0
Exiting ModelTester

                        New Observations:
                        [('UndefinedTest', ~FailedTest), ('UndefinedTest', ~FailedTest), ('UndefinedTest', ~FailedTest), ('UndefinedTest', ~FailedTest), ('UndefinedTest', ~FailedTest), ('UndefinedTest', ~FailedTest), ('UndefinedTest', ~FailedTest), ('UndefinedTest', ~FailedTest), ('UndefinedTest', ~FailedTest), ('UndefinedTest', ~FailedTest), ('UndefinedTest', ~FailedTest), ('UndefinedTest', ~FailedTest), ('UndefinedTest', ~FailedTest), ('UndefinedTest', ~FailedTest), ('UndefinedTest', ~FailedTest), ('UndefinedTest', ~FailedTest), ('UndefinedTest', ~FailedTest), ('UndefinedTest', ~FailedTest), ('UndefinedTest', ~FailedTest)]
                        Behavior Type:
                        Behavior.Worsened
                        

                        Testing Hypothesis 86.
                        Hypothesis: ('return cnt(a)', 22, 0)
                        
Init HyphotesisTester
Init ModelTester
Entering ModelTester
Starting Model Testing...
Testing test1...
check_consistency
Testing test2...
check_consistency
Testing test3...
check_consistency
Testing test4...
check_consistency
Testing test5...
check_consistency
Testing test6...
check_consistency
Testing test7...
check_consistency
Testing test8...
check_consistency
Testing test9...
check_consistency
Testing test10...
check_consistency
Testing test11...
check_consistency
Testing test12...
check_consistency
Testing test13...
check_consistency
Testing test14...
check_consistency
Testing test15...
check_consistency

               The current test15 result is inconsistent with the previous test15 result.
               Previous Result: ('test15', ~PassedTest)
               Current Result: ('UndefinedTest', ~FailedTest)
               
break for test inconsistency
Model Test Finished...
Previous Explanatory Power: 0.0526
Current Explanatory Power: 0.0
Exiting ModelTester

                        New Observations:
                        [('UndefinedTest', ~FailedTest), ('UndefinedTest', ~FailedTest), ('UndefinedTest', ~FailedTest), ('UndefinedTest', ~FailedTest), ('UndefinedTest', ~FailedTest), ('UndefinedTest', ~FailedTest), ('UndefinedTest', ~FailedTest), ('UndefinedTest', ~FailedTest), ('UndefinedTest', ~FailedTest), ('UndefinedTest', ~FailedTest), ('UndefinedTest', ~FailedTest), ('UndefinedTest', ~FailedTest), ('UndefinedTest', ~FailedTest), ('UndefinedTest', ~FailedTest), ('UndefinedTest', ~FailedTest), ('UndefinedTest', ~FailedTest), ('UndefinedTest', ~FailedTest), ('UndefinedTest', ~FailedTest), ('UndefinedTest', ~FailedTest)]
                        Behavior Type:
                        Behavior.Worsened
                        

                        Testing Hypothesis 87.
                        Hypothesis: ('return a(a)', 22, 0)
                        
Init HyphotesisTester
Init ModelTester
Entering ModelTester
Starting Model Testing...
Testing test1...
check_consistency
Testing test2...
check_consistency
Testing test3...
check_consistency
Testing test4...
check_consistency
Testing test5...
check_consistency
Testing test6...
check_consistency
Testing test7...
check_consistency
Testing test8...
check_consistency
Testing test9...
check_consistency
Testing test10...
check_consistency
Testing test11...
check_consistency
Testing test12...
check_consistency
Testing test13...
check_consistency
Testing test14...
check_consistency
Testing test15...
check_consistency

               The current test15 result is inconsistent with the previous test15 result.
               Previous Result: ('test15', ~PassedTest)
               Current Result: ('UndefinedTest', ~FailedTest)
               
break for test inconsistency
Model Test Finished...
Current Explanatory Power: 0.0
Exiting ModelTester

New Observations:
[('UndefinedTest', ~FailedTest), ('UndefinedTest', ~FailedTest), ('UndefinedTest', ~FailedTest), ('UndefinedTest', ~FailedTest), ('UndefinedTest', ~FailedTest), ('UndefinedTest', ~FailedTest), ('UndefinedTest', ~FailedTest), ('UndefinedTest', ~FailedTest), ('UndefinedTest', ~FailedTest), ('UndefinedTest', ~FailedTest), ('UndefinedTest', ~FailedTest), ('UndefinedTest', ~FailedTest), ('UndefinedTest', ~FailedTest), ('UndefinedTest', ~FailedTest), ('UndefinedTest', ~FailedTest), ('UndefinedTest', ~FailedTest), ('UndefinedTest', ~FailedTest), ('UndefinedTest', ~FailedTest), ('UndefinedTest', ~FailedTest)]
Behavior Type:
Behavior.Worsened


Testing Hypothesis 83.
Hypothesis: ('return i(a)', 22, 0)

Init HyphotesisTester
Init ModelTester
Entering ModelTester
Starting Model Testing...
Testing test1...
check_consistency
Testing test2...
check_consistency
Testing test3...
check_consistency
Testing test4...
check_consistency
Testing test5...
check_consistency
Testing test6...
check_consistency
Testing test7...
check_consistency
Testing test8...
check_consistency
Testing test9...
check_consistency
Testing test10...
check_consistency
Testing test11...
check_consistency
Testing test12...
check_consistency
Testing test13...
check_consistency
Testing test14...
check_consistency
Testing test15...
check_consistency

The current test15 result is inconsistent with the previous test15 result.
Previous Result: ('test15', ~PassedTest)
Current Result: ('UndefinedTest', ~FailedTest)

break for test inconsistency
Model Test Finished...
Previous Explanatory Power: 0.0526
Current Explanatory Power: 0.0
Exiting ModelTester

New Observations:
[('UndefinedTest', ~FailedTest), ('UndefinedTest', ~FailedTest), ('UndefinedTest', ~FailedTest), ('UndefinedTest', ~FailedTest), ('UndefinedTest', ~FailedTest), ('UndefinedTest', ~FailedTest), ('UndefinedTest', ~FailedTest), ('UndefinedTest', ~FailedTest), ('UndefinedTest', ~FailedTest), ('UndefinedTest', ~FailedTest), ('UndefinedTest', ~FailedTest), ('UndefinedTest', ~FailedTest), ('UndefinedTest', ~FailedTest), ('UndefinedTest', ~FailedTest), ('UndefinedTest', ~FailedTest), ('UndefinedTest', ~FailedTest), ('UndefinedTest', ~FailedTest), ('UndefinedTest', ~FailedTest), ('UndefinedTest', ~FailedTest)]
Behavior Type:
Behavior.Worsened


Testing Hypothesis 84.
Hypothesis: ('return bitonicMerge(a)', 22, 0)

Init HyphotesisTester
Init ModelTester
Entering ModelTester
Starting Model Testing...
Testing test1...
check_consistency
Testing test2...
check_consistency
Testing test3...
check_consistency
Testing test4...
check_consistency
Testing test5...
check_consistency
Testing test6...
check_consistency
Testing test7...
check_consistency
Testing test8...
check_consistency
Testing test9...
check_consistency
Testing test10...
check_consistency
Testing test11...
check_consistency
Testing test12...
check_consistency
Testing test13...
check_consistency
Testing test14...
check_consistency
Testing test15...
check_consistency

The current test15 result is inconsistent with the previous test15 result.
Previous Result: ('test15', ~PassedTest)
Current Result: ('UndefinedTest', ~FailedTest)

break for test inconsistency
Model Test Finished...
Previous Explanatory Power: 0.0526
Current Explanatory Power: 0.0
Exiting ModelTester

New Observations:
[('UndefinedTest', ~FailedTest), ('UndefinedTest', ~FailedTest), ('UndefinedTest', ~FailedTest), ('UndefinedTest', ~FailedTest), ('UndefinedTest', ~FailedTest), ('UndefinedTest', ~FailedTest), ('UndefinedTest', ~FailedTest), ('UndefinedTest', ~FailedTest), ('UndefinedTest', ~FailedTest), ('UndefinedTest', ~FailedTest), ('UndefinedTest', ~FailedTest), ('UndefinedTest', ~FailedTest), ('UndefinedTest', ~FailedTest), ('UndefinedTest', ~FailedTest), ('UndefinedTest', ~FailedTest), ('UndefinedTest', ~FailedTest), ('UndefinedTest', ~FailedTest), ('UndefinedTest', ~FailedTest), ('UndefinedTest', ~FailedTest)]
Behavior Type:
Behavior.Worsened


Testing Hypothesis 85.
Hypothesis: ('return low(a)', 22, 0)

Init HyphotesisTester
Init ModelTester
Entering ModelTester
Starting Model Testing...
Testing test1...
check_consistency
Testing test2...
check_consistency
Testing test3...
check_consistency
Testing test4...
check_consistency
Testing test5...
check_consistency
Testing test6...
check_consistency
Testing test7...
check_consistency
Testing test8...
check_consistency
Testing test9...
check_consistency
Testing test10...
check_consistency
Testing test11...
check_consistency
Testing test12...
check_consistency
Testing test13...
check_consistency
Testing test14...
check_consistency
Testing test15...
check_consistency

The current test15 result is inconsistent with the previous test15 result.
Previous Result: ('test15', ~PassedTest)
Current Result: ('UndefinedTest', ~FailedTest)

break for test inconsistency
Model Test Finished...
Previous Explanatory Power: 0.0526
Current Explanatory Power: 0.0
Exiting ModelTester

New Observations:
[('UndefinedTest', ~FailedTest), ('UndefinedTest', ~FailedTest), ('UndefinedTest', ~FailedTest), ('UndefinedTest', ~FailedTest), ('UndefinedTest', ~FailedTest), ('UndefinedTest', ~FailedTest), ('UndefinedTest', ~FailedTest), ('UndefinedTest', ~FailedTest), ('UndefinedTest', ~FailedTest), ('UndefinedTest', ~FailedTest), ('UndefinedTest', ~FailedTest), ('UndefinedTest', ~FailedTest), ('UndefinedTest', ~FailedTest), ('UndefinedTest', ~FailedTest), ('UndefinedTest', ~FailedTest), ('UndefinedTest', ~FailedTest), ('UndefinedTest', ~FailedTest), ('UndefinedTest', ~FailedTest), ('UndefinedTest', ~FailedTest)]
Behavior Type:
Behavior.Worsened


Testing Hypothesis 86.
Hypothesis: ('return cnt(a)', 22, 0)

Init HyphotesisTester
Init ModelTester
Entering ModelTester
Starting Model Testing...
Testing test1...
check_consistency
Testing test2...
check_consistency
Testing test3...
check_consistency
Testing test4...
check_consistency
Testing test5...
check_consistency
Testing test6...
check_consistency
Testing test7...
check_consistency
Testing test8...
check_consistency
Testing test9...
check_consistency
Testing test10...
check_consistency
Testing test11...
check_consistency
Testing test12...
check_consistency
Testing test13...
check_consistency
Testing test14...
check_consistency
Testing test15...
check_consistency

The current test15 result is inconsistent with the previous test15 result.
Previous Result: ('test15', ~PassedTest)
Current Result: ('UndefinedTest', ~FailedTest)

break for test inconsistency
Model Test Finished...
Previous Explanatory Power: 0.0526
Current Explanatory Power: 0.0
Exiting ModelTester

New Observations:
[('UndefinedTest', ~FailedTest), ('UndefinedTest', ~FailedTest), ('UndefinedTest', ~FailedTest), ('UndefinedTest', ~FailedTest), ('UndefinedTest', ~FailedTest), ('UndefinedTest', ~FailedTest), ('UndefinedTest', ~FailedTest), ('UndefinedTest', ~FailedTest), ('UndefinedTest', ~FailedTest), ('UndefinedTest', ~FailedTest), ('UndefinedTest', ~FailedTest), ('UndefinedTest', ~FailedTest), ('UndefinedTest', ~FailedTest), ('UndefinedTest', ~FailedTest), ('UndefinedTest', ~FailedTest), ('UndefinedTest', ~FailedTest), ('UndefinedTest', ~FailedTest), ('UndefinedTest', ~FailedTest), ('UndefinedTest', ~FailedTest)]
Behavior Type:
Behavior.Worsened


Testing Hypothesis 87.
Hypothesis: ('return a(a)', 22, 0)

Init HyphotesisTester
Init ModelTester
Entering ModelTester
Starting Model Testing...
Testing test1...
check_consistency
Testing test2...
check_consistency
Testing test3...
check_consistency
Testing test4...
check_consistency
Testing test5...
check_consistency
Testing test6...
check_consistency
Testing test7...
check_consistency
Testing test8...
check_consistency
Testing test9...
check_consistency
Testing test10...
check_consistency
Testing test11...
check_consistency
Testing test12...
check_consistency
Testing test13...
check_consistency
Testing test14...
check_consistency
Testing test15...
check_consistency

The current test15 result is inconsistent with the previous test15 result.
Previous Result: ('test15', ~PassedTest)
Current Result: ('UndefinedTest', ~FailedTest)

break for test inconsistency
Model Test Finished...
Previous Explanatory Power: 0.0526
Current Explanatory Power: 0.0
Exiting ModelTester

                        New Observations:
                        [('UndefinedTest', ~FailedTest), ('UndefinedTest', ~FailedTest), ('UndefinedTest', ~FailedTest), ('UndefinedTest', ~FailedTest), ('UndefinedTest', ~FailedTest), ('UndefinedTest', ~FailedTest), ('UndefinedTest', ~FailedTest), ('UndefinedTest', ~FailedTest), ('UndefinedTest', ~FailedTest), ('UndefinedTest', ~FailedTest), ('UndefinedTest', ~FailedTest), ('UndefinedTest', ~FailedTest), ('UndefinedTest', ~FailedTest), ('UndefinedTest', ~FailedTest), ('UndefinedTest', ~FailedTest), ('UndefinedTest', ~FailedTest), ('UndefinedTest', ~FailedTest), ('UndefinedTest', ~FailedTest), ('UndefinedTest', ~FailedTest)]
                        Behavior Type:
                        Behavior.Worsened
                        

                        Testing Hypothesis 88.
                        Hypothesis: ('return up(a)', 22, 0)
                        
Init HyphotesisTester
Init ModelTester
Entering ModelTester
Starting Model Testing...
Testing test1...
check_consistency
Testing test2...
check_consistency
Testing test3...
check_consistency
Testing test4...
check_consistency
Testing test5...
check_consistency
Testing test6...
check_consistency
Testing test7...
check_consistency
Testing test8...
check_consistency
Testing test9...
check_consistency
Testing test10...
check_consistency
Testing test11...
check_consistency
Testing test12...
check_consistency
Testing test13...
check_consistency
Testing test14...
check_consistency
Testing test15...
check_consistency

               The current test15 result is inconsistent with the previous test15 result.
               Previous Result: ('test15', ~PassedTest)
               Current Result: ('UndefinedTest', ~FailedTest)
               
break for test inconsistency
Model Test Finished...
Previous Explanatory Power: 0.0526
Current Explanatory Power: 0.0
Exiting ModelTester

                        New Observations:
                        [('UndefinedTest', ~FailedTest), ('UndefinedTest', ~FailedTest), ('UndefinedTest', ~FailedTest), ('UndefinedTest', ~FailedTest), ('UndefinedTest', ~FailedTest), ('UndefinedTest', ~FailedTest), ('UndefinedTest', ~FailedTest), ('UndefinedTest', ~FailedTest), ('UndefinedTest', ~FailedTest), ('UndefinedTest', ~FailedTest), ('UndefinedTest', ~FailedTest), ('UndefinedTest', ~FailedTest), ('UndefinedTest', ~FailedTest), ('UndefinedTest', ~FailedTest), ('UndefinedTest', ~FailedTest), ('UndefinedTest', ~FailedTest), ('UndefinedTest', ~FailedTest), ('UndefinedTest', ~FailedTest), ('UndefinedTest', ~FailedTest)]
                        Behavior Type:
                        Behavior.Worsened
                        

                        Testing Hypothesis 89.
                        Hypothesis: ('return compAndSwap(a)', 22, 0)
                        
Init HyphotesisTester
Init ModelTester
Entering ModelTester
Starting Model Testing...
Testing test1...
check_consistency
Testing test2...
check_consistency
Testing test3...
check_consistency
Testing test4...
check_consistency
Testing test5...
check_consistency
Testing test6...
check_consistency
Testing test7...
check_consistency
Testing test8...
check_consistency
Testing test9...
check_consistency
Testing test10...
check_consistency
Testing test11...
check_consistency
Testing test12...
check_consistency
Testing test13...
check_consistency
Testing test14...
check_consistency
Testing test15...
check_consistency

               The current test15 result is inconsistent with the previous test15 result.
               Previous Result: ('test15', ~PassedTest)
               Current Result: ('UndefinedTest', ~FailedTest)
               
break for test inconsistency
Model Test Finished...
Previous Explanatory Power: 0.0526
Current Explanatory Power: 0.0
Exiting ModelTester

                        New Observations:
                        [('UndefinedTest', ~FailedTest), ('UndefinedTest', ~FailedTest), ('UndefinedTest', ~FailedTest), ('UndefinedTest', ~FailedTest), ('UndefinedTest', ~FailedTest), ('UndefinedTest', ~FailedTest), ('UndefinedTest', ~FailedTest), ('UndefinedTest', ~FailedTest), ('UndefinedTest', ~FailedTest), ('UndefinedTest', ~FailedTest), ('UndefinedTest', ~FailedTest), ('UndefinedTest', ~FailedTest), ('UndefinedTest', ~FailedTest), ('UndefinedTest', ~FailedTest), ('UndefinedTest', ~FailedTest), ('UndefinedTest', ~FailedTest), ('UndefinedTest', ~FailedTest), ('UndefinedTest', ~FailedTest), ('UndefinedTest', ~FailedTest)]
                        Behavior Type:
                        Behavior.Worsened
                        

                        Testing Hypothesis 90.
                        Hypothesis: ('bitonicSort[:] = a', 22, 0)
                        
Init HyphotesisTester
Init ModelTester
Entering ModelTester
Starting Model Testing...
Testing test1...
check_consistency
Testing test2...
check_consistency
Testing test3...
check_consistency
Testing test4...
check_consistency
Testing test5...
check_consistency
Testing test6...
check_consistency
Testing test7...
check_consistency
Testing test8...
check_consistency
Testing test9...
check_consistency
Testing test10...
check_consistency
Testing test11...
check_consistency
Testing test12...
check_consistency
Testing test13...
check_consistency
Testing test14...
check_consistency
Testing test15...
check_consistency

               The current test15 result is inconsistent with the previous test15 result.
               Previous Result: ('test15', ~PassedTest)
               Current Result: ('UndefinedTest', ~FailedTest)
               
break for test inconsistency
Model Test Finished...
Previous Explanatory Power: 0.0526
Current Explanatory Power: 0.0
Exiting ModelTester

                        New Observations:
                        [('UndefinedTest', ~FailedTest), ('UndefinedTest', ~FailedTest), ('UndefinedTest', ~FailedTest), ('UndefinedTest', ~FailedTest), ('UndefinedTest', ~FailedTest), ('UndefinedTest', ~FailedTest), ('UndefinedTest', ~FailedTest), ('UndefinedTest', ~FailedTest), ('UndefinedTest', ~FailedTest), ('UndefinedTest', ~FailedTest), ('UndefinedTest', ~FailedTest), ('UndefinedTest', ~FailedTest), ('UndefinedTest', ~FailedTest), ('UndefinedTest', ~FailedTest), ('UndefinedTest', ~FailedTest), ('UndefinedTest', ~FailedTest), ('UndefinedTest', ~FailedTest), ('UndefinedTest', ~FailedTest), ('UndefinedTest', ~FailedTest)]
                        Behavior Type:
                        Behavior.Worsened
                        

                        Testing Hypothesis 91.
                        Hypothesis: ('k[:] = a', 22, 0)
                        
Init HyphotesisTester
Init ModelTester
Entering ModelTester
Starting Model Testing...
Testing test1...
check_consistency
Testing test2...
check_consistency
Testing test3...
check_consistency
Testing test4...
check_consistency
Testing test5...
check_consistency
Testing test6...
check_consistency
Testing test7...
check_consistency
Testing test8...
check_consistency
Testing test9...
check_consistency
Testing test10...
check_consistency
Testing test11...
check_consistency
Testing test12...
check_consistency
Testing test13...
check_consistency
Testing test14...
check_consistency
Testing test15...
check_consistency

               The current test15 result is inconsistent with the previous test15 result.
               Previous Result: ('test15', ~PassedTest)
               Current Result: ('UndefinedTest', ~FailedTest)
               
break for test inconsistency
Model Test Finished...
Previous Explanatory Power: 0.0526
Current Explanatory Power: 0.0
Exiting ModelTester

                        New Observations:
                        [('UndefinedTest', ~FailedTest), ('UndefinedTest', ~FailedTest), ('UndefinedTest', ~FailedTest), ('UndefinedTest', ~FailedTest), ('UndefinedTest', ~FailedTest), ('UndefinedTest', ~FailedTest), ('UndefinedTest', ~FailedTest), ('UndefinedTest', ~FailedTest), ('UndefinedTest', ~FailedTest), ('UndefinedTest', ~FailedTest), ('UndefinedTest', ~FailedTest), ('UndefinedTest', ~FailedTest), ('UndefinedTest', ~FailedTest), ('UndefinedTest', ~FailedTest), ('UndefinedTest', ~FailedTest), ('UndefinedTest', ~FailedTest), ('UndefinedTest', ~FailedTest), ('UndefinedTest', ~FailedTest), ('UndefinedTest', ~FailedTest)]
                        Behavior Type:
                        Behavior.Worsened
                        

                        Testing Hypothesis 92.
                        Hypothesis: ('N[:] = a', 22, 0)
                        
Init HyphotesisTester
Init ModelTester
Entering ModelTester
Starting Model Testing...
Testing test1...
check_consistency
Testing test2...
check_consistency
Testing test3...
check_consistency
Testing test4...
check_consistency
Testing test5...
check_consistency
Testing test6...
check_consistency
Testing test7...
check_consistency
Testing test8...
check_consistency
Testing test9...
check_consistency
Testing test10...
check_consistency
Testing test11...
check_consistency
Testing test12...
check_consistency
Testing test13...
check_consistency
Testing test14...
check_consistency
Testing test15...
check_consistency

               The current test15 result is inconsistent with the previous test15 result.
               Previous Result: ('test15', ~PassedTest)
               Current Result: ('UndefinedTest', ~FailedTest)
               
Previous Explanatory Power: 0.0526
Current Explanatory Power: 0.0
Exiting ModelTester

New Observations:
[('UndefinedTest', ~FailedTest), ('UndefinedTest', ~FailedTest), ('UndefinedTest', ~FailedTest), ('UndefinedTest', ~FailedTest), ('UndefinedTest', ~FailedTest), ('UndefinedTest', ~FailedTest), ('UndefinedTest', ~FailedTest), ('UndefinedTest', ~FailedTest), ('UndefinedTest', ~FailedTest), ('UndefinedTest', ~FailedTest), ('UndefinedTest', ~FailedTest), ('UndefinedTest', ~FailedTest), ('UndefinedTest', ~FailedTest), ('UndefinedTest', ~FailedTest), ('UndefinedTest', ~FailedTest), ('UndefinedTest', ~FailedTest), ('UndefinedTest', ~FailedTest), ('UndefinedTest', ~FailedTest), ('UndefinedTest', ~FailedTest)]
Behavior Type:
Behavior.Worsened


Testing Hypothesis 88.
Hypothesis: ('return up(a)', 22, 0)

Init HyphotesisTester
Init ModelTester
Entering ModelTester
Starting Model Testing...
Testing test1...
check_consistency
Testing test2...
check_consistency
Testing test3...
check_consistency
Testing test4...
check_consistency
Testing test5...
check_consistency
Testing test6...
check_consistency
Testing test7...
check_consistency
Testing test8...
check_consistency
Testing test9...
check_consistency
Testing test10...
check_consistency
Testing test11...
check_consistency
Testing test12...
check_consistency
Testing test13...
check_consistency
Testing test14...
check_consistency
Testing test15...
check_consistency

The current test15 result is inconsistent with the previous test15 result.
Previous Result: ('test15', ~PassedTest)
Current Result: ('UndefinedTest', ~FailedTest)

break for test inconsistency
Model Test Finished...
Previous Explanatory Power: 0.0526
Current Explanatory Power: 0.0
Exiting ModelTester

New Observations:
[('UndefinedTest', ~FailedTest), ('UndefinedTest', ~FailedTest), ('UndefinedTest', ~FailedTest), ('UndefinedTest', ~FailedTest), ('UndefinedTest', ~FailedTest), ('UndefinedTest', ~FailedTest), ('UndefinedTest', ~FailedTest), ('UndefinedTest', ~FailedTest), ('UndefinedTest', ~FailedTest), ('UndefinedTest', ~FailedTest), ('UndefinedTest', ~FailedTest), ('UndefinedTest', ~FailedTest), ('UndefinedTest', ~FailedTest), ('UndefinedTest', ~FailedTest), ('UndefinedTest', ~FailedTest), ('UndefinedTest', ~FailedTest), ('UndefinedTest', ~FailedTest), ('UndefinedTest', ~FailedTest), ('UndefinedTest', ~FailedTest)]
Behavior Type:
Behavior.Worsened


Testing Hypothesis 89.
Hypothesis: ('return compAndSwap(a)', 22, 0)

Init HyphotesisTester
Init ModelTester
Entering ModelTester
Starting Model Testing...
Testing test1...
check_consistency
Testing test2...
check_consistency
Testing test3...
check_consistency
Testing test4...
check_consistency
Testing test5...
check_consistency
Testing test6...
check_consistency
Testing test7...
check_consistency
Testing test8...
check_consistency
Testing test9...
check_consistency
Testing test10...
check_consistency
Testing test11...
check_consistency
Testing test12...
check_consistency
Testing test13...
check_consistency
Testing test14...
check_consistency
Testing test15...
check_consistency

The current test15 result is inconsistent with the previous test15 result.
Previous Result: ('test15', ~PassedTest)
Current Result: ('UndefinedTest', ~FailedTest)

break for test inconsistency
Model Test Finished...
Previous Explanatory Power: 0.0526
Current Explanatory Power: 0.0
Exiting ModelTester

New Observations:
[('UndefinedTest', ~FailedTest), ('UndefinedTest', ~FailedTest), ('UndefinedTest', ~FailedTest), ('UndefinedTest', ~FailedTest), ('UndefinedTest', ~FailedTest), ('UndefinedTest', ~FailedTest), ('UndefinedTest', ~FailedTest), ('UndefinedTest', ~FailedTest), ('UndefinedTest', ~FailedTest), ('UndefinedTest', ~FailedTest), ('UndefinedTest', ~FailedTest), ('UndefinedTest', ~FailedTest), ('UndefinedTest', ~FailedTest), ('UndefinedTest', ~FailedTest), ('UndefinedTest', ~FailedTest), ('UndefinedTest', ~FailedTest), ('UndefinedTest', ~FailedTest), ('UndefinedTest', ~FailedTest), ('UndefinedTest', ~FailedTest)]
Behavior Type:
Behavior.Worsened


Testing Hypothesis 90.
Hypothesis: ('bitonicSort[:] = a', 22, 0)

Init HyphotesisTester
Init ModelTester
Entering ModelTester
Starting Model Testing...
Testing test1...
check_consistency
Testing test2...
check_consistency
Testing test3...
check_consistency
Testing test4...
check_consistency
Testing test5...
check_consistency
Testing test6...
check_consistency
Testing test7...
check_consistency
Testing test8...
check_consistency
Testing test9...
check_consistency
Testing test10...
check_consistency
Testing test11...
check_consistency
Testing test12...
check_consistency
Testing test13...
check_consistency
Testing test14...
check_consistency
Testing test15...
check_consistency

The current test15 result is inconsistent with the previous test15 result.
Previous Result: ('test15', ~PassedTest)
Current Result: ('UndefinedTest', ~FailedTest)

break for test inconsistency
Model Test Finished...
Previous Explanatory Power: 0.0526
Current Explanatory Power: 0.0
Exiting ModelTester

New Observations:
[('UndefinedTest', ~FailedTest), ('UndefinedTest', ~FailedTest), ('UndefinedTest', ~FailedTest), ('UndefinedTest', ~FailedTest), ('UndefinedTest', ~FailedTest), ('UndefinedTest', ~FailedTest), ('UndefinedTest', ~FailedTest), ('UndefinedTest', ~FailedTest), ('UndefinedTest', ~FailedTest), ('UndefinedTest', ~FailedTest), ('UndefinedTest', ~FailedTest), ('UndefinedTest', ~FailedTest), ('UndefinedTest', ~FailedTest), ('UndefinedTest', ~FailedTest), ('UndefinedTest', ~FailedTest), ('UndefinedTest', ~FailedTest), ('UndefinedTest', ~FailedTest), ('UndefinedTest', ~FailedTest), ('UndefinedTest', ~FailedTest)]
Behavior Type:
Behavior.Worsened


Testing Hypothesis 91.
Hypothesis: ('k[:] = a', 22, 0)

Init HyphotesisTester
Init ModelTester
Entering ModelTester
Starting Model Testing...
Testing test1...
check_consistency
Testing test2...
check_consistency
Testing test3...
check_consistency
Testing test4...
check_consistency
Testing test5...
check_consistency
Testing test6...
check_consistency
Testing test7...
check_consistency
Testing test8...
check_consistency
Testing test9...
check_consistency
Testing test10...
check_consistency
Testing test11...
check_consistency
Testing test12...
check_consistency
Testing test13...
check_consistency
Testing test14...
check_consistency
Testing test15...
check_consistency

The current test15 result is inconsistent with the previous test15 result.
Previous Result: ('test15', ~PassedTest)
Current Result: ('UndefinedTest', ~FailedTest)

break for test inconsistency
Model Test Finished...
Previous Explanatory Power: 0.0526
Current Explanatory Power: 0.0
Exiting ModelTester

New Observations:
[('UndefinedTest', ~FailedTest), ('UndefinedTest', ~FailedTest), ('UndefinedTest', ~FailedTest), ('UndefinedTest', ~FailedTest), ('UndefinedTest', ~FailedTest), ('UndefinedTest', ~FailedTest), ('UndefinedTest', ~FailedTest), ('UndefinedTest', ~FailedTest), ('UndefinedTest', ~FailedTest), ('UndefinedTest', ~FailedTest), ('UndefinedTest', ~FailedTest), ('UndefinedTest', ~FailedTest), ('UndefinedTest', ~FailedTest), ('UndefinedTest', ~FailedTest), ('UndefinedTest', ~FailedTest), ('UndefinedTest', ~FailedTest), ('UndefinedTest', ~FailedTest), ('UndefinedTest', ~FailedTest), ('UndefinedTest', ~FailedTest)]
Behavior Type:
Behavior.Worsened


Testing Hypothesis 92.
Hypothesis: ('N[:] = a', 22, 0)

Init HyphotesisTester
Init ModelTester
Entering ModelTester
Starting Model Testing...
Testing test1...
check_consistency
Testing test2...
check_consistency
Testing test3...
check_consistency
Testing test4...
check_consistency
Testing test5...
check_consistency
Testing test6...
check_consistency
Testing test7...
check_consistency
Testing test8...
check_consistency
Testing test9...
check_consistency
Testing test10...
check_consistency
Testing test11...
check_consistency
Testing test12...
check_consistency
Testing test13...
check_consistency
Testing test14...
check_consistency
Testing test15...
check_consistency

The current test15 result is inconsistent with the previous test15 result.
Previous Result: ('test15', ~PassedTest)
Current Result: ('UndefinedTest', ~FailedTest)

break for test inconsistency
Model Test Finished...
Previous Explanatory Power: 0.0526
Current Explanatory Power: 0.0
Exiting ModelTester

                        New Observations:
                        [('UndefinedTest', ~FailedTest), ('UndefinedTest', ~FailedTest), ('UndefinedTest', ~FailedTest), ('UndefinedTest', ~FailedTest), ('UndefinedTest', ~FailedTest), ('UndefinedTest', ~FailedTest), ('UndefinedTest', ~FailedTest), ('UndefinedTest', ~FailedTest), ('UndefinedTest', ~FailedTest), ('UndefinedTest', ~FailedTest), ('UndefinedTest', ~FailedTest), ('UndefinedTest', ~FailedTest), ('UndefinedTest', ~FailedTest), ('UndefinedTest', ~FailedTest), ('UndefinedTest', ~FailedTest), ('UndefinedTest', ~FailedTest), ('UndefinedTest', ~FailedTest), ('UndefinedTest', ~FailedTest), ('UndefinedTest', ~FailedTest)]
                        Behavior Type:
                        Behavior.Worsened
                        

                        Testing Hypothesis 93.
                        Hypothesis: ('dire[:] = a', 22, 0)
                        
Init HyphotesisTester
Init ModelTester
Entering ModelTester
Starting Model Testing...
Testing test1...
check_consistency
Testing test2...
check_consistency
Testing test3...
check_consistency
Testing test4...
check_consistency
Testing test5...
check_consistency
Testing test6...
check_consistency
Testing test7...
check_consistency
Testing test8...
check_consistency
Testing test9...
check_consistency
Testing test10...
check_consistency
Testing test11...
check_consistency
Testing test12...
check_consistency
Testing test13...
check_consistency
Testing test14...
check_consistency
Testing test15...
check_consistency

               The current test15 result is inconsistent with the previous test15 result.
               Previous Result: ('test15', ~PassedTest)
               Current Result: ('UndefinedTest', ~FailedTest)
               
break for test inconsistency
Model Test Finished...
Previous Explanatory Power: 0.0526
Current Explanatory Power: 0.0
Exiting ModelTester

                        New Observations:
                        [('UndefinedTest', ~FailedTest), ('UndefinedTest', ~FailedTest), ('UndefinedTest', ~FailedTest), ('UndefinedTest', ~FailedTest), ('UndefinedTest', ~FailedTest), ('UndefinedTest', ~FailedTest), ('UndefinedTest', ~FailedTest), ('UndefinedTest', ~FailedTest), ('UndefinedTest', ~FailedTest), ('UndefinedTest', ~FailedTest), ('UndefinedTest', ~FailedTest), ('UndefinedTest', ~FailedTest), ('UndefinedTest', ~FailedTest), ('UndefinedTest', ~FailedTest), ('UndefinedTest', ~FailedTest), ('UndefinedTest', ~FailedTest), ('UndefinedTest', ~FailedTest), ('UndefinedTest', ~FailedTest), ('UndefinedTest', ~FailedTest)]
                        Behavior Type:
                        Behavior.Worsened
                        

                        Testing Hypothesis 94.
                        Hypothesis: ('j[:] = a', 22, 0)
                        
Init HyphotesisTester
Init ModelTester
Entering ModelTester
Starting Model Testing...
Testing test1...
check_consistency
Testing test2...
check_consistency
Testing test3...
check_consistency
Testing test4...
check_consistency
Testing test5...
check_consistency
Testing test6...
check_consistency
Testing test7...
check_consistency
Testing test8...
check_consistency
Testing test9...
check_consistency
Testing test10...
check_consistency
Testing test11...
check_consistency
Testing test12...
check_consistency
Testing test13...
check_consistency
Testing test14...
check_consistency
Testing test15...
check_consistency

               The current test15 result is inconsistent with the previous test15 result.
               Previous Result: ('test15', ~PassedTest)
               Current Result: ('UndefinedTest', ~FailedTest)
               
break for test inconsistency
Model Test Finished...
Previous Explanatory Power: 0.0526
Current Explanatory Power: 0.0
Exiting ModelTester

                        New Observations:
                        [('UndefinedTest', ~FailedTest), ('UndefinedTest', ~FailedTest), ('UndefinedTest', ~FailedTest), ('UndefinedTest', ~FailedTest), ('UndefinedTest', ~FailedTest), ('UndefinedTest', ~FailedTest), ('UndefinedTest', ~FailedTest), ('UndefinedTest', ~FailedTest), ('UndefinedTest', ~FailedTest), ('UndefinedTest', ~FailedTest), ('UndefinedTest', ~FailedTest), ('UndefinedTest', ~FailedTest), ('UndefinedTest', ~FailedTest), ('UndefinedTest', ~FailedTest), ('UndefinedTest', ~FailedTest), ('UndefinedTest', ~FailedTest), ('UndefinedTest', ~FailedTest), ('UndefinedTest', ~FailedTest), ('UndefinedTest', ~FailedTest)]
                        Behavior Type:
                        Behavior.Worsened
                        

                        Testing Hypothesis 95.
                        Hypothesis: ('x[:] = a', 22, 0)
                        
Init HyphotesisTester
Init ModelTester
Entering ModelTester
Starting Model Testing...
Testing test1...
check_consistency
Testing test2...
check_consistency
Testing test3...
check_consistency
Testing test4...
check_consistency
Testing test5...
check_consistency
Testing test6...
check_consistency
Testing test7...
check_consistency
Testing test8...
check_consistency
Testing test9...
check_consistency
Testing test10...
check_consistency
Testing test11...
check_consistency
Testing test12...
check_consistency
Testing test13...
check_consistency
Testing test14...
check_consistency
Testing test15...
check_consistency

               The current test15 result is inconsistent with the previous test15 result.
               Previous Result: ('test15', ~PassedTest)
               Current Result: ('UndefinedTest', ~FailedTest)
               
break for test inconsistency
Model Test Finished...
Previous Explanatory Power: 0.0526
Current Explanatory Power: 0.0
Exiting ModelTester

                        New Observations:
                        [('UndefinedTest', ~FailedTest), ('UndefinedTest', ~FailedTest), ('UndefinedTest', ~FailedTest), ('UndefinedTest', ~FailedTest), ('UndefinedTest', ~FailedTest), ('UndefinedTest', ~FailedTest), ('UndefinedTest', ~FailedTest), ('UndefinedTest', ~FailedTest), ('UndefinedTest', ~FailedTest), ('UndefinedTest', ~FailedTest), ('UndefinedTest', ~FailedTest), ('UndefinedTest', ~FailedTest), ('UndefinedTest', ~FailedTest), ('UndefinedTest', ~FailedTest), ('UndefinedTest', ~FailedTest), ('UndefinedTest', ~FailedTest), ('UndefinedTest', ~FailedTest), ('UndefinedTest', ~FailedTest), ('UndefinedTest', ~FailedTest)]
                        Behavior Type:
                        Behavior.Worsened
                        

                        Testing Hypothesis 96.
                        Hypothesis: ('i[:] = a', 22, 0)
                        
Init HyphotesisTester
Init ModelTester
Entering ModelTester
Starting Model Testing...
Testing test1...
check_consistency
Testing test2...
check_consistency
Testing test3...
check_consistency
Testing test4...
check_consistency
Testing test5...
check_consistency
Testing test6...
check_consistency
Testing test7...
check_consistency
Testing test8...
check_consistency
Testing test9...
check_consistency
Testing test10...
check_consistency
Testing test11...
check_consistency
Testing test12...
check_consistency
Testing test13...
check_consistency
Testing test14...
check_consistency
Testing test15...
check_consistency

               The current test15 result is inconsistent with the previous test15 result.
               Previous Result: ('test15', ~PassedTest)
               Current Result: ('UndefinedTest', ~FailedTest)
               
break for test inconsistency
Model Test Finished...
Previous Explanatory Power: 0.0526
Current Explanatory Power: 0.0
Exiting ModelTester

                        New Observations:
                        [('UndefinedTest', ~FailedTest), ('UndefinedTest', ~FailedTest), ('UndefinedTest', ~FailedTest), ('UndefinedTest', ~FailedTest), ('UndefinedTest', ~FailedTest), ('UndefinedTest', ~FailedTest), ('UndefinedTest', ~FailedTest), ('UndefinedTest', ~FailedTest), ('UndefinedTest', ~FailedTest), ('UndefinedTest', ~FailedTest), ('UndefinedTest', ~FailedTest), ('UndefinedTest', ~FailedTest), ('UndefinedTest', ~FailedTest), ('UndefinedTest', ~FailedTest), ('UndefinedTest', ~FailedTest), ('UndefinedTest', ~FailedTest), ('UndefinedTest', ~FailedTest), ('UndefinedTest', ~FailedTest), ('UndefinedTest', ~FailedTest)]
                        Behavior Type:
                        Behavior.Worsened
                        

                        Testing Hypothesis 97.
                        Hypothesis: ('bitonicMerge[:] = a', 22, 0)
                        
Init HyphotesisTester
Init ModelTester
Entering ModelTester
Starting Model Testing...
Testing test1...
check_consistency
Testing test2...
check_consistency
Testing test3...
check_consistency
Testing test4...
check_consistency
Testing test5...
check_consistency
Testing test6...
check_consistency
Testing test7...
check_consistency
Testing test8...
check_consistency
Testing test9...
check_consistency
Testing test10...
check_consistency
Testing test11...
check_consistency
Testing test12...
check_consistency
Testing test13...
check_consistency
Testing test14...
check_consistency
Testing test15...
check_consistency
break for test inconsistency
Model Test Finished...
Previous Explanatory Power: 0.0526
Current Explanatory Power: 0.0
Exiting ModelTester

New Observations:
[('UndefinedTest', ~FailedTest), ('UndefinedTest', ~FailedTest), ('UndefinedTest', ~FailedTest), ('UndefinedTest', ~FailedTest), ('UndefinedTest', ~FailedTest), ('UndefinedTest', ~FailedTest), ('UndefinedTest', ~FailedTest), ('UndefinedTest', ~FailedTest), ('UndefinedTest', ~FailedTest), ('UndefinedTest', ~FailedTest), ('UndefinedTest', ~FailedTest), ('UndefinedTest', ~FailedTest), ('UndefinedTest', ~FailedTest), ('UndefinedTest', ~FailedTest), ('UndefinedTest', ~FailedTest), ('UndefinedTest', ~FailedTest), ('UndefinedTest', ~FailedTest), ('UndefinedTest', ~FailedTest), ('UndefinedTest', ~FailedTest)]
Behavior Type:
Behavior.Worsened


Testing Hypothesis 93.
Hypothesis: ('dire[:] = a', 22, 0)

Init HyphotesisTester
Init ModelTester
Entering ModelTester
Starting Model Testing...
Testing test1...
check_consistency
Testing test2...
check_consistency
Testing test3...
check_consistency
Testing test4...
check_consistency
Testing test5...
check_consistency
Testing test6...
check_consistency
Testing test7...
check_consistency
Testing test8...
check_consistency
Testing test9...
check_consistency
Testing test10...
check_consistency
Testing test11...
check_consistency
Testing test12...
check_consistency
Testing test13...
check_consistency
Testing test14...
check_consistency
Testing test15...
check_consistency

The current test15 result is inconsistent with the previous test15 result.
Previous Result: ('test15', ~PassedTest)
Current Result: ('UndefinedTest', ~FailedTest)

break for test inconsistency
Model Test Finished...
Previous Explanatory Power: 0.0526
Current Explanatory Power: 0.0
Exiting ModelTester

New Observations:
[('UndefinedTest', ~FailedTest), ('UndefinedTest', ~FailedTest), ('UndefinedTest', ~FailedTest), ('UndefinedTest', ~FailedTest), ('UndefinedTest', ~FailedTest), ('UndefinedTest', ~FailedTest), ('UndefinedTest', ~FailedTest), ('UndefinedTest', ~FailedTest), ('UndefinedTest', ~FailedTest), ('UndefinedTest', ~FailedTest), ('UndefinedTest', ~FailedTest), ('UndefinedTest', ~FailedTest), ('UndefinedTest', ~FailedTest), ('UndefinedTest', ~FailedTest), ('UndefinedTest', ~FailedTest), ('UndefinedTest', ~FailedTest), ('UndefinedTest', ~FailedTest), ('UndefinedTest', ~FailedTest), ('UndefinedTest', ~FailedTest)]
Behavior Type:
Behavior.Worsened


Testing Hypothesis 94.
Hypothesis: ('j[:] = a', 22, 0)

Init HyphotesisTester
Init ModelTester
Entering ModelTester
Starting Model Testing...
Testing test1...
check_consistency
Testing test2...
check_consistency
Testing test3...
check_consistency
Testing test4...
check_consistency
Testing test5...
check_consistency
Testing test6...
check_consistency
Testing test7...
check_consistency
Testing test8...
check_consistency
Testing test9...
check_consistency
Testing test10...
check_consistency
Testing test11...
check_consistency
Testing test12...
check_consistency
Testing test13...
check_consistency
Testing test14...
check_consistency
Testing test15...
check_consistency

The current test15 result is inconsistent with the previous test15 result.
Previous Result: ('test15', ~PassedTest)
Current Result: ('UndefinedTest', ~FailedTest)

break for test inconsistency
Model Test Finished...
Previous Explanatory Power: 0.0526
Current Explanatory Power: 0.0
Exiting ModelTester

New Observations:
[('UndefinedTest', ~FailedTest), ('UndefinedTest', ~FailedTest), ('UndefinedTest', ~FailedTest), ('UndefinedTest', ~FailedTest), ('UndefinedTest', ~FailedTest), ('UndefinedTest', ~FailedTest), ('UndefinedTest', ~FailedTest), ('UndefinedTest', ~FailedTest), ('UndefinedTest', ~FailedTest), ('UndefinedTest', ~FailedTest), ('UndefinedTest', ~FailedTest), ('UndefinedTest', ~FailedTest), ('UndefinedTest', ~FailedTest), ('UndefinedTest', ~FailedTest), ('UndefinedTest', ~FailedTest), ('UndefinedTest', ~FailedTest), ('UndefinedTest', ~FailedTest), ('UndefinedTest', ~FailedTest), ('UndefinedTest', ~FailedTest)]
Behavior Type:
Behavior.Worsened


Testing Hypothesis 95.
Hypothesis: ('x[:] = a', 22, 0)

Init HyphotesisTester
Init ModelTester
Entering ModelTester
Starting Model Testing...
Testing test1...
check_consistency
Testing test2...
check_consistency
Testing test3...
check_consistency
Testing test4...
check_consistency
Testing test5...
check_consistency
Testing test6...
check_consistency
Testing test7...
check_consistency
Testing test8...
check_consistency
Testing test9...
check_consistency
Testing test10...
check_consistency
Testing test11...
check_consistency
Testing test12...
check_consistency
Testing test13...
check_consistency
Testing test14...
check_consistency
Testing test15...
check_consistency

The current test15 result is inconsistent with the previous test15 result.
Previous Result: ('test15', ~PassedTest)
Current Result: ('UndefinedTest', ~FailedTest)

break for test inconsistency
Model Test Finished...
Previous Explanatory Power: 0.0526
Current Explanatory Power: 0.0
Exiting ModelTester

New Observations:
[('UndefinedTest', ~FailedTest), ('UndefinedTest', ~FailedTest), ('UndefinedTest', ~FailedTest), ('UndefinedTest', ~FailedTest), ('UndefinedTest', ~FailedTest), ('UndefinedTest', ~FailedTest), ('UndefinedTest', ~FailedTest), ('UndefinedTest', ~FailedTest), ('UndefinedTest', ~FailedTest), ('UndefinedTest', ~FailedTest), ('UndefinedTest', ~FailedTest), ('UndefinedTest', ~FailedTest), ('UndefinedTest', ~FailedTest), ('UndefinedTest', ~FailedTest), ('UndefinedTest', ~FailedTest), ('UndefinedTest', ~FailedTest), ('UndefinedTest', ~FailedTest), ('UndefinedTest', ~FailedTest), ('UndefinedTest', ~FailedTest)]
Behavior Type:
Behavior.Worsened


Testing Hypothesis 96.
Hypothesis: ('i[:] = a', 22, 0)

Init HyphotesisTester
Init ModelTester
Entering ModelTester
Starting Model Testing...
Testing test1...
check_consistency
Testing test2...
check_consistency
Testing test3...
check_consistency
Testing test4...
check_consistency
Testing test5...
check_consistency
Testing test6...
check_consistency
Testing test7...
check_consistency
Testing test8...
check_consistency
Testing test9...
check_consistency
Testing test10...
check_consistency
Testing test11...
check_consistency
Testing test12...
check_consistency
Testing test13...
check_consistency
Testing test14...
check_consistency
Testing test15...
check_consistency

The current test15 result is inconsistent with the previous test15 result.
Previous Result: ('test15', ~PassedTest)
Current Result: ('UndefinedTest', ~FailedTest)

break for test inconsistency
Model Test Finished...
Previous Explanatory Power: 0.0526
Current Explanatory Power: 0.0
Exiting ModelTester

New Observations:
[('UndefinedTest', ~FailedTest), ('UndefinedTest', ~FailedTest), ('UndefinedTest', ~FailedTest), ('UndefinedTest', ~FailedTest), ('UndefinedTest', ~FailedTest), ('UndefinedTest', ~FailedTest), ('UndefinedTest', ~FailedTest), ('UndefinedTest', ~FailedTest), ('UndefinedTest', ~FailedTest), ('UndefinedTest', ~FailedTest), ('UndefinedTest', ~FailedTest), ('UndefinedTest', ~FailedTest), ('UndefinedTest', ~FailedTest), ('UndefinedTest', ~FailedTest), ('UndefinedTest', ~FailedTest), ('UndefinedTest', ~FailedTest), ('UndefinedTest', ~FailedTest), ('UndefinedTest', ~FailedTest), ('UndefinedTest', ~FailedTest)]
Behavior Type:
Behavior.Worsened


Testing Hypothesis 97.
Hypothesis: ('bitonicMerge[:] = a', 22, 0)

Init HyphotesisTester
Init ModelTester
Entering ModelTester
Starting Model Testing...
Testing test1...
check_consistency
Testing test2...
check_consistency
Testing test3...
check_consistency
Testing test4...
check_consistency
Testing test5...
check_consistency
Testing test6...
check_consistency
Testing test7...
check_consistency
Testing test8...
check_consistency
Testing test9...
check_consistency
Testing test10...
check_consistency
Testing test11...
check_consistency
Testing test12...
check_consistency
Testing test13...
check_consistency
Testing test14...
check_consistency
Testing test15...
check_consistency

               The current test15 result is inconsistent with the previous test15 result.
               Previous Result: ('test15', ~PassedTest)
               Current Result: ('UndefinedTest', ~FailedTest)
               
break for test inconsistency
Model Test Finished...
Previous Explanatory Power: 0.0526
Current Explanatory Power: 0.0
Exiting ModelTester

                        New Observations:
                        [('UndefinedTest', ~FailedTest), ('UndefinedTest', ~FailedTest), ('UndefinedTest', ~FailedTest), ('UndefinedTest', ~FailedTest), ('UndefinedTest', ~FailedTest), ('UndefinedTest', ~FailedTest), ('UndefinedTest', ~FailedTest), ('UndefinedTest', ~FailedTest), ('UndefinedTest', ~FailedTest), ('UndefinedTest', ~FailedTest), ('UndefinedTest', ~FailedTest), ('UndefinedTest', ~FailedTest), ('UndefinedTest', ~FailedTest), ('UndefinedTest', ~FailedTest), ('UndefinedTest', ~FailedTest), ('UndefinedTest', ~FailedTest), ('UndefinedTest', ~FailedTest), ('UndefinedTest', ~FailedTest), ('UndefinedTest', ~FailedTest)]
                        Behavior Type:
                        Behavior.Worsened
                        

                        Testing Hypothesis 98.
                        Hypothesis: ('low[:] = a', 22, 0)
                        
Init HyphotesisTester
Init ModelTester
Entering ModelTester
Starting Model Testing...
Testing test1...
check_consistency
Testing test2...
check_consistency
Testing test3...
check_consistency
Testing test4...
check_consistency
Testing test5...
check_consistency
Testing test6...
check_consistency
Testing test7...
check_consistency
Testing test8...
check_consistency
Testing test9...
check_consistency
Testing test10...
check_consistency
Testing test11...
check_consistency
Testing test12...
check_consistency
Testing test13...
check_consistency
Testing test14...
check_consistency
Testing test15...
check_consistency

               The current test15 result is inconsistent with the previous test15 result.
               Previous Result: ('test15', ~PassedTest)
               Current Result: ('UndefinedTest', ~FailedTest)
               
break for test inconsistency
Model Test Finished...
Previous Explanatory Power: 0.0526
Current Explanatory Power: 0.0
Exiting ModelTester

                        New Observations:
                        [('UndefinedTest', ~FailedTest), ('UndefinedTest', ~FailedTest), ('UndefinedTest', ~FailedTest), ('UndefinedTest', ~FailedTest), ('UndefinedTest', ~FailedTest), ('UndefinedTest', ~FailedTest), ('UndefinedTest', ~FailedTest), ('UndefinedTest', ~FailedTest), ('UndefinedTest', ~FailedTest), ('UndefinedTest', ~FailedTest), ('UndefinedTest', ~FailedTest), ('UndefinedTest', ~FailedTest), ('UndefinedTest', ~FailedTest), ('UndefinedTest', ~FailedTest), ('UndefinedTest', ~FailedTest), ('UndefinedTest', ~FailedTest), ('UndefinedTest', ~FailedTest), ('UndefinedTest', ~FailedTest), ('UndefinedTest', ~FailedTest)]
                        Behavior Type:
                        Behavior.Worsened
                        

                        Testing Hypothesis 99.
                        Hypothesis: ('cnt[:] = a', 22, 0)
                        
Init HyphotesisTester
Init ModelTester
Entering ModelTester
Starting Model Testing...
Testing test1...
check_consistency
Testing test2...
check_consistency
Testing test3...
check_consistency
Testing test4...
check_consistency
Testing test5...
check_consistency
Testing test6...
check_consistency
Testing test7...
check_consistency
Testing test8...
check_consistency
Testing test9...
check_consistency
Testing test10...
check_consistency
Testing test11...
check_consistency
Testing test12...
check_consistency
Testing test13...
check_consistency
Testing test14...
check_consistency
Testing test15...
check_consistency

               The current test15 result is inconsistent with the previous test15 result.
               Previous Result: ('test15', ~PassedTest)
               Current Result: ('UndefinedTest', ~FailedTest)
               
break for test inconsistency
Model Test Finished...
Previous Explanatory Power: 0.0526
Current Explanatory Power: 0.0
Exiting ModelTester

                        New Observations:
                        [('UndefinedTest', ~FailedTest), ('UndefinedTest', ~FailedTest), ('UndefinedTest', ~FailedTest), ('UndefinedTest', ~FailedTest), ('UndefinedTest', ~FailedTest), ('UndefinedTest', ~FailedTest), ('UndefinedTest', ~FailedTest), ('UndefinedTest', ~FailedTest), ('UndefinedTest', ~FailedTest), ('UndefinedTest', ~FailedTest), ('UndefinedTest', ~FailedTest), ('UndefinedTest', ~FailedTest), ('UndefinedTest', ~FailedTest), ('UndefinedTest', ~FailedTest), ('UndefinedTest', ~FailedTest), ('UndefinedTest', ~FailedTest), ('UndefinedTest', ~FailedTest), ('UndefinedTest', ~FailedTest), ('UndefinedTest', ~FailedTest)]
                        Behavior Type:
                        Behavior.Worsened
                        

                        Testing Hypothesis 100.
                        Hypothesis: ('out[:] = a', 22, 0)
                        
Init HyphotesisTester
Init ModelTester
Entering ModelTester
Starting Model Testing...
Testing test1...
check_consistency
Testing test2...
check_consistency
Testing test3...
check_consistency
Testing test4...
check_consistency
Testing test5...
check_consistency
Testing test6...
check_consistency
Testing test7...
check_consistency
Testing test8...
check_consistency
Testing test9...
check_consistency
Testing test10...
check_consistency
Testing test11...
check_consistency
Testing test12...
check_consistency
Testing test13...
check_consistency
Testing test14...
check_consistency
Testing test15...
check_consistency

               The current test15 result is inconsistent with the previous test15 result.
               Previous Result: ('test15', ~PassedTest)
               Current Result: ('UndefinedTest', ~FailedTest)
               
break for test inconsistency
Model Test Finished...
Previous Explanatory Power: 0.0526
Current Explanatory Power: 0.0
Exiting ModelTester

                        New Observations:
                        [('UndefinedTest', ~FailedTest), ('UndefinedTest', ~FailedTest), ('UndefinedTest', ~FailedTest), ('UndefinedTest', ~FailedTest), ('UndefinedTest', ~FailedTest), ('UndefinedTest', ~FailedTest), ('UndefinedTest', ~FailedTest), ('UndefinedTest', ~FailedTest), ('UndefinedTest', ~FailedTest), ('UndefinedTest', ~FailedTest), ('UndefinedTest', ~FailedTest), ('UndefinedTest', ~FailedTest), ('UndefinedTest', ~FailedTest), ('UndefinedTest', ~FailedTest), ('UndefinedTest', ~FailedTest), ('UndefinedTest', ~FailedTest), ('UndefinedTest', ~FailedTest), ('UndefinedTest', ~FailedTest), ('UndefinedTest', ~FailedTest)]
                        Behavior Type:
                        Behavior.Worsened
                        

                        Testing Hypothesis 101.
                        Hypothesis: ('a[:] = a', 22, 0)
                        
Init HyphotesisTester
Init ModelTester
Entering ModelTester
Starting Model Testing...
Testing test1...

                   test_result == expected_output
                   None == [1, 5, 2, 6, 3, 7, 4, 8]?
                   
check_consistency
Testing test2...

                   test_result == expected_output
                   None == [3, 7, 4, 8, 1, 5, 2, 6]?
                   
check_consistency
Testing test3...

                   test_result == expected_output
                   None == [17, 31, 44, 78, 52, 71, 55, 86]?
                   
check_consistency
Testing test4...

                   test_result == expected_output
                   None == [17, 31, 44, 78, 52, 71, 55, 86]?
                   
check_consistency
Testing test5...

                   test_result == expected_output
                   None == [15, 78, 17, 108]?
                   
check_consistency
Testing test6...

                   test_result == expected_output
                   None == [17, 108, 15, 78]?
                   
check_consistency
Testing test7...

                   test_result == expected_output
                   None == [3, 7, 6, 55, 15, 78, 17, 108, 0, 21, 35, 108, 74, 800, 90, 1457]?
                   
check_consistency
Testing test8...

                   test_result == expected_output
                   None == [0, 7, 6, 55, 15, 78, 17, 108, 3, 21, 35, 108, 74, 800, 90, 1457]?
                   
check_consistency
Testing test9...

                   test_result == expected_output
                   None == [0, 21, 33, 44, 54, 77, 55, 78, 11, 22, 35, 88, 74, 89, 90, 1457]?
                   
check_consistency
Testing test10...

                   test_result == expected_output
                   None == [11, 22, 33, 44, 54, 77, 55, 78, 0, 21, 35, 88, 74, 89, 90, 1457]?
                   
check_consistency
Testing test11...

                   test_result == expected_output
                   None == [0, 21, 33, 78, 54, 77, 55, 1455, 22, 44, 35, 88, 74, 89, 90, 1457]?
                   
check_consistency
Testing test12...

                   test_result == expected_output
                   None == [22, 44, 33, 78, 54, 77, 55, 1457, 0, 21, 35, 88, 74, 89, 90, 1455]?
                   
check_consistency
Testing test13...

                   test_result == expected_output
                   None == [0, 55, 54, 77, 33, 575, 78, 7589, 22, 89, 74, 1455, 35, 7587, 1457, 87588]?
                   
check_consistency
Testing test14...

                   test_result == expected_output
                   None == [22, 55, 54, 77, 33, 575, 1457, 7589, 0, 89, 74, 1455, 35, 7587, 78, 87588]?
                   
check_consistency
Testing test15...

                   test_result == expected_output
                   None == [1, 2, 3, 4, 5, 6, 7, 8, 9, 10, 11, 12, 13, 14, 15, 16]?
                   
check_consistency

               The current test15 result is inconsistent with the previous test15 result.
               Previous Result: ('test15', ~PassedTest)
               Current Result: ('test15', ~FailedTest)
               
break for test inconsistency
Model Test Finished...

The current test15 result is inconsistent with the previous test15 result.
Previous Result: ('test15', ~PassedTest)
Current Result: ('UndefinedTest', ~FailedTest)

break for test inconsistency
Model Test Finished...
Previous Explanatory Power: 0.0526
Current Explanatory Power: 0.0
Exiting ModelTester

New Observations:
[('UndefinedTest', ~FailedTest), ('UndefinedTest', ~FailedTest), ('UndefinedTest', ~FailedTest), ('UndefinedTest', ~FailedTest), ('UndefinedTest', ~FailedTest), ('UndefinedTest', ~FailedTest), ('UndefinedTest', ~FailedTest), ('UndefinedTest', ~FailedTest), ('UndefinedTest', ~FailedTest), ('UndefinedTest', ~FailedTest), ('UndefinedTest', ~FailedTest), ('UndefinedTest', ~FailedTest), ('UndefinedTest', ~FailedTest), ('UndefinedTest', ~FailedTest), ('UndefinedTest', ~FailedTest), ('UndefinedTest', ~FailedTest), ('UndefinedTest', ~FailedTest), ('UndefinedTest', ~FailedTest), ('UndefinedTest', ~FailedTest)]
Behavior Type:
Behavior.Worsened


Testing Hypothesis 98.
Hypothesis: ('low[:] = a', 22, 0)

Init HyphotesisTester
Init ModelTester
Entering ModelTester
Starting Model Testing...
Testing test1...
check_consistency
Testing test2...
check_consistency
Testing test3...
check_consistency
Testing test4...
check_consistency
Testing test5...
check_consistency
Testing test6...
check_consistency
Testing test7...
check_consistency
Testing test8...
check_consistency
Testing test9...
check_consistency
Testing test10...
check_consistency
Testing test11...
check_consistency
Testing test12...
check_consistency
Testing test13...
check_consistency
Testing test14...
check_consistency
Testing test15...
check_consistency

The current test15 result is inconsistent with the previous test15 result.
Previous Result: ('test15', ~PassedTest)
Current Result: ('UndefinedTest', ~FailedTest)

break for test inconsistency
Model Test Finished...
Previous Explanatory Power: 0.0526
Current Explanatory Power: 0.0
Exiting ModelTester

New Observations:
[('UndefinedTest', ~FailedTest), ('UndefinedTest', ~FailedTest), ('UndefinedTest', ~FailedTest), ('UndefinedTest', ~FailedTest), ('UndefinedTest', ~FailedTest), ('UndefinedTest', ~FailedTest), ('UndefinedTest', ~FailedTest), ('UndefinedTest', ~FailedTest), ('UndefinedTest', ~FailedTest), ('UndefinedTest', ~FailedTest), ('UndefinedTest', ~FailedTest), ('UndefinedTest', ~FailedTest), ('UndefinedTest', ~FailedTest), ('UndefinedTest', ~FailedTest), ('UndefinedTest', ~FailedTest), ('UndefinedTest', ~FailedTest), ('UndefinedTest', ~FailedTest), ('UndefinedTest', ~FailedTest), ('UndefinedTest', ~FailedTest)]
Behavior Type:
Behavior.Worsened


Testing Hypothesis 99.
Hypothesis: ('cnt[:] = a', 22, 0)

Init HyphotesisTester
Init ModelTester
Entering ModelTester
Starting Model Testing...
Testing test1...
check_consistency
Testing test2...
check_consistency
Testing test3...
check_consistency
Testing test4...
check_consistency
Testing test5...
check_consistency
Testing test6...
check_consistency
Testing test7...
check_consistency
Testing test8...
check_consistency
Testing test9...
check_consistency
Testing test10...
check_consistency
Testing test11...
check_consistency
Testing test12...
check_consistency
Testing test13...
check_consistency
Testing test14...
check_consistency
Testing test15...
check_consistency

The current test15 result is inconsistent with the previous test15 result.
Previous Result: ('test15', ~PassedTest)
Current Result: ('UndefinedTest', ~FailedTest)

break for test inconsistency
Model Test Finished...
Previous Explanatory Power: 0.0526
Current Explanatory Power: 0.0
Exiting ModelTester

New Observations:
[('UndefinedTest', ~FailedTest), ('UndefinedTest', ~FailedTest), ('UndefinedTest', ~FailedTest), ('UndefinedTest', ~FailedTest), ('UndefinedTest', ~FailedTest), ('UndefinedTest', ~FailedTest), ('UndefinedTest', ~FailedTest), ('UndefinedTest', ~FailedTest), ('UndefinedTest', ~FailedTest), ('UndefinedTest', ~FailedTest), ('UndefinedTest', ~FailedTest), ('UndefinedTest', ~FailedTest), ('UndefinedTest', ~FailedTest), ('UndefinedTest', ~FailedTest), ('UndefinedTest', ~FailedTest), ('UndefinedTest', ~FailedTest), ('UndefinedTest', ~FailedTest), ('UndefinedTest', ~FailedTest), ('UndefinedTest', ~FailedTest)]
Behavior Type:
Behavior.Worsened


Testing Hypothesis 100.
Hypothesis: ('out[:] = a', 22, 0)

Init HyphotesisTester
Init ModelTester
Entering ModelTester
Starting Model Testing...
Testing test1...
check_consistency
Testing test2...
check_consistency
Testing test3...
check_consistency
Testing test4...
check_consistency
Testing test5...
check_consistency
Testing test6...
check_consistency
Testing test7...
check_consistency
Testing test8...
check_consistency
Testing test9...
check_consistency
Testing test10...
check_consistency
Testing test11...
check_consistency
Testing test12...
check_consistency
Testing test13...
check_consistency
Testing test14...
check_consistency
Testing test15...
check_consistency

The current test15 result is inconsistent with the previous test15 result.
Previous Result: ('test15', ~PassedTest)
Current Result: ('UndefinedTest', ~FailedTest)

break for test inconsistency
Model Test Finished...
Previous Explanatory Power: 0.0526
Current Explanatory Power: 0.0
Exiting ModelTester

New Observations:
[('UndefinedTest', ~FailedTest), ('UndefinedTest', ~FailedTest), ('UndefinedTest', ~FailedTest), ('UndefinedTest', ~FailedTest), ('UndefinedTest', ~FailedTest), ('UndefinedTest', ~FailedTest), ('UndefinedTest', ~FailedTest), ('UndefinedTest', ~FailedTest), ('UndefinedTest', ~FailedTest), ('UndefinedTest', ~FailedTest), ('UndefinedTest', ~FailedTest), ('UndefinedTest', ~FailedTest), ('UndefinedTest', ~FailedTest), ('UndefinedTest', ~FailedTest), ('UndefinedTest', ~FailedTest), ('UndefinedTest', ~FailedTest), ('UndefinedTest', ~FailedTest), ('UndefinedTest', ~FailedTest), ('UndefinedTest', ~FailedTest)]
Behavior Type:
Behavior.Worsened


Testing Hypothesis 101.
Hypothesis: ('a[:] = a', 22, 0)

Init HyphotesisTester
Init ModelTester
Entering ModelTester
Starting Model Testing...
Testing test1...

test_result == expected_output
None == [1, 5, 2, 6, 3, 7, 4, 8]?

check_consistency
Testing test2...

test_result == expected_output
None == [3, 7, 4, 8, 1, 5, 2, 6]?

check_consistency
Testing test3...

test_result == expected_output
None == [17, 31, 44, 78, 52, 71, 55, 86]?

check_consistency
Testing test4...

test_result == expected_output
None == [17, 31, 44, 78, 52, 71, 55, 86]?

check_consistency
Testing test5...

test_result == expected_output
None == [15, 78, 17, 108]?

check_consistency
Testing test6...

test_result == expected_output
None == [17, 108, 15, 78]?

check_consistency
Testing test7...

test_result == expected_output
None == [3, 7, 6, 55, 15, 78, 17, 108, 0, 21, 35, 108, 74, 800, 90, 1457]?

check_consistency
Testing test8...

test_result == expected_output
None == [0, 7, 6, 55, 15, 78, 17, 108, 3, 21, 35, 108, 74, 800, 90, 1457]?

check_consistency
Testing test9...

test_result == expected_output
None == [0, 21, 33, 44, 54, 77, 55, 78, 11, 22, 35, 88, 74, 89, 90, 1457]?

check_consistency
Testing test10...

test_result == expected_output
None == [11, 22, 33, 44, 54, 77, 55, 78, 0, 21, 35, 88, 74, 89, 90, 1457]?

check_consistency
Testing test11...

test_result == expected_output
None == [0, 21, 33, 78, 54, 77, 55, 1455, 22, 44, 35, 88, 74, 89, 90, 1457]?

check_consistency
Testing test12...

test_result == expected_output
None == [22, 44, 33, 78, 54, 77, 55, 1457, 0, 21, 35, 88, 74, 89, 90, 1455]?

check_consistency
Testing test13...

test_result == expected_output
None == [0, 55, 54, 77, 33, 575, 78, 7589, 22, 89, 74, 1455, 35, 7587, 1457, 87588]?

check_consistency
Testing test14...

test_result == expected_output
None == [22, 55, 54, 77, 33, 575, 1457, 7589, 0, 89, 74, 1455, 35, 7587, 78, 87588]?

check_consistency
Testing test15...

test_result == expected_output
None == [1, 2, 3, 4, 5, 6, 7, 8, 9, 10, 11, 12, 13, 14, 15, 16]?

check_consistency

The current test15 result is inconsistent with the previous test15 result.
Previous Result: ('test15', ~PassedTest)
Current Result: ('test15', ~FailedTest)

break for test inconsistency
Model Test Finished...
Previous Explanatory Power: 0.0526
Current Explanatory Power: 0.0
Exiting ModelTester

                        New Observations:
                        [('test1', ~FailedTest), ('test2', ~FailedTest), ('test3', ~FailedTest), ('test4', ~FailedTest), ('test5', ~FailedTest), ('test6', ~FailedTest), ('test7', ~FailedTest), ('test8', ~FailedTest), ('test9', ~FailedTest), ('test10', ~FailedTest), ('test11', ~FailedTest), ('test12', ~FailedTest), ('test13', ~FailedTest), ('test14', ~FailedTest), ('test15', ~FailedTest), ('UndefinedTest', ~FailedTest), ('UndefinedTest', ~FailedTest), ('UndefinedTest', ~FailedTest), ('UndefinedTest', ~FailedTest)]
                        Behavior Type:
                        Behavior.Worsened
                        

                        Testing Hypothesis 102.
                        Hypothesis: ('up[:] = a', 22, 0)
                        
Init HyphotesisTester
Init ModelTester
Entering ModelTester
Starting Model Testing...
Testing test1...
check_consistency
Testing test2...
check_consistency
Testing test3...
check_consistency
Testing test4...
check_consistency
Testing test5...
check_consistency
Testing test6...
check_consistency
Testing test7...
check_consistency
Testing test8...
check_consistency
Testing test9...
check_consistency
Testing test10...
check_consistency
Testing test11...
check_consistency
Testing test12...
check_consistency
Testing test13...
check_consistency
Testing test14...
check_consistency
Testing test15...
check_consistency

               The current test15 result is inconsistent with the previous test15 result.
               Previous Result: ('test15', ~PassedTest)
               Current Result: ('UndefinedTest', ~FailedTest)
               
break for test inconsistency
Model Test Finished...
Previous Explanatory Power: 0.0526
Current Explanatory Power: 0.0
Exiting ModelTester

                        New Observations:
                        [('UndefinedTest', ~FailedTest), ('UndefinedTest', ~FailedTest), ('UndefinedTest', ~FailedTest), ('UndefinedTest', ~FailedTest), ('UndefinedTest', ~FailedTest), ('UndefinedTest', ~FailedTest), ('UndefinedTest', ~FailedTest), ('UndefinedTest', ~FailedTest), ('UndefinedTest', ~FailedTest), ('UndefinedTest', ~FailedTest), ('UndefinedTest', ~FailedTest), ('UndefinedTest', ~FailedTest), ('UndefinedTest', ~FailedTest), ('UndefinedTest', ~FailedTest), ('UndefinedTest', ~FailedTest), ('UndefinedTest', ~FailedTest), ('UndefinedTest', ~FailedTest), ('UndefinedTest', ~FailedTest), ('UndefinedTest', ~FailedTest)]
                        Behavior Type:
                        Behavior.Worsened
                        

                        Testing Hypothesis 103.
                        Hypothesis: ('compAndSwap[:] = a', 22, 0)
                        
Init HyphotesisTester
Init ModelTester
Entering ModelTester
Starting Model Testing...
Testing test1...
check_consistency
Testing test2...
check_consistency
Testing test3...
check_consistency
Testing test4...
check_consistency
Testing test5...
check_consistency
Testing test6...
check_consistency
Testing test7...
check_consistency
Testing test8...
check_consistency
Testing test9...
check_consistency
Testing test10...
check_consistency
Testing test11...
check_consistency
Testing test12...
check_consistency
Testing test13...
check_consistency
Testing test14...
check_consistency
Testing test15...
check_consistency

               The current test15 result is inconsistent with the previous test15 result.
               Previous Result: ('test15', ~PassedTest)
               Current Result: ('UndefinedTest', ~FailedTest)
               
break for test inconsistency
Model Test Finished...
Previous Explanatory Power: 0.0526
Current Explanatory Power: 0.0
Exiting ModelTester

                        New Observations:
                        [('UndefinedTest', ~FailedTest), ('UndefinedTest', ~FailedTest), ('UndefinedTest', ~FailedTest), ('UndefinedTest', ~FailedTest), ('UndefinedTest', ~FailedTest), ('UndefinedTest', ~FailedTest), ('UndefinedTest', ~FailedTest), ('UndefinedTest', ~FailedTest), ('UndefinedTest', ~FailedTest), ('UndefinedTest', ~FailedTest), ('UndefinedTest', ~FailedTest), ('UndefinedTest', ~FailedTest), ('UndefinedTest', ~FailedTest), ('UndefinedTest', ~FailedTest), ('UndefinedTest', ~FailedTest), ('UndefinedTest', ~FailedTest), ('UndefinedTest', ~FailedTest), ('UndefinedTest', ~FailedTest), ('UndefinedTest', ~FailedTest)]
                        Behavior Type:
                        Behavior.Worsened
                        

                        Testing Hypothesis 104.
                        Hypothesis: ('return (bitonicSort * a)', 22, 0)
                        
Init HyphotesisTester
Init ModelTester
Entering ModelTester
Starting Model Testing...
Testing test1...
check_consistency
Testing test2...
check_consistency
Testing test3...
check_consistency
Testing test4...
check_consistency
Testing test5...
check_consistency
Testing test6...
check_consistency
Testing test7...
check_consistency
Testing test8...
check_consistency
Testing test9...
check_consistency
Testing test10...
check_consistency
Testing test11...
check_consistency
Testing test12...
check_consistency
Testing test13...
check_consistency
Testing test14...
check_consistency
Testing test15...
check_consistency

               The current test15 result is inconsistent with the previous test15 result.
               Previous Result: ('test15', ~PassedTest)
               Current Result: ('UndefinedTest', ~FailedTest)
               
break for test inconsistency
Model Test Finished...
Previous Explanatory Power: 0.0526
Current Explanatory Power: 0.0
Exiting ModelTester

                        New Observations:
                        [('UndefinedTest', ~FailedTest), ('UndefinedTest', ~FailedTest), ('UndefinedTest', ~FailedTest), ('UndefinedTest', ~FailedTest), ('UndefinedTest', ~FailedTest), ('UndefinedTest', ~FailedTest), ('UndefinedTest', ~FailedTest), ('UndefinedTest', ~FailedTest), ('UndefinedTest', ~FailedTest), ('UndefinedTest', ~FailedTest), ('UndefinedTest', ~FailedTest), ('UndefinedTest', ~FailedTest), ('UndefinedTest', ~FailedTest), ('UndefinedTest', ~FailedTest), ('UndefinedTest', ~FailedTest), ('UndefinedTest', ~FailedTest), ('UndefinedTest', ~FailedTest), ('UndefinedTest', ~FailedTest), ('UndefinedTest', ~FailedTest)]
                        Behavior Type:
                        Behavior.Worsened
                        

                        Testing Hypothesis 105.
                        Hypothesis: ('return (k * a)', 22, 0)
                        
Init HyphotesisTester
Init ModelTester
Entering ModelTester
Starting Model Testing...
Testing test1...
check_consistency
Testing test2...
check_consistency
Testing test3...
check_consistency
Testing test4...
check_consistency
Testing test5...
check_consistency
Testing test6...
check_consistency
Testing test7...
check_consistency
Testing test8...
check_consistency
Testing test9...
check_consistency
Testing test10...
check_consistency
Testing test11...
check_consistency
Testing test12...
check_consistency
Testing test13...
check_consistency
Testing test14...
check_consistency
Testing test15...
check_consistency

               The current test15 result is inconsistent with the previous test15 result.
               Previous Result: ('test15', ~PassedTest)
               Current Result: ('UndefinedTest', ~FailedTest)
               
break for test inconsistency
Model Test Finished...
Previous Explanatory Power: 0.0526
Current Explanatory Power: 0.0
Exiting ModelTester

                        New Observations:
                        [('UndefinedTest', ~FailedTest), ('UndefinedTest', ~FailedTest), ('UndefinedTest', ~FailedTest), ('UndefinedTest', ~FailedTest), ('UndefinedTest', ~FailedTest), ('UndefinedTest', ~FailedTest), ('UndefinedTest', ~FailedTest), ('UndefinedTest', ~FailedTest), ('UndefinedTest', ~FailedTest), ('UndefinedTest', ~FailedTest), ('UndefinedTest', ~FailedTest), ('UndefinedTest', ~FailedTest), ('UndefinedTest', ~FailedTest), ('UndefinedTest', ~FailedTest), ('UndefinedTest', ~FailedTest), ('UndefinedTest', ~FailedTest), ('UndefinedTest', ~FailedTest), ('UndefinedTest', ~FailedTest), ('UndefinedTest', ~FailedTest)]
                        Behavior Type:
                        Behavior.Worsened
                        

                        Testing Hypothesis 106.
                        Hypothesis: ('return (N * a)', 22, 0)
                        
Init HyphotesisTester
Init ModelTester
Entering ModelTester
Starting Model Testing...
Testing test1...

                   test_result == expected_output
                   [3, 7, 4, 8, 6, 2, 1, 5, 3, 7, 4, 8, 6, 2, 1, 5, 3, 7, 4, 8, 6, 2, 1, 5, 3, 7, 4, 8, 6, 2, 1, 5, 3, 7, 4, 8, 6, 2, 1, 5, 3, 7, 4, 8, 6, 2, 1, 5, 3, 7, 4, 8, 6, 2, 1, 5, 3, 7, 4, 8, 6, 2, 1, 5] == [1, 5, 2, 6, 3, 7, 4, 8]?
                   
check_consistency
Testing test2...

                   test_result == expected_output
                   [3, 7, 4, 8, 6, 2, 1, 5, 3, 7, 4, 8, 6, 2, 1, 5, 3, 7, 4, 8, 6, 2, 1, 5, 3, 7, 4, 8, 6, 2, 1, 5, 3, 7, 4, 8, 6, 2, 1, 5, 3, 7, 4, 8, 6, 2, 1, 5, 3, 7, 4, 8, 6, 2, 1, 5, 3, 7, 4, 8, 6, 2, 1, 5] == [3, 7, 4, 8, 1, 5, 2, 6]?
                   
check_consistency
Testing test3...
Previous Explanatory Power: 0.0526
Current Explanatory Power: 0.0
Exiting ModelTester

New Observations:
[('test1', ~FailedTest), ('test2', ~FailedTest), ('test3', ~FailedTest), ('test4', ~FailedTest), ('test5', ~FailedTest), ('test6', ~FailedTest), ('test7', ~FailedTest), ('test8', ~FailedTest), ('test9', ~FailedTest), ('test10', ~FailedTest), ('test11', ~FailedTest), ('test12', ~FailedTest), ('test13', ~FailedTest), ('test14', ~FailedTest), ('test15', ~FailedTest), ('UndefinedTest', ~FailedTest), ('UndefinedTest', ~FailedTest), ('UndefinedTest', ~FailedTest), ('UndefinedTest', ~FailedTest)]
Behavior Type:
Behavior.Worsened


Testing Hypothesis 102.
Hypothesis: ('up[:] = a', 22, 0)

Init HyphotesisTester
Init ModelTester
Entering ModelTester
Starting Model Testing...
Testing test1...
check_consistency
Testing test2...
check_consistency
Testing test3...
check_consistency
Testing test4...
check_consistency
Testing test5...
check_consistency
Testing test6...
check_consistency
Testing test7...
check_consistency
Testing test8...
check_consistency
Testing test9...
check_consistency
Testing test10...
check_consistency
Testing test11...
check_consistency
Testing test12...
check_consistency
Testing test13...
check_consistency
Testing test14...
check_consistency
Testing test15...
check_consistency

The current test15 result is inconsistent with the previous test15 result.
Previous Result: ('test15', ~PassedTest)
Current Result: ('UndefinedTest', ~FailedTest)

break for test inconsistency
Model Test Finished...
Previous Explanatory Power: 0.0526
Current Explanatory Power: 0.0
Exiting ModelTester

New Observations:
[('UndefinedTest', ~FailedTest), ('UndefinedTest', ~FailedTest), ('UndefinedTest', ~FailedTest), ('UndefinedTest', ~FailedTest), ('UndefinedTest', ~FailedTest), ('UndefinedTest', ~FailedTest), ('UndefinedTest', ~FailedTest), ('UndefinedTest', ~FailedTest), ('UndefinedTest', ~FailedTest), ('UndefinedTest', ~FailedTest), ('UndefinedTest', ~FailedTest), ('UndefinedTest', ~FailedTest), ('UndefinedTest', ~FailedTest), ('UndefinedTest', ~FailedTest), ('UndefinedTest', ~FailedTest), ('UndefinedTest', ~FailedTest), ('UndefinedTest', ~FailedTest), ('UndefinedTest', ~FailedTest), ('UndefinedTest', ~FailedTest)]
Behavior Type:
Behavior.Worsened


Testing Hypothesis 103.
Hypothesis: ('compAndSwap[:] = a', 22, 0)

Init HyphotesisTester
Init ModelTester
Entering ModelTester
Starting Model Testing...
Testing test1...
check_consistency
Testing test2...
check_consistency
Testing test3...
check_consistency
Testing test4...
check_consistency
Testing test5...
check_consistency
Testing test6...
check_consistency
Testing test7...
check_consistency
Testing test8...
check_consistency
Testing test9...
check_consistency
Testing test10...
check_consistency
Testing test11...
check_consistency
Testing test12...
check_consistency
Testing test13...
check_consistency
Testing test14...
check_consistency
Testing test15...
check_consistency

The current test15 result is inconsistent with the previous test15 result.
Previous Result: ('test15', ~PassedTest)
Current Result: ('UndefinedTest', ~FailedTest)

break for test inconsistency
Model Test Finished...
Previous Explanatory Power: 0.0526
Current Explanatory Power: 0.0
Exiting ModelTester

New Observations:
[('UndefinedTest', ~FailedTest), ('UndefinedTest', ~FailedTest), ('UndefinedTest', ~FailedTest), ('UndefinedTest', ~FailedTest), ('UndefinedTest', ~FailedTest), ('UndefinedTest', ~FailedTest), ('UndefinedTest', ~FailedTest), ('UndefinedTest', ~FailedTest), ('UndefinedTest', ~FailedTest), ('UndefinedTest', ~FailedTest), ('UndefinedTest', ~FailedTest), ('UndefinedTest', ~FailedTest), ('UndefinedTest', ~FailedTest), ('UndefinedTest', ~FailedTest), ('UndefinedTest', ~FailedTest), ('UndefinedTest', ~FailedTest), ('UndefinedTest', ~FailedTest), ('UndefinedTest', ~FailedTest), ('UndefinedTest', ~FailedTest)]
Behavior Type:
Behavior.Worsened


Testing Hypothesis 104.
Hypothesis: ('return (bitonicSort * a)', 22, 0)

Init HyphotesisTester
Init ModelTester
Entering ModelTester
Starting Model Testing...
Testing test1...
check_consistency
Testing test2...
check_consistency
Testing test3...
check_consistency
Testing test4...
check_consistency
Testing test5...
check_consistency
Testing test6...
check_consistency
Testing test7...
check_consistency
Testing test8...
check_consistency
Testing test9...
check_consistency
Testing test10...
check_consistency
Testing test11...
check_consistency
Testing test12...
check_consistency
Testing test13...
check_consistency
Testing test14...
check_consistency
Testing test15...
check_consistency

The current test15 result is inconsistent with the previous test15 result.
Previous Result: ('test15', ~PassedTest)
Current Result: ('UndefinedTest', ~FailedTest)

break for test inconsistency
Model Test Finished...
Previous Explanatory Power: 0.0526
Current Explanatory Power: 0.0
Exiting ModelTester

New Observations:
[('UndefinedTest', ~FailedTest), ('UndefinedTest', ~FailedTest), ('UndefinedTest', ~FailedTest), ('UndefinedTest', ~FailedTest), ('UndefinedTest', ~FailedTest), ('UndefinedTest', ~FailedTest), ('UndefinedTest', ~FailedTest), ('UndefinedTest', ~FailedTest), ('UndefinedTest', ~FailedTest), ('UndefinedTest', ~FailedTest), ('UndefinedTest', ~FailedTest), ('UndefinedTest', ~FailedTest), ('UndefinedTest', ~FailedTest), ('UndefinedTest', ~FailedTest), ('UndefinedTest', ~FailedTest), ('UndefinedTest', ~FailedTest), ('UndefinedTest', ~FailedTest), ('UndefinedTest', ~FailedTest), ('UndefinedTest', ~FailedTest)]
Behavior Type:
Behavior.Worsened


Testing Hypothesis 105.
Hypothesis: ('return (k * a)', 22, 0)

Init HyphotesisTester
Init ModelTester
Entering ModelTester
Starting Model Testing...
Testing test1...
check_consistency
Testing test2...
check_consistency
Testing test3...
check_consistency
Testing test4...
check_consistency
Testing test5...
check_consistency
Testing test6...
check_consistency
Testing test7...
check_consistency
Testing test8...
check_consistency
Testing test9...
check_consistency
Testing test10...
check_consistency
Testing test11...
check_consistency
Testing test12...
check_consistency
Testing test13...
check_consistency
Testing test14...
check_consistency
Testing test15...
check_consistency

The current test15 result is inconsistent with the previous test15 result.
Previous Result: ('test15', ~PassedTest)
Current Result: ('UndefinedTest', ~FailedTest)

break for test inconsistency
Model Test Finished...
Previous Explanatory Power: 0.0526
Current Explanatory Power: 0.0
Exiting ModelTester

New Observations:
[('UndefinedTest', ~FailedTest), ('UndefinedTest', ~FailedTest), ('UndefinedTest', ~FailedTest), ('UndefinedTest', ~FailedTest), ('UndefinedTest', ~FailedTest), ('UndefinedTest', ~FailedTest), ('UndefinedTest', ~FailedTest), ('UndefinedTest', ~FailedTest), ('UndefinedTest', ~FailedTest), ('UndefinedTest', ~FailedTest), ('UndefinedTest', ~FailedTest), ('UndefinedTest', ~FailedTest), ('UndefinedTest', ~FailedTest), ('UndefinedTest', ~FailedTest), ('UndefinedTest', ~FailedTest), ('UndefinedTest', ~FailedTest), ('UndefinedTest', ~FailedTest), ('UndefinedTest', ~FailedTest), ('UndefinedTest', ~FailedTest)]
Behavior Type:
Behavior.Worsened


Testing Hypothesis 106.
Hypothesis: ('return (N * a)', 22, 0)

Init HyphotesisTester
Init ModelTester
Entering ModelTester
Starting Model Testing...
Testing test1...

test_result == expected_output
[3, 7, 4, 8, 6, 2, 1, 5, 3, 7, 4, 8, 6, 2, 1, 5, 3, 7, 4, 8, 6, 2, 1, 5, 3, 7, 4, 8, 6, 2, 1, 5, 3, 7, 4, 8, 6, 2, 1, 5, 3, 7, 4, 8, 6, 2, 1, 5, 3, 7, 4, 8, 6, 2, 1, 5, 3, 7, 4, 8, 6, 2, 1, 5] == [1, 5, 2, 6, 3, 7, 4, 8]?

check_consistency
Testing test2...

test_result == expected_output
[3, 7, 4, 8, 6, 2, 1, 5, 3, 7, 4, 8, 6, 2, 1, 5, 3, 7, 4, 8, 6, 2, 1, 5, 3, 7, 4, 8, 6, 2, 1, 5, 3, 7, 4, 8, 6, 2, 1, 5, 3, 7, 4, 8, 6, 2, 1, 5, 3, 7, 4, 8, 6, 2, 1, 5, 3, 7, 4, 8, 6, 2, 1, 5] == [3, 7, 4, 8, 1, 5, 2, 6]?

check_consistency
Testing test3...

                   test_result == expected_output
                   [31, 17, 44, 78, 86, 52, 71, 55, 31, 17, 44, 78, 86, 52, 71, 55, 31, 17, 44, 78, 86, 52, 71, 55, 31, 17, 44, 78, 86, 52, 71, 55, 31, 17, 44, 78, 86, 52, 71, 55, 31, 17, 44, 78, 86, 52, 71, 55, 31, 17, 44, 78, 86, 52, 71, 55, 31, 17, 44, 78, 86, 52, 71, 55] == [17, 31, 44, 78, 52, 71, 55, 86]?
                   
check_consistency
Testing test4...

                   test_result == expected_output
                   [31, 17, 44, 78, 86, 52, 71, 55, 31, 17, 44, 78, 86, 52, 71, 55, 31, 17, 44, 78, 86, 52, 71, 55, 31, 17, 44, 78, 86, 52, 71, 55, 31, 17, 44, 78, 86, 52, 71, 55, 31, 17, 44, 78, 86, 52, 71, 55, 31, 17, 44, 78, 86, 52, 71, 55, 31, 17, 44, 78, 86, 52, 71, 55] == [17, 31, 44, 78, 52, 71, 55, 86]?
                   
check_consistency
Testing test5...

                   test_result == expected_output
                   [108, 17, 15, 78, 108, 17, 15, 78, 108, 17, 15, 78, 108, 17, 15, 78] == [15, 78, 17, 108]?
                   
check_consistency
Testing test6...

                   test_result == expected_output
                   [108, 17, 15, 78, 108, 17, 15, 78, 108, 17, 15, 78, 108, 17, 15, 78] == [17, 108, 15, 78]?
                   
check_consistency
Testing test7...

                   test_result == expected_output
                   [6, 7, 55, 3, 108, 17, 15, 78, 108, 35, 21, 0, 800, 74, 90, 1457, 6, 7, 55, 3, 108, 17, 15, 78, 108, 35, 21, 0, 800, 74, 90, 1457, 6, 7, 55, 3, 108, 17, 15, 78, 108, 35, 21, 0, 800, 74, 90, 1457, 6, 7, 55, 3, 108, 17, 15, 78, 108, 35, 21, 0, 800, 74, 90, 1457, 6, 7, 55, 3, 108, 17, 15, 78, 108, 35, 21, 0, 800, 74, 90, 1457, 6, 7, 55, 3, 108, 17, 15, 78, 108, 35, 21, 0, 800, 74, 90, 1457, 6, 7, 55, 3, 108, 17, 15, 78, 108, 35, 21, 0, 800, 74, 90, 1457, 6, 7, 55, 3, 108, 17, 15, 78, 108, 35, 21, 0, 800, 74, 90, 1457, 6, 7, 55, 3, 108, 17, 15, 78, 108, 35, 21, 0, 800, 74, 90, 1457, 6, 7, 55, 3, 108, 17, 15, 78, 108, 35, 21, 0, 800, 74, 90, 1457, 6, 7, 55, 3, 108, 17, 15, 78, 108, 35, 21, 0, 800, 74, 90, 1457, 6, 7, 55, 3, 108, 17, 15, 78, 108, 35, 21, 0, 800, 74, 90, 1457, 6, 7, 55, 3, 108, 17, 15, 78, 108, 35, 21, 0, 800, 74, 90, 1457, 6, 7, 55, 3, 108, 17, 15, 78, 108, 35, 21, 0, 800, 74, 90, 1457, 6, 7, 55, 3, 108, 17, 15, 78, 108, 35, 21, 0, 800, 74, 90, 1457, 6, 7, 55, 3, 108, 17, 15, 78, 108, 35, 21, 0, 800, 74, 90, 1457] == [3, 7, 6, 55, 15, 78, 17, 108, 0, 21, 35, 108, 74, 800, 90, 1457]?
                   
check_consistency
Testing test8...

                   test_result == expected_output
                   [6, 7, 55, 3, 108, 17, 15, 78, 108, 35, 21, 0, 800, 74, 90, 1457, 6, 7, 55, 3, 108, 17, 15, 78, 108, 35, 21, 0, 800, 74, 90, 1457, 6, 7, 55, 3, 108, 17, 15, 78, 108, 35, 21, 0, 800, 74, 90, 1457, 6, 7, 55, 3, 108, 17, 15, 78, 108, 35, 21, 0, 800, 74, 90, 1457, 6, 7, 55, 3, 108, 17, 15, 78, 108, 35, 21, 0, 800, 74, 90, 1457, 6, 7, 55, 3, 108, 17, 15, 78, 108, 35, 21, 0, 800, 74, 90, 1457, 6, 7, 55, 3, 108, 17, 15, 78, 108, 35, 21, 0, 800, 74, 90, 1457, 6, 7, 55, 3, 108, 17, 15, 78, 108, 35, 21, 0, 800, 74, 90, 1457, 6, 7, 55, 3, 108, 17, 15, 78, 108, 35, 21, 0, 800, 74, 90, 1457, 6, 7, 55, 3, 108, 17, 15, 78, 108, 35, 21, 0, 800, 74, 90, 1457, 6, 7, 55, 3, 108, 17, 15, 78, 108, 35, 21, 0, 800, 74, 90, 1457, 6, 7, 55, 3, 108, 17, 15, 78, 108, 35, 21, 0, 800, 74, 90, 1457, 6, 7, 55, 3, 108, 17, 15, 78, 108, 35, 21, 0, 800, 74, 90, 1457, 6, 7, 55, 3, 108, 17, 15, 78, 108, 35, 21, 0, 800, 74, 90, 1457, 6, 7, 55, 3, 108, 17, 15, 78, 108, 35, 21, 0, 800, 74, 90, 1457, 6, 7, 55, 3, 108, 17, 15, 78, 108, 35, 21, 0, 800, 74, 90, 1457] == [0, 7, 6, 55, 15, 78, 17, 108, 3, 21, 35, 108, 74, 800, 90, 1457]?
                   
check_consistency
Testing test9...

                   test_result == expected_output
                   [11, 22, 44, 33, 77, 55, 54, 78, 88, 35, 21, 0, 89, 74, 90, 1457, 11, 22, 44, 33, 77, 55, 54, 78, 88, 35, 21, 0, 89, 74, 90, 1457, 11, 22, 44, 33, 77, 55, 54, 78, 88, 35, 21, 0, 89, 74, 90, 1457, 11, 22, 44, 33, 77, 55, 54, 78, 88, 35, 21, 0, 89, 74, 90, 1457, 11, 22, 44, 33, 77, 55, 54, 78, 88, 35, 21, 0, 89, 74, 90, 1457, 11, 22, 44, 33, 77, 55, 54, 78, 88, 35, 21, 0, 89, 74, 90, 1457, 11, 22, 44, 33, 77, 55, 54, 78, 88, 35, 21, 0, 89, 74, 90, 1457, 11, 22, 44, 33, 77, 55, 54, 78, 88, 35, 21, 0, 89, 74, 90, 1457, 11, 22, 44, 33, 77, 55, 54, 78, 88, 35, 21, 0, 89, 74, 90, 1457, 11, 22, 44, 33, 77, 55, 54, 78, 88, 35, 21, 0, 89, 74, 90, 1457, 11, 22, 44, 33, 77, 55, 54, 78, 88, 35, 21, 0, 89, 74, 90, 1457, 11, 22, 44, 33, 77, 55, 54, 78, 88, 35, 21, 0, 89, 74, 90, 1457, 11, 22, 44, 33, 77, 55, 54, 78, 88, 35, 21, 0, 89, 74, 90, 1457, 11, 22, 44, 33, 77, 55, 54, 78, 88, 35, 21, 0, 89, 74, 90, 1457, 11, 22, 44, 33, 77, 55, 54, 78, 88, 35, 21, 0, 89, 74, 90, 1457, 11, 22, 44, 33, 77, 55, 54, 78, 88, 35, 21, 0, 89, 74, 90, 1457] == [0, 21, 33, 44, 54, 77, 55, 78, 11, 22, 35, 88, 74, 89, 90, 1457]?
                   
check_consistency
Testing test10...

                   test_result == expected_output
                   [11, 22, 44, 33, 77, 55, 54, 78, 88, 35, 21, 0, 89, 74, 90, 1457, 11, 22, 44, 33, 77, 55, 54, 78, 88, 35, 21, 0, 89, 74, 90, 1457, 11, 22, 44, 33, 77, 55, 54, 78, 88, 35, 21, 0, 89, 74, 90, 1457, 11, 22, 44, 33, 77, 55, 54, 78, 88, 35, 21, 0, 89, 74, 90, 1457, 11, 22, 44, 33, 77, 55, 54, 78, 88, 35, 21, 0, 89, 74, 90, 1457, 11, 22, 44, 33, 77, 55, 54, 78, 88, 35, 21, 0, 89, 74, 90, 1457, 11, 22, 44, 33, 77, 55, 54, 78, 88, 35, 21, 0, 89, 74, 90, 1457, 11, 22, 44, 33, 77, 55, 54, 78, 88, 35, 21, 0, 89, 74, 90, 1457, 11, 22, 44, 33, 77, 55, 54, 78, 88, 35, 21, 0, 89, 74, 90, 1457, 11, 22, 44, 33, 77, 55, 54, 78, 88, 35, 21, 0, 89, 74, 90, 1457, 11, 22, 44, 33, 77, 55, 54, 78, 88, 35, 21, 0, 89, 74, 90, 1457, 11, 22, 44, 33, 77, 55, 54, 78, 88, 35, 21, 0, 89, 74, 90, 1457, 11, 22, 44, 33, 77, 55, 54, 78, 88, 35, 21, 0, 89, 74, 90, 1457, 11, 22, 44, 33, 77, 55, 54, 78, 88, 35, 21, 0, 89, 74, 90, 1457, 11, 22, 44, 33, 77, 55, 54, 78, 88, 35, 21, 0, 89, 74, 90, 1457, 11, 22, 44, 33, 77, 55, 54, 78, 88, 35, 21, 0, 89, 74, 90, 1457] == [11, 22, 33, 44, 54, 77, 55, 78, 0, 21, 35, 88, 74, 89, 90, 1457]?
                   
check_consistency
Testing test11...

                   test_result == expected_output
                   [1457, 22, 44, 33, 77, 55, 54, 78, 88, 35, 21, 0, 89, 74, 90, 1455, 1457, 22, 44, 33, 77, 55, 54, 78, 88, 35, 21, 0, 89, 74, 90, 1455, 1457, 22, 44, 33, 77, 55, 54, 78, 88, 35, 21, 0, 89, 74, 90, 1455, 1457, 22, 44, 33, 77, 55, 54, 78, 88, 35, 21, 0, 89, 74, 90, 1455, 1457, 22, 44, 33, 77, 55, 54, 78, 88, 35, 21, 0, 89, 74, 90, 1455, 1457, 22, 44, 33, 77, 55, 54, 78, 88, 35, 21, 0, 89, 74, 90, 1455, 1457, 22, 44, 33, 77, 55, 54, 78, 88, 35, 21, 0, 89, 74, 90, 1455, 1457, 22, 44, 33, 77, 55, 54, 78, 88, 35, 21, 0, 89, 74, 90, 1455, 1457, 22, 44, 33, 77, 55, 54, 78, 88, 35, 21, 0, 89, 74, 90, 1455, 1457, 22, 44, 33, 77, 55, 54, 78, 88, 35, 21, 0, 89, 74, 90, 1455, 1457, 22, 44, 33, 77, 55, 54, 78, 88, 35, 21, 0, 89, 74, 90, 1455, 1457, 22, 44, 33, 77, 55, 54, 78, 88, 35, 21, 0, 89, 74, 90, 1455, 1457, 22, 44, 33, 77, 55, 54, 78, 88, 35, 21, 0, 89, 74, 90, 1455, 1457, 22, 44, 33, 77, 55, 54, 78, 88, 35, 21, 0, 89, 74, 90, 1455, 1457, 22, 44, 33, 77, 55, 54, 78, 88, 35, 21, 0, 89, 74, 90, 1455, 1457, 22, 44, 33, 77, 55, 54, 78, 88, 35, 21, 0, 89, 74, 90, 1455] == [0, 21, 33, 78, 54, 77, 55, 1455, 22, 44, 35, 88, 74, 89, 90, 1457]?
                   
check_consistency
Testing test12...

                   test_result == expected_output
                   [1457, 22, 44, 33, 77, 55, 54, 78, 88, 35, 21, 0, 89, 74, 90, 1455, 1457, 22, 44, 33, 77, 55, 54, 78, 88, 35, 21, 0, 89, 74, 90, 1455, 1457, 22, 44, 33, 77, 55, 54, 78, 88, 35, 21, 0, 89, 74, 90, 1455, 1457, 22, 44, 33, 77, 55, 54, 78, 88, 35, 21, 0, 89, 74, 90, 1455, 1457, 22, 44, 33, 77, 55, 54, 78, 88, 35, 21, 0, 89, 74, 90, 1455, 1457, 22, 44, 33, 77, 55, 54, 78, 88, 35, 21, 0, 89, 74, 90, 1455, 1457, 22, 44, 33, 77, 55, 54, 78, 88, 35, 21, 0, 89, 74, 90, 1455, 1457, 22, 44, 33, 77, 55, 54, 78, 88, 35, 21, 0, 89, 74, 90, 1455, 1457, 22, 44, 33, 77, 55, 54, 78, 88, 35, 21, 0, 89, 74, 90, 1455, 1457, 22, 44, 33, 77, 55, 54, 78, 88, 35, 21, 0, 89, 74, 90, 1455, 1457, 22, 44, 33, 77, 55, 54, 78, 88, 35, 21, 0, 89, 74, 90, 1455, 1457, 22, 44, 33, 77, 55, 54, 78, 88, 35, 21, 0, 89, 74, 90, 1455, 1457, 22, 44, 33, 77, 55, 54, 78, 88, 35, 21, 0, 89, 74, 90, 1455, 1457, 22, 44, 33, 77, 55, 54, 78, 88, 35, 21, 0, 89, 74, 90, 1455, 1457, 22, 44, 33, 77, 55, 54, 78, 88, 35, 21, 0, 89, 74, 90, 1455, 1457, 22, 44, 33, 77, 55, 54, 78, 88, 35, 21, 0, 89, 74, 90, 1455] == [22, 44, 33, 78, 54, 77, 55, 1457, 0, 21, 35, 88, 74, 89, 90, 1455]?
                   
check_consistency
Testing test13...

test_result == expected_output
[31, 17, 44, 78, 86, 52, 71, 55, 31, 17, 44, 78, 86, 52, 71, 55, 31, 17, 44, 78, 86, 52, 71, 55, 31, 17, 44, 78, 86, 52, 71, 55, 31, 17, 44, 78, 86, 52, 71, 55, 31, 17, 44, 78, 86, 52, 71, 55, 31, 17, 44, 78, 86, 52, 71, 55, 31, 17, 44, 78, 86, 52, 71, 55] == [17, 31, 44, 78, 52, 71, 55, 86]?

check_consistency
Testing test4...

test_result == expected_output
[31, 17, 44, 78, 86, 52, 71, 55, 31, 17, 44, 78, 86, 52, 71, 55, 31, 17, 44, 78, 86, 52, 71, 55, 31, 17, 44, 78, 86, 52, 71, 55, 31, 17, 44, 78, 86, 52, 71, 55, 31, 17, 44, 78, 86, 52, 71, 55, 31, 17, 44, 78, 86, 52, 71, 55, 31, 17, 44, 78, 86, 52, 71, 55] == [17, 31, 44, 78, 52, 71, 55, 86]?

check_consistency
Testing test5...

test_result == expected_output
[108, 17, 15, 78, 108, 17, 15, 78, 108, 17, 15, 78, 108, 17, 15, 78] == [15, 78, 17, 108]?

check_consistency
Testing test6...

test_result == expected_output
[108, 17, 15, 78, 108, 17, 15, 78, 108, 17, 15, 78, 108, 17, 15, 78] == [17, 108, 15, 78]?

check_consistency
Testing test7...

test_result == expected_output
[6, 7, 55, 3, 108, 17, 15, 78, 108, 35, 21, 0, 800, 74, 90, 1457, 6, 7, 55, 3, 108, 17, 15, 78, 108, 35, 21, 0, 800, 74, 90, 1457, 6, 7, 55, 3, 108, 17, 15, 78, 108, 35, 21, 0, 800, 74, 90, 1457, 6, 7, 55, 3, 108, 17, 15, 78, 108, 35, 21, 0, 800, 74, 90, 1457, 6, 7, 55, 3, 108, 17, 15, 78, 108, 35, 21, 0, 800, 74, 90, 1457, 6, 7, 55, 3, 108, 17, 15, 78, 108, 35, 21, 0, 800, 74, 90, 1457, 6, 7, 55, 3, 108, 17, 15, 78, 108, 35, 21, 0, 800, 74, 90, 1457, 6, 7, 55, 3, 108, 17, 15, 78, 108, 35, 21, 0, 800, 74, 90, 1457, 6, 7, 55, 3, 108, 17, 15, 78, 108, 35, 21, 0, 800, 74, 90, 1457, 6, 7, 55, 3, 108, 17, 15, 78, 108, 35, 21, 0, 800, 74, 90, 1457, 6, 7, 55, 3, 108, 17, 15, 78, 108, 35, 21, 0, 800, 74, 90, 1457, 6, 7, 55, 3, 108, 17, 15, 78, 108, 35, 21, 0, 800, 74, 90, 1457, 6, 7, 55, 3, 108, 17, 15, 78, 108, 35, 21, 0, 800, 74, 90, 1457, 6, 7, 55, 3, 108, 17, 15, 78, 108, 35, 21, 0, 800, 74, 90, 1457, 6, 7, 55, 3, 108, 17, 15, 78, 108, 35, 21, 0, 800, 74, 90, 1457, 6, 7, 55, 3, 108, 17, 15, 78, 108, 35, 21, 0, 800, 74, 90, 1457] == [3, 7, 6, 55, 15, 78, 17, 108, 0, 21, 35, 108, 74, 800, 90, 1457]?

check_consistency
Testing test8...

test_result == expected_output
[6, 7, 55, 3, 108, 17, 15, 78, 108, 35, 21, 0, 800, 74, 90, 1457, 6, 7, 55, 3, 108, 17, 15, 78, 108, 35, 21, 0, 800, 74, 90, 1457, 6, 7, 55, 3, 108, 17, 15, 78, 108, 35, 21, 0, 800, 74, 90, 1457, 6, 7, 55, 3, 108, 17, 15, 78, 108, 35, 21, 0, 800, 74, 90, 1457, 6, 7, 55, 3, 108, 17, 15, 78, 108, 35, 21, 0, 800, 74, 90, 1457, 6, 7, 55, 3, 108, 17, 15, 78, 108, 35, 21, 0, 800, 74, 90, 1457, 6, 7, 55, 3, 108, 17, 15, 78, 108, 35, 21, 0, 800, 74, 90, 1457, 6, 7, 55, 3, 108, 17, 15, 78, 108, 35, 21, 0, 800, 74, 90, 1457, 6, 7, 55, 3, 108, 17, 15, 78, 108, 35, 21, 0, 800, 74, 90, 1457, 6, 7, 55, 3, 108, 17, 15, 78, 108, 35, 21, 0, 800, 74, 90, 1457, 6, 7, 55, 3, 108, 17, 15, 78, 108, 35, 21, 0, 800, 74, 90, 1457, 6, 7, 55, 3, 108, 17, 15, 78, 108, 35, 21, 0, 800, 74, 90, 1457, 6, 7, 55, 3, 108, 17, 15, 78, 108, 35, 21, 0, 800, 74, 90, 1457, 6, 7, 55, 3, 108, 17, 15, 78, 108, 35, 21, 0, 800, 74, 90, 1457, 6, 7, 55, 3, 108, 17, 15, 78, 108, 35, 21, 0, 800, 74, 90, 1457, 6, 7, 55, 3, 108, 17, 15, 78, 108, 35, 21, 0, 800, 74, 90, 1457] == [0, 7, 6, 55, 15, 78, 17, 108, 3, 21, 35, 108, 74, 800, 90, 1457]?

check_consistency
Testing test9...

test_result == expected_output
[11, 22, 44, 33, 77, 55, 54, 78, 88, 35, 21, 0, 89, 74, 90, 1457, 11, 22, 44, 33, 77, 55, 54, 78, 88, 35, 21, 0, 89, 74, 90, 1457, 11, 22, 44, 33, 77, 55, 54, 78, 88, 35, 21, 0, 89, 74, 90, 1457, 11, 22, 44, 33, 77, 55, 54, 78, 88, 35, 21, 0, 89, 74, 90, 1457, 11, 22, 44, 33, 77, 55, 54, 78, 88, 35, 21, 0, 89, 74, 90, 1457, 11, 22, 44, 33, 77, 55, 54, 78, 88, 35, 21, 0, 89, 74, 90, 1457, 11, 22, 44, 33, 77, 55, 54, 78, 88, 35, 21, 0, 89, 74, 90, 1457, 11, 22, 44, 33, 77, 55, 54, 78, 88, 35, 21, 0, 89, 74, 90, 1457, 11, 22, 44, 33, 77, 55, 54, 78, 88, 35, 21, 0, 89, 74, 90, 1457, 11, 22, 44, 33, 77, 55, 54, 78, 88, 35, 21, 0, 89, 74, 90, 1457, 11, 22, 44, 33, 77, 55, 54, 78, 88, 35, 21, 0, 89, 74, 90, 1457, 11, 22, 44, 33, 77, 55, 54, 78, 88, 35, 21, 0, 89, 74, 90, 1457, 11, 22, 44, 33, 77, 55, 54, 78, 88, 35, 21, 0, 89, 74, 90, 1457, 11, 22, 44, 33, 77, 55, 54, 78, 88, 35, 21, 0, 89, 74, 90, 1457, 11, 22, 44, 33, 77, 55, 54, 78, 88, 35, 21, 0, 89, 74, 90, 1457, 11, 22, 44, 33, 77, 55, 54, 78, 88, 35, 21, 0, 89, 74, 90, 1457] == [0, 21, 33, 44, 54, 77, 55, 78, 11, 22, 35, 88, 74, 89, 90, 1457]?

check_consistency
Testing test10...

test_result == expected_output
[11, 22, 44, 33, 77, 55, 54, 78, 88, 35, 21, 0, 89, 74, 90, 1457, 11, 22, 44, 33, 77, 55, 54, 78, 88, 35, 21, 0, 89, 74, 90, 1457, 11, 22, 44, 33, 77, 55, 54, 78, 88, 35, 21, 0, 89, 74, 90, 1457, 11, 22, 44, 33, 77, 55, 54, 78, 88, 35, 21, 0, 89, 74, 90, 1457, 11, 22, 44, 33, 77, 55, 54, 78, 88, 35, 21, 0, 89, 74, 90, 1457, 11, 22, 44, 33, 77, 55, 54, 78, 88, 35, 21, 0, 89, 74, 90, 1457, 11, 22, 44, 33, 77, 55, 54, 78, 88, 35, 21, 0, 89, 74, 90, 1457, 11, 22, 44, 33, 77, 55, 54, 78, 88, 35, 21, 0, 89, 74, 90, 1457, 11, 22, 44, 33, 77, 55, 54, 78, 88, 35, 21, 0, 89, 74, 90, 1457, 11, 22, 44, 33, 77, 55, 54, 78, 88, 35, 21, 0, 89, 74, 90, 1457, 11, 22, 44, 33, 77, 55, 54, 78, 88, 35, 21, 0, 89, 74, 90, 1457, 11, 22, 44, 33, 77, 55, 54, 78, 88, 35, 21, 0, 89, 74, 90, 1457, 11, 22, 44, 33, 77, 55, 54, 78, 88, 35, 21, 0, 89, 74, 90, 1457, 11, 22, 44, 33, 77, 55, 54, 78, 88, 35, 21, 0, 89, 74, 90, 1457, 11, 22, 44, 33, 77, 55, 54, 78, 88, 35, 21, 0, 89, 74, 90, 1457, 11, 22, 44, 33, 77, 55, 54, 78, 88, 35, 21, 0, 89, 74, 90, 1457] == [11, 22, 33, 44, 54, 77, 55, 78, 0, 21, 35, 88, 74, 89, 90, 1457]?

check_consistency
Testing test11...

test_result == expected_output
[1457, 22, 44, 33, 77, 55, 54, 78, 88, 35, 21, 0, 89, 74, 90, 1455, 1457, 22, 44, 33, 77, 55, 54, 78, 88, 35, 21, 0, 89, 74, 90, 1455, 1457, 22, 44, 33, 77, 55, 54, 78, 88, 35, 21, 0, 89, 74, 90, 1455, 1457, 22, 44, 33, 77, 55, 54, 78, 88, 35, 21, 0, 89, 74, 90, 1455, 1457, 22, 44, 33, 77, 55, 54, 78, 88, 35, 21, 0, 89, 74, 90, 1455, 1457, 22, 44, 33, 77, 55, 54, 78, 88, 35, 21, 0, 89, 74, 90, 1455, 1457, 22, 44, 33, 77, 55, 54, 78, 88, 35, 21, 0, 89, 74, 90, 1455, 1457, 22, 44, 33, 77, 55, 54, 78, 88, 35, 21, 0, 89, 74, 90, 1455, 1457, 22, 44, 33, 77, 55, 54, 78, 88, 35, 21, 0, 89, 74, 90, 1455, 1457, 22, 44, 33, 77, 55, 54, 78, 88, 35, 21, 0, 89, 74, 90, 1455, 1457, 22, 44, 33, 77, 55, 54, 78, 88, 35, 21, 0, 89, 74, 90, 1455, 1457, 22, 44, 33, 77, 55, 54, 78, 88, 35, 21, 0, 89, 74, 90, 1455, 1457, 22, 44, 33, 77, 55, 54, 78, 88, 35, 21, 0, 89, 74, 90, 1455, 1457, 22, 44, 33, 77, 55, 54, 78, 88, 35, 21, 0, 89, 74, 90, 1455, 1457, 22, 44, 33, 77, 55, 54, 78, 88, 35, 21, 0, 89, 74, 90, 1455, 1457, 22, 44, 33, 77, 55, 54, 78, 88, 35, 21, 0, 89, 74, 90, 1455] == [0, 21, 33, 78, 54, 77, 55, 1455, 22, 44, 35, 88, 74, 89, 90, 1457]?

check_consistency
Testing test12...

test_result == expected_output
[1457, 22, 44, 33, 77, 55, 54, 78, 88, 35, 21, 0, 89, 74, 90, 1455, 1457, 22, 44, 33, 77, 55, 54, 78, 88, 35, 21, 0, 89, 74, 90, 1455, 1457, 22, 44, 33, 77, 55, 54, 78, 88, 35, 21, 0, 89, 74, 90, 1455, 1457, 22, 44, 33, 77, 55, 54, 78, 88, 35, 21, 0, 89, 74, 90, 1455, 1457, 22, 44, 33, 77, 55, 54, 78, 88, 35, 21, 0, 89, 74, 90, 1455, 1457, 22, 44, 33, 77, 55, 54, 78, 88, 35, 21, 0, 89, 74, 90, 1455, 1457, 22, 44, 33, 77, 55, 54, 78, 88, 35, 21, 0, 89, 74, 90, 1455, 1457, 22, 44, 33, 77, 55, 54, 78, 88, 35, 21, 0, 89, 74, 90, 1455, 1457, 22, 44, 33, 77, 55, 54, 78, 88, 35, 21, 0, 89, 74, 90, 1455, 1457, 22, 44, 33, 77, 55, 54, 78, 88, 35, 21, 0, 89, 74, 90, 1455, 1457, 22, 44, 33, 77, 55, 54, 78, 88, 35, 21, 0, 89, 74, 90, 1455, 1457, 22, 44, 33, 77, 55, 54, 78, 88, 35, 21, 0, 89, 74, 90, 1455, 1457, 22, 44, 33, 77, 55, 54, 78, 88, 35, 21, 0, 89, 74, 90, 1455, 1457, 22, 44, 33, 77, 55, 54, 78, 88, 35, 21, 0, 89, 74, 90, 1455, 1457, 22, 44, 33, 77, 55, 54, 78, 88, 35, 21, 0, 89, 74, 90, 1455, 1457, 22, 44, 33, 77, 55, 54, 78, 88, 35, 21, 0, 89, 74, 90, 1455] == [22, 44, 33, 78, 54, 77, 55, 1457, 0, 21, 35, 88, 74, 89, 90, 1455]?

check_consistency
Testing test13...

                   test_result == expected_output
                   [1457, 7589, 22, 575, 33, 77, 55, 54, 78, 87588, 35, 7587, 0, 89, 74, 1455, 1457, 7589, 22, 575, 33, 77, 55, 54, 78, 87588, 35, 7587, 0, 89, 74, 1455, 1457, 7589, 22, 575, 33, 77, 55, 54, 78, 87588, 35, 7587, 0, 89, 74, 1455, 1457, 7589, 22, 575, 33, 77, 55, 54, 78, 87588, 35, 7587, 0, 89, 74, 1455, 1457, 7589, 22, 575, 33, 77, 55, 54, 78, 87588, 35, 7587, 0, 89, 74, 1455, 1457, 7589, 22, 575, 33, 77, 55, 54, 78, 87588, 35, 7587, 0, 89, 74, 1455, 1457, 7589, 22, 575, 33, 77, 55, 54, 78, 87588, 35, 7587, 0, 89, 74, 1455, 1457, 7589, 22, 575, 33, 77, 55, 54, 78, 87588, 35, 7587, 0, 89, 74, 1455, 1457, 7589, 22, 575, 33, 77, 55, 54, 78, 87588, 35, 7587, 0, 89, 74, 1455, 1457, 7589, 22, 575, 33, 77, 55, 54, 78, 87588, 35, 7587, 0, 89, 74, 1455, 1457, 7589, 22, 575, 33, 77, 55, 54, 78, 87588, 35, 7587, 0, 89, 74, 1455, 1457, 7589, 22, 575, 33, 77, 55, 54, 78, 87588, 35, 7587, 0, 89, 74, 1455, 1457, 7589, 22, 575, 33, 77, 55, 54, 78, 87588, 35, 7587, 0, 89, 74, 1455, 1457, 7589, 22, 575, 33, 77, 55, 54, 78, 87588, 35, 7587, 0, 89, 74, 1455, 1457, 7589, 22, 575, 33, 77, 55, 54, 78, 87588, 35, 7587, 0, 89, 74, 1455, 1457, 7589, 22, 575, 33, 77, 55, 54, 78, 87588, 35, 7587, 0, 89, 74, 1455] == [0, 55, 54, 77, 33, 575, 78, 7589, 22, 89, 74, 1455, 35, 7587, 1457, 87588]?
                   
check_consistency
Testing test14...

                   test_result == expected_output
                   [1457, 7589, 22, 575, 33, 77, 55, 54, 78, 87588, 35, 7587, 0, 89, 74, 1455, 1457, 7589, 22, 575, 33, 77, 55, 54, 78, 87588, 35, 7587, 0, 89, 74, 1455, 1457, 7589, 22, 575, 33, 77, 55, 54, 78, 87588, 35, 7587, 0, 89, 74, 1455, 1457, 7589, 22, 575, 33, 77, 55, 54, 78, 87588, 35, 7587, 0, 89, 74, 1455, 1457, 7589, 22, 575, 33, 77, 55, 54, 78, 87588, 35, 7587, 0, 89, 74, 1455, 1457, 7589, 22, 575, 33, 77, 55, 54, 78, 87588, 35, 7587, 0, 89, 74, 1455, 1457, 7589, 22, 575, 33, 77, 55, 54, 78, 87588, 35, 7587, 0, 89, 74, 1455, 1457, 7589, 22, 575, 33, 77, 55, 54, 78, 87588, 35, 7587, 0, 89, 74, 1455, 1457, 7589, 22, 575, 33, 77, 55, 54, 78, 87588, 35, 7587, 0, 89, 74, 1455, 1457, 7589, 22, 575, 33, 77, 55, 54, 78, 87588, 35, 7587, 0, 89, 74, 1455, 1457, 7589, 22, 575, 33, 77, 55, 54, 78, 87588, 35, 7587, 0, 89, 74, 1455, 1457, 7589, 22, 575, 33, 77, 55, 54, 78, 87588, 35, 7587, 0, 89, 74, 1455, 1457, 7589, 22, 575, 33, 77, 55, 54, 78, 87588, 35, 7587, 0, 89, 74, 1455, 1457, 7589, 22, 575, 33, 77, 55, 54, 78, 87588, 35, 7587, 0, 89, 74, 1455, 1457, 7589, 22, 575, 33, 77, 55, 54, 78, 87588, 35, 7587, 0, 89, 74, 1455, 1457, 7589, 22, 575, 33, 77, 55, 54, 78, 87588, 35, 7587, 0, 89, 74, 1455] == [22, 55, 54, 77, 33, 575, 1457, 7589, 0, 89, 74, 1455, 35, 7587, 78, 87588]?
                   
check_consistency
Testing test15...

                   test_result == expected_output
                   [1, 2, 3, 4, 5, 6, 7, 8, 9, 10, 11, 12, 13, 14, 15, 16, 1, 2, 3, 4, 5, 6, 7, 8, 9, 10, 11, 12, 13, 14, 15, 16, 1, 2, 3, 4, 5, 6, 7, 8, 9, 10, 11, 12, 13, 14, 15, 16, 1, 2, 3, 4, 5, 6, 7, 8, 9, 10, 11, 12, 13, 14, 15, 16, 1, 2, 3, 4, 5, 6, 7, 8, 9, 10, 11, 12, 13, 14, 15, 16, 1, 2, 3, 4, 5, 6, 7, 8, 9, 10, 11, 12, 13, 14, 15, 16, 1, 2, 3, 4, 5, 6, 7, 8, 9, 10, 11, 12, 13, 14, 15, 16, 1, 2, 3, 4, 5, 6, 7, 8, 9, 10, 11, 12, 13, 14, 15, 16, 1, 2, 3, 4, 5, 6, 7, 8, 9, 10, 11, 12, 13, 14, 15, 16, 1, 2, 3, 4, 5, 6, 7, 8, 9, 10, 11, 12, 13, 14, 15, 16, 1, 2, 3, 4, 5, 6, 7, 8, 9, 10, 11, 12, 13, 14, 15, 16, 1, 2, 3, 4, 5, 6, 7, 8, 9, 10, 11, 12, 13, 14, 15, 16, 1, 2, 3, 4, 5, 6, 7, 8, 9, 10, 11, 12, 13, 14, 15, 16, 1, 2, 3, 4, 5, 6, 7, 8, 9, 10, 11, 12, 13, 14, 15, 16, 1, 2, 3, 4, 5, 6, 7, 8, 9, 10, 11, 12, 13, 14, 15, 16, 1, 2, 3, 4, 5, 6, 7, 8, 9, 10, 11, 12, 13, 14, 15, 16] == [1, 2, 3, 4, 5, 6, 7, 8, 9, 10, 11, 12, 13, 14, 15, 16]?
                   
check_consistency

               The current test15 result is inconsistent with the previous test15 result.
               Previous Result: ('test15', ~PassedTest)
               Current Result: ('test15', ~FailedTest)
               
break for test inconsistency
Model Test Finished...
Previous Explanatory Power: 0.0526
Current Explanatory Power: 0.0
Exiting ModelTester

                        New Observations:
                        [('test1', ~FailedTest), ('test2', ~FailedTest), ('test3', ~FailedTest), ('test4', ~FailedTest), ('test5', ~FailedTest), ('test6', ~FailedTest), ('test7', ~FailedTest), ('test8', ~FailedTest), ('test9', ~FailedTest), ('test10', ~FailedTest), ('test11', ~FailedTest), ('test12', ~FailedTest), ('test13', ~FailedTest), ('test14', ~FailedTest), ('test15', ~FailedTest), ('UndefinedTest', ~FailedTest), ('UndefinedTest', ~FailedTest), ('UndefinedTest', ~FailedTest), ('UndefinedTest', ~FailedTest)]
                        Behavior Type:
                        Behavior.Worsened
                        

                        Testing Hypothesis 107.
                        Hypothesis: ('return (weights * a)', 22, 0)
                        
Init HyphotesisTester
Init ModelTester
Entering ModelTester
Starting Model Testing...
Testing test1...
check_consistency
Testing test2...
check_consistency
Testing test3...
check_consistency
Testing test4...
check_consistency
Testing test5...
check_consistency
Testing test6...
check_consistency
Testing test7...
check_consistency
Testing test8...
check_consistency
Testing test9...
check_consistency
Testing test10...
check_consistency
Testing test11...
check_consistency
Testing test12...
check_consistency
Testing test13...
check_consistency
Testing test14...
check_consistency
Testing test15...
check_consistency

               The current test15 result is inconsistent with the previous test15 result.
               Previous Result: ('test15', ~PassedTest)
               Current Result: ('UndefinedTest', ~FailedTest)
               
break for test inconsistency
Model Test Finished...
Previous Explanatory Power: 0.0526
Current Explanatory Power: 0.0
Exiting ModelTester

                        New Observations:
                        [('UndefinedTest', ~FailedTest), ('UndefinedTest', ~FailedTest), ('UndefinedTest', ~FailedTest), ('UndefinedTest', ~FailedTest), ('UndefinedTest', ~FailedTest), ('UndefinedTest', ~FailedTest), ('UndefinedTest', ~FailedTest), ('UndefinedTest', ~FailedTest), ('UndefinedTest', ~FailedTest), ('UndefinedTest', ~FailedTest), ('UndefinedTest', ~FailedTest), ('UndefinedTest', ~FailedTest), ('UndefinedTest', ~FailedTest), ('UndefinedTest', ~FailedTest), ('UndefinedTest', ~FailedTest), ('UndefinedTest', ~FailedTest), ('UndefinedTest', ~FailedTest), ('UndefinedTest', ~FailedTest), ('UndefinedTest', ~FailedTest)]
                        Behavior Type:
                        Behavior.Worsened
                        

                        Testing Hypothesis 108.
                        Hypothesis: ('return (dire * a)', 22, 0)
                        
Init HyphotesisTester
Init ModelTester
Entering ModelTester
Starting Model Testing...
Testing test1...
check_consistency
Testing test2...
check_consistency
Testing test3...
check_consistency
Testing test4...
check_consistency
Testing test5...
check_consistency
Testing test6...
check_consistency
Testing test7...
check_consistency
Testing test8...
check_consistency
Testing test9...
check_consistency
Testing test10...
check_consistency
Testing test11...
check_consistency
Testing test12...
check_consistency
Testing test13...
check_consistency
Testing test14...
check_consistency
Testing test15...
check_consistency

               The current test15 result is inconsistent with the previous test15 result.
               Previous Result: ('test15', ~PassedTest)
               Current Result: ('UndefinedTest', ~FailedTest)
               
break for test inconsistency
Model Test Finished...
Previous Explanatory Power: 0.0526
Current Explanatory Power: 0.0
Exiting ModelTester

                        New Observations:
                        [('UndefinedTest', ~FailedTest), ('UndefinedTest', ~FailedTest), ('UndefinedTest', ~FailedTest), ('UndefinedTest', ~FailedTest), ('UndefinedTest', ~FailedTest), ('UndefinedTest', ~FailedTest), ('UndefinedTest', ~FailedTest), ('UndefinedTest', ~FailedTest), ('UndefinedTest', ~FailedTest), ('UndefinedTest', ~FailedTest), ('UndefinedTest', ~FailedTest), ('UndefinedTest', ~FailedTest), ('UndefinedTest', ~FailedTest), ('UndefinedTest', ~FailedTest), ('UndefinedTest', ~FailedTest), ('UndefinedTest', ~FailedTest), ('UndefinedTest', ~FailedTest), ('UndefinedTest', ~FailedTest), ('UndefinedTest', ~FailedTest)]
                        Behavior Type:
                        Behavior.Worsened
                        

                        Testing Hypothesis 109.
                        Hypothesis: ('return (j * a)', 22, 0)
                        
Init HyphotesisTester
Init ModelTester
Entering ModelTester
Starting Model Testing...
Testing test1...
check_consistency
Testing test2...
check_consistency
Testing test3...
check_consistency
Testing test4...
check_consistency
Testing test5...
check_consistency
Testing test6...

test_result == expected_output
[1457, 7589, 22, 575, 33, 77, 55, 54, 78, 87588, 35, 7587, 0, 89, 74, 1455, 1457, 7589, 22, 575, 33, 77, 55, 54, 78, 87588, 35, 7587, 0, 89, 74, 1455, 1457, 7589, 22, 575, 33, 77, 55, 54, 78, 87588, 35, 7587, 0, 89, 74, 1455, 1457, 7589, 22, 575, 33, 77, 55, 54, 78, 87588, 35, 7587, 0, 89, 74, 1455, 1457, 7589, 22, 575, 33, 77, 55, 54, 78, 87588, 35, 7587, 0, 89, 74, 1455, 1457, 7589, 22, 575, 33, 77, 55, 54, 78, 87588, 35, 7587, 0, 89, 74, 1455, 1457, 7589, 22, 575, 33, 77, 55, 54, 78, 87588, 35, 7587, 0, 89, 74, 1455, 1457, 7589, 22, 575, 33, 77, 55, 54, 78, 87588, 35, 7587, 0, 89, 74, 1455, 1457, 7589, 22, 575, 33, 77, 55, 54, 78, 87588, 35, 7587, 0, 89, 74, 1455, 1457, 7589, 22, 575, 33, 77, 55, 54, 78, 87588, 35, 7587, 0, 89, 74, 1455, 1457, 7589, 22, 575, 33, 77, 55, 54, 78, 87588, 35, 7587, 0, 89, 74, 1455, 1457, 7589, 22, 575, 33, 77, 55, 54, 78, 87588, 35, 7587, 0, 89, 74, 1455, 1457, 7589, 22, 575, 33, 77, 55, 54, 78, 87588, 35, 7587, 0, 89, 74, 1455, 1457, 7589, 22, 575, 33, 77, 55, 54, 78, 87588, 35, 7587, 0, 89, 74, 1455, 1457, 7589, 22, 575, 33, 77, 55, 54, 78, 87588, 35, 7587, 0, 89, 74, 1455, 1457, 7589, 22, 575, 33, 77, 55, 54, 78, 87588, 35, 7587, 0, 89, 74, 1455] == [0, 55, 54, 77, 33, 575, 78, 7589, 22, 89, 74, 1455, 35, 7587, 1457, 87588]?

check_consistency
Testing test14...

test_result == expected_output
[1457, 7589, 22, 575, 33, 77, 55, 54, 78, 87588, 35, 7587, 0, 89, 74, 1455, 1457, 7589, 22, 575, 33, 77, 55, 54, 78, 87588, 35, 7587, 0, 89, 74, 1455, 1457, 7589, 22, 575, 33, 77, 55, 54, 78, 87588, 35, 7587, 0, 89, 74, 1455, 1457, 7589, 22, 575, 33, 77, 55, 54, 78, 87588, 35, 7587, 0, 89, 74, 1455, 1457, 7589, 22, 575, 33, 77, 55, 54, 78, 87588, 35, 7587, 0, 89, 74, 1455, 1457, 7589, 22, 575, 33, 77, 55, 54, 78, 87588, 35, 7587, 0, 89, 74, 1455, 1457, 7589, 22, 575, 33, 77, 55, 54, 78, 87588, 35, 7587, 0, 89, 74, 1455, 1457, 7589, 22, 575, 33, 77, 55, 54, 78, 87588, 35, 7587, 0, 89, 74, 1455, 1457, 7589, 22, 575, 33, 77, 55, 54, 78, 87588, 35, 7587, 0, 89, 74, 1455, 1457, 7589, 22, 575, 33, 77, 55, 54, 78, 87588, 35, 7587, 0, 89, 74, 1455, 1457, 7589, 22, 575, 33, 77, 55, 54, 78, 87588, 35, 7587, 0, 89, 74, 1455, 1457, 7589, 22, 575, 33, 77, 55, 54, 78, 87588, 35, 7587, 0, 89, 74, 1455, 1457, 7589, 22, 575, 33, 77, 55, 54, 78, 87588, 35, 7587, 0, 89, 74, 1455, 1457, 7589, 22, 575, 33, 77, 55, 54, 78, 87588, 35, 7587, 0, 89, 74, 1455, 1457, 7589, 22, 575, 33, 77, 55, 54, 78, 87588, 35, 7587, 0, 89, 74, 1455, 1457, 7589, 22, 575, 33, 77, 55, 54, 78, 87588, 35, 7587, 0, 89, 74, 1455] == [22, 55, 54, 77, 33, 575, 1457, 7589, 0, 89, 74, 1455, 35, 7587, 78, 87588]?

check_consistency
Testing test15...

test_result == expected_output
[1, 2, 3, 4, 5, 6, 7, 8, 9, 10, 11, 12, 13, 14, 15, 16, 1, 2, 3, 4, 5, 6, 7, 8, 9, 10, 11, 12, 13, 14, 15, 16, 1, 2, 3, 4, 5, 6, 7, 8, 9, 10, 11, 12, 13, 14, 15, 16, 1, 2, 3, 4, 5, 6, 7, 8, 9, 10, 11, 12, 13, 14, 15, 16, 1, 2, 3, 4, 5, 6, 7, 8, 9, 10, 11, 12, 13, 14, 15, 16, 1, 2, 3, 4, 5, 6, 7, 8, 9, 10, 11, 12, 13, 14, 15, 16, 1, 2, 3, 4, 5, 6, 7, 8, 9, 10, 11, 12, 13, 14, 15, 16, 1, 2, 3, 4, 5, 6, 7, 8, 9, 10, 11, 12, 13, 14, 15, 16, 1, 2, 3, 4, 5, 6, 7, 8, 9, 10, 11, 12, 13, 14, 15, 16, 1, 2, 3, 4, 5, 6, 7, 8, 9, 10, 11, 12, 13, 14, 15, 16, 1, 2, 3, 4, 5, 6, 7, 8, 9, 10, 11, 12, 13, 14, 15, 16, 1, 2, 3, 4, 5, 6, 7, 8, 9, 10, 11, 12, 13, 14, 15, 16, 1, 2, 3, 4, 5, 6, 7, 8, 9, 10, 11, 12, 13, 14, 15, 16, 1, 2, 3, 4, 5, 6, 7, 8, 9, 10, 11, 12, 13, 14, 15, 16, 1, 2, 3, 4, 5, 6, 7, 8, 9, 10, 11, 12, 13, 14, 15, 16, 1, 2, 3, 4, 5, 6, 7, 8, 9, 10, 11, 12, 13, 14, 15, 16] == [1, 2, 3, 4, 5, 6, 7, 8, 9, 10, 11, 12, 13, 14, 15, 16]?

check_consistency

The current test15 result is inconsistent with the previous test15 result.
Previous Result: ('test15', ~PassedTest)
Current Result: ('test15', ~FailedTest)

break for test inconsistency
Model Test Finished...
Previous Explanatory Power: 0.0526
Current Explanatory Power: 0.0
Exiting ModelTester

New Observations:
[('test1', ~FailedTest), ('test2', ~FailedTest), ('test3', ~FailedTest), ('test4', ~FailedTest), ('test5', ~FailedTest), ('test6', ~FailedTest), ('test7', ~FailedTest), ('test8', ~FailedTest), ('test9', ~FailedTest), ('test10', ~FailedTest), ('test11', ~FailedTest), ('test12', ~FailedTest), ('test13', ~FailedTest), ('test14', ~FailedTest), ('test15', ~FailedTest), ('UndefinedTest', ~FailedTest), ('UndefinedTest', ~FailedTest), ('UndefinedTest', ~FailedTest), ('UndefinedTest', ~FailedTest)]
Behavior Type:
Behavior.Worsened


Testing Hypothesis 107.
Hypothesis: ('return (weights * a)', 22, 0)

Init HyphotesisTester
Init ModelTester
Entering ModelTester
Starting Model Testing...
Testing test1...
check_consistency
Testing test2...
check_consistency
Testing test3...
check_consistency
Testing test4...
check_consistency
Testing test5...
check_consistency
Testing test6...
check_consistency
Testing test7...
check_consistency
Testing test8...
check_consistency
Testing test9...
check_consistency
Testing test10...
check_consistency
Testing test11...
check_consistency
Testing test12...
check_consistency
Testing test13...
check_consistency
Testing test14...
check_consistency
Testing test15...
check_consistency

The current test15 result is inconsistent with the previous test15 result.
Previous Result: ('test15', ~PassedTest)
Current Result: ('UndefinedTest', ~FailedTest)

break for test inconsistency
Model Test Finished...
Previous Explanatory Power: 0.0526
Current Explanatory Power: 0.0
Exiting ModelTester

New Observations:
[('UndefinedTest', ~FailedTest), ('UndefinedTest', ~FailedTest), ('UndefinedTest', ~FailedTest), ('UndefinedTest', ~FailedTest), ('UndefinedTest', ~FailedTest), ('UndefinedTest', ~FailedTest), ('UndefinedTest', ~FailedTest), ('UndefinedTest', ~FailedTest), ('UndefinedTest', ~FailedTest), ('UndefinedTest', ~FailedTest), ('UndefinedTest', ~FailedTest), ('UndefinedTest', ~FailedTest), ('UndefinedTest', ~FailedTest), ('UndefinedTest', ~FailedTest), ('UndefinedTest', ~FailedTest), ('UndefinedTest', ~FailedTest), ('UndefinedTest', ~FailedTest), ('UndefinedTest', ~FailedTest), ('UndefinedTest', ~FailedTest)]
Behavior Type:
Behavior.Worsened


Testing Hypothesis 108.
Hypothesis: ('return (dire * a)', 22, 0)

Init HyphotesisTester
Init ModelTester
Entering ModelTester
Starting Model Testing...
Testing test1...
check_consistency
Testing test2...
check_consistency
Testing test3...
check_consistency
Testing test4...
check_consistency
Testing test5...
check_consistency
Testing test6...
check_consistency
Testing test7...
check_consistency
Testing test8...
check_consistency
Testing test9...
check_consistency
Testing test10...
check_consistency
Testing test11...
check_consistency
Testing test12...
check_consistency
Testing test13...
check_consistency
Testing test14...
check_consistency
Testing test15...
check_consistency

The current test15 result is inconsistent with the previous test15 result.
Previous Result: ('test15', ~PassedTest)
Current Result: ('UndefinedTest', ~FailedTest)

break for test inconsistency
Model Test Finished...
Previous Explanatory Power: 0.0526
Current Explanatory Power: 0.0
Exiting ModelTester

New Observations:
[('UndefinedTest', ~FailedTest), ('UndefinedTest', ~FailedTest), ('UndefinedTest', ~FailedTest), ('UndefinedTest', ~FailedTest), ('UndefinedTest', ~FailedTest), ('UndefinedTest', ~FailedTest), ('UndefinedTest', ~FailedTest), ('UndefinedTest', ~FailedTest), ('UndefinedTest', ~FailedTest), ('UndefinedTest', ~FailedTest), ('UndefinedTest', ~FailedTest), ('UndefinedTest', ~FailedTest), ('UndefinedTest', ~FailedTest), ('UndefinedTest', ~FailedTest), ('UndefinedTest', ~FailedTest), ('UndefinedTest', ~FailedTest), ('UndefinedTest', ~FailedTest), ('UndefinedTest', ~FailedTest), ('UndefinedTest', ~FailedTest)]
Behavior Type:
Behavior.Worsened


Testing Hypothesis 109.
Hypothesis: ('return (j * a)', 22, 0)

Init HyphotesisTester
Init ModelTester
Entering ModelTester
Starting Model Testing...
Testing test1...
check_consistency
Testing test2...
check_consistency
Testing test3...
check_consistency
Testing test4...
check_consistency
Testing test5...
check_consistency
Testing test6...
check_consistency
Testing test7...
check_consistency
Testing test8...
check_consistency
Testing test9...
check_consistency
Testing test10...
check_consistency
Testing test11...
check_consistency
Testing test12...
check_consistency
Testing test13...
check_consistency
Testing test14...
check_consistency
Testing test15...
check_consistency

               The current test15 result is inconsistent with the previous test15 result.
               Previous Result: ('test15', ~PassedTest)
               Current Result: ('UndefinedTest', ~FailedTest)
               
break for test inconsistency
Model Test Finished...
Previous Explanatory Power: 0.0526
Current Explanatory Power: 0.0
Exiting ModelTester

                        New Observations:
                        [('UndefinedTest', ~FailedTest), ('UndefinedTest', ~FailedTest), ('UndefinedTest', ~FailedTest), ('UndefinedTest', ~FailedTest), ('UndefinedTest', ~FailedTest), ('UndefinedTest', ~FailedTest), ('UndefinedTest', ~FailedTest), ('UndefinedTest', ~FailedTest), ('UndefinedTest', ~FailedTest), ('UndefinedTest', ~FailedTest), ('UndefinedTest', ~FailedTest), ('UndefinedTest', ~FailedTest), ('UndefinedTest', ~FailedTest), ('UndefinedTest', ~FailedTest), ('UndefinedTest', ~FailedTest), ('UndefinedTest', ~FailedTest), ('UndefinedTest', ~FailedTest), ('UndefinedTest', ~FailedTest), ('UndefinedTest', ~FailedTest)]
                        Behavior Type:
                        Behavior.Worsened
                        

                        Testing Hypothesis 110.
                        Hypothesis: ('return (i * a)', 22, 0)
                        
Init HyphotesisTester
Init ModelTester
Entering ModelTester
Starting Model Testing...
Testing test1...
check_consistency
Testing test2...
check_consistency
Testing test3...
check_consistency
Testing test4...
check_consistency
Testing test5...
check_consistency
Testing test6...
check_consistency
Testing test7...
check_consistency
Testing test8...
check_consistency
Testing test9...
check_consistency
Testing test10...
check_consistency
Testing test11...
check_consistency
Testing test12...
check_consistency
Testing test13...
check_consistency
Testing test14...
check_consistency
Testing test15...
check_consistency

               The current test15 result is inconsistent with the previous test15 result.
               Previous Result: ('test15', ~PassedTest)
               Current Result: ('UndefinedTest', ~FailedTest)
               
break for test inconsistency
Model Test Finished...
Previous Explanatory Power: 0.0526
Current Explanatory Power: 0.0
Exiting ModelTester

                        New Observations:
                        [('UndefinedTest', ~FailedTest), ('UndefinedTest', ~FailedTest), ('UndefinedTest', ~FailedTest), ('UndefinedTest', ~FailedTest), ('UndefinedTest', ~FailedTest), ('UndefinedTest', ~FailedTest), ('UndefinedTest', ~FailedTest), ('UndefinedTest', ~FailedTest), ('UndefinedTest', ~FailedTest), ('UndefinedTest', ~FailedTest), ('UndefinedTest', ~FailedTest), ('UndefinedTest', ~FailedTest), ('UndefinedTest', ~FailedTest), ('UndefinedTest', ~FailedTest), ('UndefinedTest', ~FailedTest), ('UndefinedTest', ~FailedTest), ('UndefinedTest', ~FailedTest), ('UndefinedTest', ~FailedTest), ('UndefinedTest', ~FailedTest)]
                        Behavior Type:
                        Behavior.Worsened
                        

                        Testing Hypothesis 111.
                        Hypothesis: ('return (bitonicMerge * a)', 22, 0)
                        
Init HyphotesisTester
Init ModelTester
Entering ModelTester
Starting Model Testing...
Testing test1...
check_consistency
Testing test2...
check_consistency
Testing test3...
check_consistency
Testing test4...
check_consistency
Testing test5...
check_consistency
Testing test6...
check_consistency
Testing test7...
check_consistency
Testing test8...
check_consistency
Testing test9...
check_consistency
Testing test10...
check_consistency
Testing test11...
check_consistency
Testing test12...
check_consistency
Testing test13...
check_consistency
Testing test14...
check_consistency
Testing test15...
check_consistency

               The current test15 result is inconsistent with the previous test15 result.
               Previous Result: ('test15', ~PassedTest)
               Current Result: ('UndefinedTest', ~FailedTest)
               
break for test inconsistency
Model Test Finished...
Previous Explanatory Power: 0.0526
Current Explanatory Power: 0.0
Exiting ModelTester

                        New Observations:
                        [('UndefinedTest', ~FailedTest), ('UndefinedTest', ~FailedTest), ('UndefinedTest', ~FailedTest), ('UndefinedTest', ~FailedTest), ('UndefinedTest', ~FailedTest), ('UndefinedTest', ~FailedTest), ('UndefinedTest', ~FailedTest), ('UndefinedTest', ~FailedTest), ('UndefinedTest', ~FailedTest), ('UndefinedTest', ~FailedTest), ('UndefinedTest', ~FailedTest), ('UndefinedTest', ~FailedTest), ('UndefinedTest', ~FailedTest), ('UndefinedTest', ~FailedTest), ('UndefinedTest', ~FailedTest), ('UndefinedTest', ~FailedTest), ('UndefinedTest', ~FailedTest), ('UndefinedTest', ~FailedTest), ('UndefinedTest', ~FailedTest)]
                        Behavior Type:
                        Behavior.Worsened
                        

                        Testing Hypothesis 112.
                        Hypothesis: ('return (low * a)', 22, 0)
                        
Init HyphotesisTester
Init ModelTester
Entering ModelTester
Starting Model Testing...
Testing test1...
check_consistency
Testing test2...
check_consistency
Testing test3...
check_consistency
Testing test4...
check_consistency
Testing test5...
check_consistency
Testing test6...
check_consistency
Testing test7...
check_consistency
Testing test8...
check_consistency
Testing test9...
check_consistency
Testing test10...
check_consistency
Testing test11...
check_consistency
Testing test12...
check_consistency
Testing test13...
check_consistency
Testing test14...
check_consistency
Testing test15...
check_consistency

               The current test15 result is inconsistent with the previous test15 result.
               Previous Result: ('test15', ~PassedTest)
               Current Result: ('UndefinedTest', ~FailedTest)
               
break for test inconsistency
Model Test Finished...
Previous Explanatory Power: 0.0526
Current Explanatory Power: 0.0
Exiting ModelTester

                        New Observations:
                        [('UndefinedTest', ~FailedTest), ('UndefinedTest', ~FailedTest), ('UndefinedTest', ~FailedTest), ('UndefinedTest', ~FailedTest), ('UndefinedTest', ~FailedTest), ('UndefinedTest', ~FailedTest), ('UndefinedTest', ~FailedTest), ('UndefinedTest', ~FailedTest), ('UndefinedTest', ~FailedTest), ('UndefinedTest', ~FailedTest), ('UndefinedTest', ~FailedTest), ('UndefinedTest', ~FailedTest), ('UndefinedTest', ~FailedTest), ('UndefinedTest', ~FailedTest), ('UndefinedTest', ~FailedTest), ('UndefinedTest', ~FailedTest), ('UndefinedTest', ~FailedTest), ('UndefinedTest', ~FailedTest), ('UndefinedTest', ~FailedTest)]
                        Behavior Type:
                        Behavior.Worsened
                        

                        Testing Hypothesis 113.
                        Hypothesis: ('return (cnt * a)', 22, 0)
                        
Init HyphotesisTester
Init ModelTester
Entering ModelTester
Starting Model Testing...
Testing test1...
check_consistency
Testing test2...
check_consistency
Testing test3...
check_consistency
Testing test4...
check_consistency
Testing test5...
check_consistency
Testing test6...
check_consistency
Testing test7...
check_consistency
Testing test8...
check_consistency
Testing test9...
check_consistency
Testing test10...
check_consistency
Testing test11...
check_consistency
Testing test12...
check_consistency
Testing test13...
check_consistency
Testing test14...
check_consistency
Testing test15...
check_consistency

               The current test15 result is inconsistent with the previous test15 result.
               Previous Result: ('test15', ~PassedTest)
               Current Result: ('UndefinedTest', ~FailedTest)
               
break for test inconsistency
Model Test Finished...
Previous Explanatory Power: 0.0526
Current Explanatory Power: 0.0
Exiting ModelTester

                        New Observations:
                        [('UndefinedTest', ~FailedTest), ('UndefinedTest', ~FailedTest), ('UndefinedTest', ~FailedTest), ('UndefinedTest', ~FailedTest), ('UndefinedTest', ~FailedTest), ('UndefinedTest', ~FailedTest), ('UndefinedTest', ~FailedTest), ('UndefinedTest', ~FailedTest), ('UndefinedTest', ~FailedTest), ('UndefinedTest', ~FailedTest), ('UndefinedTest', ~FailedTest), ('UndefinedTest', ~FailedTest), ('UndefinedTest', ~FailedTest), ('UndefinedTest', ~FailedTest), ('UndefinedTest', ~FailedTest), ('UndefinedTest', ~FailedTest), ('UndefinedTest', ~FailedTest), ('UndefinedTest', ~FailedTest), ('UndefinedTest', ~FailedTest)]
                        Behavior Type:
                        Behavior.Worsened
                        

                        Testing Hypothesis 114.
                        Hypothesis: ('return (value * a)', 22, 0)
                        
Init HyphotesisTester
Init ModelTester
Entering ModelTester
Starting Model Testing...
Testing test1...
check_consistency
Testing test2...
check_consistency
Testing test3...
check_consistency
Testing test4...
check_consistency
Testing test7...
check_consistency
Testing test8...
check_consistency
Testing test9...
check_consistency
Testing test10...
check_consistency
Testing test11...
check_consistency
Testing test12...
check_consistency
Testing test13...
check_consistency
Testing test14...
check_consistency
Testing test15...
check_consistency

The current test15 result is inconsistent with the previous test15 result.
Previous Result: ('test15', ~PassedTest)
Current Result: ('UndefinedTest', ~FailedTest)

break for test inconsistency
Model Test Finished...
Previous Explanatory Power: 0.0526
Current Explanatory Power: 0.0
Exiting ModelTester

New Observations:
[('UndefinedTest', ~FailedTest), ('UndefinedTest', ~FailedTest), ('UndefinedTest', ~FailedTest), ('UndefinedTest', ~FailedTest), ('UndefinedTest', ~FailedTest), ('UndefinedTest', ~FailedTest), ('UndefinedTest', ~FailedTest), ('UndefinedTest', ~FailedTest), ('UndefinedTest', ~FailedTest), ('UndefinedTest', ~FailedTest), ('UndefinedTest', ~FailedTest), ('UndefinedTest', ~FailedTest), ('UndefinedTest', ~FailedTest), ('UndefinedTest', ~FailedTest), ('UndefinedTest', ~FailedTest), ('UndefinedTest', ~FailedTest), ('UndefinedTest', ~FailedTest), ('UndefinedTest', ~FailedTest), ('UndefinedTest', ~FailedTest)]
Behavior Type:
Behavior.Worsened


Testing Hypothesis 110.
Hypothesis: ('return (i * a)', 22, 0)

Init HyphotesisTester
Init ModelTester
Entering ModelTester
Starting Model Testing...
Testing test1...
check_consistency
Testing test2...
check_consistency
Testing test3...
check_consistency
Testing test4...
check_consistency
Testing test5...
check_consistency
Testing test6...
check_consistency
Testing test7...
check_consistency
Testing test8...
check_consistency
Testing test9...
check_consistency
Testing test10...
check_consistency
Testing test11...
check_consistency
Testing test12...
check_consistency
Testing test13...
check_consistency
Testing test14...
check_consistency
Testing test15...
check_consistency

The current test15 result is inconsistent with the previous test15 result.
Previous Result: ('test15', ~PassedTest)
Current Result: ('UndefinedTest', ~FailedTest)

break for test inconsistency
Model Test Finished...
Previous Explanatory Power: 0.0526
Current Explanatory Power: 0.0
Exiting ModelTester

New Observations:
[('UndefinedTest', ~FailedTest), ('UndefinedTest', ~FailedTest), ('UndefinedTest', ~FailedTest), ('UndefinedTest', ~FailedTest), ('UndefinedTest', ~FailedTest), ('UndefinedTest', ~FailedTest), ('UndefinedTest', ~FailedTest), ('UndefinedTest', ~FailedTest), ('UndefinedTest', ~FailedTest), ('UndefinedTest', ~FailedTest), ('UndefinedTest', ~FailedTest), ('UndefinedTest', ~FailedTest), ('UndefinedTest', ~FailedTest), ('UndefinedTest', ~FailedTest), ('UndefinedTest', ~FailedTest), ('UndefinedTest', ~FailedTest), ('UndefinedTest', ~FailedTest), ('UndefinedTest', ~FailedTest), ('UndefinedTest', ~FailedTest)]
Behavior Type:
Behavior.Worsened


Testing Hypothesis 111.
Hypothesis: ('return (bitonicMerge * a)', 22, 0)

Init HyphotesisTester
Init ModelTester
Entering ModelTester
Starting Model Testing...
Testing test1...
check_consistency
Testing test2...
check_consistency
Testing test3...
check_consistency
Testing test4...
check_consistency
Testing test5...
check_consistency
Testing test6...
check_consistency
Testing test7...
check_consistency
Testing test8...
check_consistency
Testing test9...
check_consistency
Testing test10...
check_consistency
Testing test11...
check_consistency
Testing test12...
check_consistency
Testing test13...
check_consistency
Testing test14...
check_consistency
Testing test15...
check_consistency

The current test15 result is inconsistent with the previous test15 result.
Previous Result: ('test15', ~PassedTest)
Current Result: ('UndefinedTest', ~FailedTest)

break for test inconsistency
Model Test Finished...
Previous Explanatory Power: 0.0526
Current Explanatory Power: 0.0
Exiting ModelTester

New Observations:
[('UndefinedTest', ~FailedTest), ('UndefinedTest', ~FailedTest), ('UndefinedTest', ~FailedTest), ('UndefinedTest', ~FailedTest), ('UndefinedTest', ~FailedTest), ('UndefinedTest', ~FailedTest), ('UndefinedTest', ~FailedTest), ('UndefinedTest', ~FailedTest), ('UndefinedTest', ~FailedTest), ('UndefinedTest', ~FailedTest), ('UndefinedTest', ~FailedTest), ('UndefinedTest', ~FailedTest), ('UndefinedTest', ~FailedTest), ('UndefinedTest', ~FailedTest), ('UndefinedTest', ~FailedTest), ('UndefinedTest', ~FailedTest), ('UndefinedTest', ~FailedTest), ('UndefinedTest', ~FailedTest), ('UndefinedTest', ~FailedTest)]
Behavior Type:
Behavior.Worsened


Testing Hypothesis 112.
Hypothesis: ('return (low * a)', 22, 0)

Init HyphotesisTester
Init ModelTester
Entering ModelTester
Starting Model Testing...
Testing test1...
check_consistency
Testing test2...
check_consistency
Testing test3...
check_consistency
Testing test4...
check_consistency
Testing test5...
check_consistency
Testing test6...
check_consistency
Testing test7...
check_consistency
Testing test8...
check_consistency
Testing test9...
check_consistency
Testing test10...
check_consistency
Testing test11...
check_consistency
Testing test12...
check_consistency
Testing test13...
check_consistency
Testing test14...
check_consistency
Testing test15...
check_consistency

The current test15 result is inconsistent with the previous test15 result.
Previous Result: ('test15', ~PassedTest)
Current Result: ('UndefinedTest', ~FailedTest)

break for test inconsistency
Model Test Finished...
Previous Explanatory Power: 0.0526
Current Explanatory Power: 0.0
Exiting ModelTester

New Observations:
[('UndefinedTest', ~FailedTest), ('UndefinedTest', ~FailedTest), ('UndefinedTest', ~FailedTest), ('UndefinedTest', ~FailedTest), ('UndefinedTest', ~FailedTest), ('UndefinedTest', ~FailedTest), ('UndefinedTest', ~FailedTest), ('UndefinedTest', ~FailedTest), ('UndefinedTest', ~FailedTest), ('UndefinedTest', ~FailedTest), ('UndefinedTest', ~FailedTest), ('UndefinedTest', ~FailedTest), ('UndefinedTest', ~FailedTest), ('UndefinedTest', ~FailedTest), ('UndefinedTest', ~FailedTest), ('UndefinedTest', ~FailedTest), ('UndefinedTest', ~FailedTest), ('UndefinedTest', ~FailedTest), ('UndefinedTest', ~FailedTest)]
Behavior Type:
Behavior.Worsened


Testing Hypothesis 113.
Hypothesis: ('return (cnt * a)', 22, 0)

Init HyphotesisTester
Init ModelTester
Entering ModelTester
Starting Model Testing...
Testing test1...
check_consistency
Testing test2...
check_consistency
Testing test3...
check_consistency
Testing test4...
check_consistency
Testing test5...
check_consistency
Testing test6...
check_consistency
Testing test7...
check_consistency
Testing test8...
check_consistency
Testing test9...
check_consistency
Testing test10...
check_consistency
Testing test11...
check_consistency
Testing test12...
check_consistency
Testing test13...
check_consistency
Testing test14...
check_consistency
Testing test15...
check_consistency

The current test15 result is inconsistent with the previous test15 result.
Previous Result: ('test15', ~PassedTest)
Current Result: ('UndefinedTest', ~FailedTest)

break for test inconsistency
Model Test Finished...
Previous Explanatory Power: 0.0526
Current Explanatory Power: 0.0
Exiting ModelTester

New Observations:
[('UndefinedTest', ~FailedTest), ('UndefinedTest', ~FailedTest), ('UndefinedTest', ~FailedTest), ('UndefinedTest', ~FailedTest), ('UndefinedTest', ~FailedTest), ('UndefinedTest', ~FailedTest), ('UndefinedTest', ~FailedTest), ('UndefinedTest', ~FailedTest), ('UndefinedTest', ~FailedTest), ('UndefinedTest', ~FailedTest), ('UndefinedTest', ~FailedTest), ('UndefinedTest', ~FailedTest), ('UndefinedTest', ~FailedTest), ('UndefinedTest', ~FailedTest), ('UndefinedTest', ~FailedTest), ('UndefinedTest', ~FailedTest), ('UndefinedTest', ~FailedTest), ('UndefinedTest', ~FailedTest), ('UndefinedTest', ~FailedTest)]
Behavior Type:
Behavior.Worsened


Testing Hypothesis 114.
Hypothesis: ('return (value * a)', 22, 0)

Init HyphotesisTester
Init ModelTester
Entering ModelTester
Starting Model Testing...
Testing test1...
check_consistency
Testing test2...
check_consistency
Testing test3...
check_consistency
Testing test4...
check_consistency
Testing test5...
check_consistency
Testing test6...
check_consistency
Testing test7...
check_consistency
Testing test8...
check_consistency
Testing test9...
check_consistency
Testing test10...
check_consistency
Testing test11...
check_consistency
Testing test12...
check_consistency
Testing test13...
check_consistency
Testing test14...
check_consistency
Testing test15...
check_consistency

               The current test15 result is inconsistent with the previous test15 result.
               Previous Result: ('test15', ~PassedTest)
               Current Result: ('UndefinedTest', ~FailedTest)
               
break for test inconsistency
Model Test Finished...
Previous Explanatory Power: 0.0526
Current Explanatory Power: 0.0
Exiting ModelTester

                        New Observations:
                        [('UndefinedTest', ~FailedTest), ('UndefinedTest', ~FailedTest), ('UndefinedTest', ~FailedTest), ('UndefinedTest', ~FailedTest), ('UndefinedTest', ~FailedTest), ('UndefinedTest', ~FailedTest), ('UndefinedTest', ~FailedTest), ('UndefinedTest', ~FailedTest), ('UndefinedTest', ~FailedTest), ('UndefinedTest', ~FailedTest), ('UndefinedTest', ~FailedTest), ('UndefinedTest', ~FailedTest), ('UndefinedTest', ~FailedTest), ('UndefinedTest', ~FailedTest), ('UndefinedTest', ~FailedTest), ('UndefinedTest', ~FailedTest), ('UndefinedTest', ~FailedTest), ('UndefinedTest', ~FailedTest), ('UndefinedTest', ~FailedTest)]
                        Behavior Type:
                        Behavior.Worsened
                        

                        Testing Hypothesis 115.
                        Hypothesis: ('return (a * a)', 22, 0)
                        
Init HyphotesisTester
Init ModelTester
Entering ModelTester
Starting Model Testing...
Testing test1...
check_consistency
Testing test2...
check_consistency
Testing test3...
check_consistency
Testing test4...
check_consistency
Testing test5...
check_consistency
Testing test6...
check_consistency
Testing test7...
check_consistency
Testing test8...
check_consistency
Testing test9...
check_consistency
Testing test10...
check_consistency
Testing test11...
check_consistency
Testing test12...
check_consistency
Testing test13...
check_consistency
Testing test14...
check_consistency
Testing test15...
check_consistency

               The current test15 result is inconsistent with the previous test15 result.
               Previous Result: ('test15', ~PassedTest)
               Current Result: ('UndefinedTest', ~FailedTest)
               
break for test inconsistency
Model Test Finished...
Previous Explanatory Power: 0.0526
Current Explanatory Power: 0.0
Exiting ModelTester

                        New Observations:
                        [('UndefinedTest', ~FailedTest), ('UndefinedTest', ~FailedTest), ('UndefinedTest', ~FailedTest), ('UndefinedTest', ~FailedTest), ('UndefinedTest', ~FailedTest), ('UndefinedTest', ~FailedTest), ('UndefinedTest', ~FailedTest), ('UndefinedTest', ~FailedTest), ('UndefinedTest', ~FailedTest), ('UndefinedTest', ~FailedTest), ('UndefinedTest', ~FailedTest), ('UndefinedTest', ~FailedTest), ('UndefinedTest', ~FailedTest), ('UndefinedTest', ~FailedTest), ('UndefinedTest', ~FailedTest), ('UndefinedTest', ~FailedTest), ('UndefinedTest', ~FailedTest), ('UndefinedTest', ~FailedTest), ('UndefinedTest', ~FailedTest)]
                        Behavior Type:
                        Behavior.Worsened
                        

                        Testing Hypothesis 116.
                        Hypothesis: ('return (up * a)', 22, 0)
                        
Init HyphotesisTester
Init ModelTester
Entering ModelTester
Starting Model Testing...
Testing test1...

                   test_result == expected_output
                   [3, 7, 4, 8, 6, 2, 1, 5] == [1, 5, 2, 6, 3, 7, 4, 8]?
                   
check_consistency
Testing test2...

                   test_result == expected_output
                   [3, 7, 4, 8, 6, 2, 1, 5, 3, 7, 4, 8, 6, 2, 1, 5] == [3, 7, 4, 8, 1, 5, 2, 6]?
                   
check_consistency
Testing test3...

                   test_result == expected_output
                   [31, 17, 44, 78, 86, 52, 71, 55] == [17, 31, 44, 78, 52, 71, 55, 86]?
                   
check_consistency
Testing test4...

                   test_result == expected_output
                   [31, 17, 44, 78, 86, 52, 71, 55, 31, 17, 44, 78, 86, 52, 71, 55] == [17, 31, 44, 78, 52, 71, 55, 86]?
                   
check_consistency
Testing test5...

                   test_result == expected_output
                   [108, 17, 15, 78] == [15, 78, 17, 108]?
                   
check_consistency
Testing test6...

                   test_result == expected_output
                   [108, 17, 15, 78, 108, 17, 15, 78] == [17, 108, 15, 78]?
                   
check_consistency
Testing test7...

                   test_result == expected_output
                   [6, 7, 55, 3, 108, 17, 15, 78, 108, 35, 21, 0, 800, 74, 90, 1457, 6, 7, 55, 3, 108, 17, 15, 78, 108, 35, 21, 0, 800, 74, 90, 1457] == [3, 7, 6, 55, 15, 78, 17, 108, 0, 21, 35, 108, 74, 800, 90, 1457]?
                   
check_consistency
Testing test8...

                   test_result == expected_output
                   [6, 7, 55, 3, 108, 17, 15, 78, 108, 35, 21, 0, 800, 74, 90, 1457] == [0, 7, 6, 55, 15, 78, 17, 108, 3, 21, 35, 108, 74, 800, 90, 1457]?
                   
check_consistency
Testing test9...

                   test_result == expected_output
                   [11, 22, 44, 33, 77, 55, 54, 78, 88, 35, 21, 0, 89, 74, 90, 1457] == [0, 21, 33, 44, 54, 77, 55, 78, 11, 22, 35, 88, 74, 89, 90, 1457]?
                   
check_consistency
Testing test10...

                   test_result == expected_output
                   [11, 22, 44, 33, 77, 55, 54, 78, 88, 35, 21, 0, 89, 74, 90, 1457, 11, 22, 44, 33, 77, 55, 54, 78, 88, 35, 21, 0, 89, 74, 90, 1457] == [11, 22, 33, 44, 54, 77, 55, 78, 0, 21, 35, 88, 74, 89, 90, 1457]?
                   
check_consistency
Testing test11...

                   test_result == expected_output
                   [1457, 22, 44, 33, 77, 55, 54, 78, 88, 35, 21, 0, 89, 74, 90, 1455] == [0, 21, 33, 78, 54, 77, 55, 1455, 22, 44, 35, 88, 74, 89, 90, 1457]?
                   
check_consistency
Testing test12...

                   test_result == expected_output
                   [1457, 22, 44, 33, 77, 55, 54, 78, 88, 35, 21, 0, 89, 74, 90, 1455, 1457, 22, 44, 33, 77, 55, 54, 78, 88, 35, 21, 0, 89, 74, 90, 1455] == [22, 44, 33, 78, 54, 77, 55, 1457, 0, 21, 35, 88, 74, 89, 90, 1455]?
                   
check_consistency
Testing test13...

                   test_result == expected_output
                   [1457, 7589, 22, 575, 33, 77, 55, 54, 78, 87588, 35, 7587, 0, 89, 74, 1455] == [0, 55, 54, 77, 33, 575, 78, 7589, 22, 89, 74, 1455, 35, 7587, 1457, 87588]?
                   
check_consistency
Testing test14...

                   test_result == expected_output
                   [1457, 7589, 22, 575, 33, 77, 55, 54, 78, 87588, 35, 7587, 0, 89, 74, 1455, 1457, 7589, 22, 575, 33, 77, 55, 54, 78, 87588, 35, 7587, 0, 89, 74, 1455] == [22, 55, 54, 77, 33, 575, 1457, 7589, 0, 89, 74, 1455, 35, 7587, 78, 87588]?
                   
check_consistency
Testing test15...

                   test_result == expected_output
                   [1, 2, 3, 4, 5, 6, 7, 8, 9, 10, 11, 12, 13, 14, 15, 16] == [1, 2, 3, 4, 5, 6, 7, 8, 9, 10, 11, 12, 13, 14, 15, 16]?
                   
Testing test16...

                   test_result == expected_output
                   [1, 2, 3, 4, 5, 6, 7, 8, 20, 10, 11, 12, 13, 14, 15, 16] == [1, 2, 3, 4, 5, 6, 7, 8, 10, 12, 11, 16, 13, 14, 15, 20]?
                   
check_consistency
Testing test17...

                   test_result == expected_output
                   [1, 2, 3, 4, 5, 6, 7, 8, 20, 10, 11, 12, 13, 14, 15, 16, 1, 2, 3, 4, 5, 6, 7, 8, 20, 10, 11, 12, 13, 14, 15, 16] == [1, 2, 3, 4, 5, 6, 7, 8, 10, 12, 11, 16, 13, 14, 15, 20]?
                   
check_consistency
Testing test18...

                   test_result == expected_output
                   [1457, 22, 44, 33, 77, 55, 54, 78, 88, 35, 21, 0, 89, 74, 90, 1455, 1457, 22, 44, 33, 77, 55, 54, 78, 88, 35, 21, 0, 89, 74, 90, 1455] == [0, 21, 33, 78, 54, 77, 55, 1455, 22, 44, 35, 88, 74, 89, 90, 1457, 0, 21, 33, 78, 54, 77, 55, 1455, 22, 44, 35, 88, 74, 89, 90, 1457]?
                   
check_consistency
Testing test19...

                   test_result == expected_output
                   [1457, 22, 44, 33, 77, 55, 54, 78, 88, 35, 21, 0, 89, 74, 90, 1455, 1457, 22, 44, 33, 77, 55, 54, 78, 88, 35, 21, 0, 89, 74, 90, 1455, 1457, 22, 44, 33, 77, 55, 54, 78, 88, 35, 21, 0, 89, 74, 90, 1455, 1457, 22, 44, 33, 77, 55, 54, 78, 88, 35, 21, 0, 89, 74, 90, 1455] == [0, 21, 33, 78, 54, 77, 55, 1455, 22, 44, 35, 88, 74, 89, 90, 1457, 0, 21, 33, 78, 54, 77, 55, 1455, 22, 44, 35, 88, 74, 89, 90, 1457]?
                   
check_consistency
Model Test Finished...
Previous Explanatory Power: 0.0526
Current Explanatory Power: 0.0526
Exiting ModelTester

                        New Observations:
                        [('test1', ~FailedTest), ('test2', ~FailedTest), ('test3', ~FailedTest), ('test4', ~FailedTest), ('test5', ~FailedTest), ('test6', ~FailedTest), ('test7', ~FailedTest), ('test8', ~FailedTest), ('test9', ~FailedTest), ('test10', ~FailedTest), ('test11', ~FailedTest), ('test12', ~FailedTest), ('test13', ~FailedTest), ('test14', ~FailedTest), ('test15', ~PassedTest), ('test16', ~FailedTest), ('test17', ~FailedTest), ('test18', ~FailedTest), ('test19', ~FailedTest)]
                        Behavior Type:
                        Behavior.Same
                        

                        Testing Hypothesis 117.
                        Hypothesis: ('return (compAndSwap * a)', 22, 0)
                        
Init HyphotesisTester
Init ModelTester
Entering ModelTester
Starting Model Testing...
Testing test1...
check_consistency
check_consistency
Testing test5...
check_consistency
Testing test6...
check_consistency
Testing test7...
check_consistency
Testing test8...
check_consistency
Testing test9...
check_consistency
Testing test10...
check_consistency
Testing test11...
check_consistency
Testing test12...
check_consistency
Testing test13...
check_consistency
Testing test14...
check_consistency
Testing test15...
check_consistency

The current test15 result is inconsistent with the previous test15 result.
Previous Result: ('test15', ~PassedTest)
Current Result: ('UndefinedTest', ~FailedTest)

break for test inconsistency
Model Test Finished...
Previous Explanatory Power: 0.0526
Current Explanatory Power: 0.0
Exiting ModelTester

New Observations:
[('UndefinedTest', ~FailedTest), ('UndefinedTest', ~FailedTest), ('UndefinedTest', ~FailedTest), ('UndefinedTest', ~FailedTest), ('UndefinedTest', ~FailedTest), ('UndefinedTest', ~FailedTest), ('UndefinedTest', ~FailedTest), ('UndefinedTest', ~FailedTest), ('UndefinedTest', ~FailedTest), ('UndefinedTest', ~FailedTest), ('UndefinedTest', ~FailedTest), ('UndefinedTest', ~FailedTest), ('UndefinedTest', ~FailedTest), ('UndefinedTest', ~FailedTest), ('UndefinedTest', ~FailedTest), ('UndefinedTest', ~FailedTest), ('UndefinedTest', ~FailedTest), ('UndefinedTest', ~FailedTest), ('UndefinedTest', ~FailedTest)]
Behavior Type:
Behavior.Worsened


Testing Hypothesis 115.
Hypothesis: ('return (a * a)', 22, 0)

Init HyphotesisTester
Init ModelTester
Entering ModelTester
Starting Model Testing...
Testing test1...
check_consistency
Testing test2...
check_consistency
Testing test3...
check_consistency
Testing test4...
check_consistency
Testing test5...
check_consistency
Testing test6...
check_consistency
Testing test7...
check_consistency
Testing test8...
check_consistency
Testing test9...
check_consistency
Testing test10...
check_consistency
Testing test11...
check_consistency
Testing test12...
check_consistency
Testing test13...
check_consistency
Testing test14...
check_consistency
Testing test15...
check_consistency

The current test15 result is inconsistent with the previous test15 result.
Previous Result: ('test15', ~PassedTest)
Current Result: ('UndefinedTest', ~FailedTest)

break for test inconsistency
Model Test Finished...
Previous Explanatory Power: 0.0526
Current Explanatory Power: 0.0
Exiting ModelTester

New Observations:
[('UndefinedTest', ~FailedTest), ('UndefinedTest', ~FailedTest), ('UndefinedTest', ~FailedTest), ('UndefinedTest', ~FailedTest), ('UndefinedTest', ~FailedTest), ('UndefinedTest', ~FailedTest), ('UndefinedTest', ~FailedTest), ('UndefinedTest', ~FailedTest), ('UndefinedTest', ~FailedTest), ('UndefinedTest', ~FailedTest), ('UndefinedTest', ~FailedTest), ('UndefinedTest', ~FailedTest), ('UndefinedTest', ~FailedTest), ('UndefinedTest', ~FailedTest), ('UndefinedTest', ~FailedTest), ('UndefinedTest', ~FailedTest), ('UndefinedTest', ~FailedTest), ('UndefinedTest', ~FailedTest), ('UndefinedTest', ~FailedTest)]
Behavior Type:
Behavior.Worsened


Testing Hypothesis 116.
Hypothesis: ('return (up * a)', 22, 0)

Init HyphotesisTester
Init ModelTester
Entering ModelTester
Starting Model Testing...
Testing test1...

test_result == expected_output
[3, 7, 4, 8, 6, 2, 1, 5] == [1, 5, 2, 6, 3, 7, 4, 8]?

check_consistency
Testing test2...

test_result == expected_output
[3, 7, 4, 8, 6, 2, 1, 5, 3, 7, 4, 8, 6, 2, 1, 5] == [3, 7, 4, 8, 1, 5, 2, 6]?

check_consistency
Testing test3...

test_result == expected_output
[31, 17, 44, 78, 86, 52, 71, 55] == [17, 31, 44, 78, 52, 71, 55, 86]?

check_consistency
Testing test4...

test_result == expected_output
[31, 17, 44, 78, 86, 52, 71, 55, 31, 17, 44, 78, 86, 52, 71, 55] == [17, 31, 44, 78, 52, 71, 55, 86]?

check_consistency
Testing test5...

test_result == expected_output
[108, 17, 15, 78] == [15, 78, 17, 108]?

check_consistency
Testing test6...

test_result == expected_output
[108, 17, 15, 78, 108, 17, 15, 78] == [17, 108, 15, 78]?

check_consistency
Testing test7...

test_result == expected_output
[6, 7, 55, 3, 108, 17, 15, 78, 108, 35, 21, 0, 800, 74, 90, 1457, 6, 7, 55, 3, 108, 17, 15, 78, 108, 35, 21, 0, 800, 74, 90, 1457] == [3, 7, 6, 55, 15, 78, 17, 108, 0, 21, 35, 108, 74, 800, 90, 1457]?

check_consistency
Testing test8...

test_result == expected_output
[6, 7, 55, 3, 108, 17, 15, 78, 108, 35, 21, 0, 800, 74, 90, 1457] == [0, 7, 6, 55, 15, 78, 17, 108, 3, 21, 35, 108, 74, 800, 90, 1457]?

check_consistency
Testing test9...

test_result == expected_output
[11, 22, 44, 33, 77, 55, 54, 78, 88, 35, 21, 0, 89, 74, 90, 1457] == [0, 21, 33, 44, 54, 77, 55, 78, 11, 22, 35, 88, 74, 89, 90, 1457]?

check_consistency
Testing test10...

test_result == expected_output
[11, 22, 44, 33, 77, 55, 54, 78, 88, 35, 21, 0, 89, 74, 90, 1457, 11, 22, 44, 33, 77, 55, 54, 78, 88, 35, 21, 0, 89, 74, 90, 1457] == [11, 22, 33, 44, 54, 77, 55, 78, 0, 21, 35, 88, 74, 89, 90, 1457]?

check_consistency
Testing test11...

test_result == expected_output
[1457, 22, 44, 33, 77, 55, 54, 78, 88, 35, 21, 0, 89, 74, 90, 1455] == [0, 21, 33, 78, 54, 77, 55, 1455, 22, 44, 35, 88, 74, 89, 90, 1457]?

check_consistency
Testing test12...

test_result == expected_output
[1457, 22, 44, 33, 77, 55, 54, 78, 88, 35, 21, 0, 89, 74, 90, 1455, 1457, 22, 44, 33, 77, 55, 54, 78, 88, 35, 21, 0, 89, 74, 90, 1455] == [22, 44, 33, 78, 54, 77, 55, 1457, 0, 21, 35, 88, 74, 89, 90, 1455]?

check_consistency
Testing test13...

test_result == expected_output
[1457, 7589, 22, 575, 33, 77, 55, 54, 78, 87588, 35, 7587, 0, 89, 74, 1455] == [0, 55, 54, 77, 33, 575, 78, 7589, 22, 89, 74, 1455, 35, 7587, 1457, 87588]?

check_consistency
Testing test14...

test_result == expected_output
[1457, 7589, 22, 575, 33, 77, 55, 54, 78, 87588, 35, 7587, 0, 89, 74, 1455, 1457, 7589, 22, 575, 33, 77, 55, 54, 78, 87588, 35, 7587, 0, 89, 74, 1455] == [22, 55, 54, 77, 33, 575, 1457, 7589, 0, 89, 74, 1455, 35, 7587, 78, 87588]?

check_consistency
Testing test15...

test_result == expected_output
[1, 2, 3, 4, 5, 6, 7, 8, 9, 10, 11, 12, 13, 14, 15, 16] == [1, 2, 3, 4, 5, 6, 7, 8, 9, 10, 11, 12, 13, 14, 15, 16]?

Testing test16...

test_result == expected_output
[1, 2, 3, 4, 5, 6, 7, 8, 20, 10, 11, 12, 13, 14, 15, 16] == [1, 2, 3, 4, 5, 6, 7, 8, 10, 12, 11, 16, 13, 14, 15, 20]?

check_consistency
Testing test17...

test_result == expected_output
[1, 2, 3, 4, 5, 6, 7, 8, 20, 10, 11, 12, 13, 14, 15, 16, 1, 2, 3, 4, 5, 6, 7, 8, 20, 10, 11, 12, 13, 14, 15, 16] == [1, 2, 3, 4, 5, 6, 7, 8, 10, 12, 11, 16, 13, 14, 15, 20]?

check_consistency
Testing test18...

test_result == expected_output
[1457, 22, 44, 33, 77, 55, 54, 78, 88, 35, 21, 0, 89, 74, 90, 1455, 1457, 22, 44, 33, 77, 55, 54, 78, 88, 35, 21, 0, 89, 74, 90, 1455] == [0, 21, 33, 78, 54, 77, 55, 1455, 22, 44, 35, 88, 74, 89, 90, 1457, 0, 21, 33, 78, 54, 77, 55, 1455, 22, 44, 35, 88, 74, 89, 90, 1457]?

check_consistency
Testing test19...

test_result == expected_output
[1457, 22, 44, 33, 77, 55, 54, 78, 88, 35, 21, 0, 89, 74, 90, 1455, 1457, 22, 44, 33, 77, 55, 54, 78, 88, 35, 21, 0, 89, 74, 90, 1455, 1457, 22, 44, 33, 77, 55, 54, 78, 88, 35, 21, 0, 89, 74, 90, 1455, 1457, 22, 44, 33, 77, 55, 54, 78, 88, 35, 21, 0, 89, 74, 90, 1455] == [0, 21, 33, 78, 54, 77, 55, 1455, 22, 44, 35, 88, 74, 89, 90, 1457, 0, 21, 33, 78, 54, 77, 55, 1455, 22, 44, 35, 88, 74, 89, 90, 1457]?

check_consistency
Model Test Finished...
Previous Explanatory Power: 0.0526
Current Explanatory Power: 0.0526
Exiting ModelTester

New Observations:
[('test1', ~FailedTest), ('test2', ~FailedTest), ('test3', ~FailedTest), ('test4', ~FailedTest), ('test5', ~FailedTest), ('test6', ~FailedTest), ('test7', ~FailedTest), ('test8', ~FailedTest), ('test9', ~FailedTest), ('test10', ~FailedTest), ('test11', ~FailedTest), ('test12', ~FailedTest), ('test13', ~FailedTest), ('test14', ~FailedTest), ('test15', ~PassedTest), ('test16', ~FailedTest), ('test17', ~FailedTest), ('test18', ~FailedTest), ('test19', ~FailedTest)]
Behavior Type:
Behavior.Same


Testing Hypothesis 117.
Hypothesis: ('return (compAndSwap * a)', 22, 0)

Init HyphotesisTester
Init ModelTester
Entering ModelTester
Starting Model Testing...
Testing test1...
check_consistency
Testing test2...
check_consistency
Testing test3...
check_consistency
Testing test4...
check_consistency
Testing test5...
check_consistency
Testing test6...
check_consistency
Testing test7...
check_consistency
Testing test8...
check_consistency
Testing test9...
check_consistency
Testing test10...
check_consistency
Testing test11...
check_consistency
Testing test12...
check_consistency
Testing test13...
check_consistency
Testing test14...
check_consistency
Testing test15...
check_consistency

               The current test15 result is inconsistent with the previous test15 result.
               Previous Result: ('test15', ~PassedTest)
               Current Result: ('UndefinedTest', ~FailedTest)
               
break for test inconsistency
Model Test Finished...
Previous Explanatory Power: 0.0526
Current Explanatory Power: 0.0
Exiting ModelTester

                        New Observations:
                        [('UndefinedTest', ~FailedTest), ('UndefinedTest', ~FailedTest), ('UndefinedTest', ~FailedTest), ('UndefinedTest', ~FailedTest), ('UndefinedTest', ~FailedTest), ('UndefinedTest', ~FailedTest), ('UndefinedTest', ~FailedTest), ('UndefinedTest', ~FailedTest), ('UndefinedTest', ~FailedTest), ('UndefinedTest', ~FailedTest), ('UndefinedTest', ~FailedTest), ('UndefinedTest', ~FailedTest), ('UndefinedTest', ~FailedTest), ('UndefinedTest', ~FailedTest), ('UndefinedTest', ~FailedTest), ('UndefinedTest', ~FailedTest), ('UndefinedTest', ~FailedTest), ('UndefinedTest', ~FailedTest), ('UndefinedTest', ~FailedTest)]
                        Behavior Type:
                        Behavior.Worsened
                        

                        Testing Hypothesis 118.
                        Hypothesis: ('range = a', 22, 0)
                        
Init HyphotesisTester
Init ModelTester
Entering ModelTester
Starting Model Testing...
Testing test1...

                   test_result == expected_output
                   None == [1, 5, 2, 6, 3, 7, 4, 8]?
                   
check_consistency
Testing test2...

                   test_result == expected_output
                   None == [3, 7, 4, 8, 1, 5, 2, 6]?
                   
check_consistency
Testing test3...

                   test_result == expected_output
                   None == [17, 31, 44, 78, 52, 71, 55, 86]?
                   
check_consistency
Testing test4...

                   test_result == expected_output
                   None == [17, 31, 44, 78, 52, 71, 55, 86]?
                   
check_consistency
Testing test5...

                   test_result == expected_output
                   None == [15, 78, 17, 108]?
                   
check_consistency
Testing test6...

                   test_result == expected_output
                   None == [17, 108, 15, 78]?
                   
check_consistency
Testing test7...

                   test_result == expected_output
                   None == [3, 7, 6, 55, 15, 78, 17, 108, 0, 21, 35, 108, 74, 800, 90, 1457]?
                   
check_consistency
Testing test8...

                   test_result == expected_output
                   None == [0, 7, 6, 55, 15, 78, 17, 108, 3, 21, 35, 108, 74, 800, 90, 1457]?
                   
check_consistency
Testing test9...

                   test_result == expected_output
                   None == [0, 21, 33, 44, 54, 77, 55, 78, 11, 22, 35, 88, 74, 89, 90, 1457]?
                   
check_consistency
Testing test10...

                   test_result == expected_output
                   None == [11, 22, 33, 44, 54, 77, 55, 78, 0, 21, 35, 88, 74, 89, 90, 1457]?
                   
check_consistency
Testing test11...

                   test_result == expected_output
                   None == [0, 21, 33, 78, 54, 77, 55, 1455, 22, 44, 35, 88, 74, 89, 90, 1457]?
                   
check_consistency
Testing test12...

                   test_result == expected_output
                   None == [22, 44, 33, 78, 54, 77, 55, 1457, 0, 21, 35, 88, 74, 89, 90, 1455]?
                   
check_consistency
Testing test13...

                   test_result == expected_output
                   None == [0, 55, 54, 77, 33, 575, 78, 7589, 22, 89, 74, 1455, 35, 7587, 1457, 87588]?
                   
check_consistency
Testing test14...

                   test_result == expected_output
                   None == [22, 55, 54, 77, 33, 575, 1457, 7589, 0, 89, 74, 1455, 35, 7587, 78, 87588]?
                   
check_consistency
Testing test15...

                   test_result == expected_output
                   None == [1, 2, 3, 4, 5, 6, 7, 8, 9, 10, 11, 12, 13, 14, 15, 16]?
                   
check_consistency

               The current test15 result is inconsistent with the previous test15 result.
               Previous Result: ('test15', ~PassedTest)
               Current Result: ('test15', ~FailedTest)
               
break for test inconsistency
Model Test Finished...
Previous Explanatory Power: 0.0526
Current Explanatory Power: 0.0
Exiting ModelTester

                        New Observations:
                        [('test1', ~FailedTest), ('test2', ~FailedTest), ('test3', ~FailedTest), ('test4', ~FailedTest), ('test5', ~FailedTest), ('test6', ~FailedTest), ('test7', ~FailedTest), ('test8', ~FailedTest), ('test9', ~FailedTest), ('test10', ~FailedTest), ('test11', ~FailedTest), ('test12', ~FailedTest), ('test13', ~FailedTest), ('test14', ~FailedTest), ('test15', ~FailedTest), ('UndefinedTest', ~FailedTest), ('UndefinedTest', ~FailedTest), ('UndefinedTest', ~FailedTest), ('UndefinedTest', ~FailedTest)]
                        Behavior Type:
                        Behavior.Worsened
                        

                        Testing Hypothesis 119.
                        Hypothesis: ('type = a', 22, 0)
                        
Init HyphotesisTester
Init ModelTester
Entering ModelTester
Starting Model Testing...
Testing test1...

                   test_result == expected_output
                   None == [1, 5, 2, 6, 3, 7, 4, 8]?
                   
check_consistency
Testing test2...

                   test_result == expected_output
                   None == [3, 7, 4, 8, 1, 5, 2, 6]?
                   
check_consistency
Testing test3...

                   test_result == expected_output
                   None == [17, 31, 44, 78, 52, 71, 55, 86]?
                   
check_consistency
Testing test4...

                   test_result == expected_output
                   None == [17, 31, 44, 78, 52, 71, 55, 86]?
                   
check_consistency
Testing test5...

                   test_result == expected_output
                   None == [15, 78, 17, 108]?
                   
check_consistency
Testing test6...

                   test_result == expected_output
                   None == [17, 108, 15, 78]?
                   
check_consistency
Testing test7...

                   test_result == expected_output
                   None == [3, 7, 6, 55, 15, 78, 17, 108, 0, 21, 35, 108, 74, 800, 90, 1457]?
                   
check_consistency
Testing test8...

                   test_result == expected_output
                   None == [0, 7, 6, 55, 15, 78, 17, 108, 3, 21, 35, 108, 74, 800, 90, 1457]?
                   
check_consistency
Testing test9...

                   test_result == expected_output
                   None == [0, 21, 33, 44, 54, 77, 55, 78, 11, 22, 35, 88, 74, 89, 90, 1457]?
                   
check_consistency
Testing test10...

                   test_result == expected_output
                   None == [11, 22, 33, 44, 54, 77, 55, 78, 0, 21, 35, 88, 74, 89, 90, 1457]?
                   
check_consistency
Testing test11...

                   test_result == expected_output
                   None == [0, 21, 33, 78, 54, 77, 55, 1455, 22, 44, 35, 88, 74, 89, 90, 1457]?
                   
check_consistency
Testing test12...

                   test_result == expected_output
                   None == [22, 44, 33, 78, 54, 77, 55, 1457, 0, 21, 35, 88, 74, 89, 90, 1455]?
                   
check_consistency
Testing test13...

                   test_result == expected_output
                   None == [0, 55, 54, 77, 33, 575, 78, 7589, 22, 89, 74, 1455, 35, 7587, 1457, 87588]?
                   
check_consistency
Testing test14...

                   test_result == expected_output
                   None == [22, 55, 54, 77, 33, 575, 1457, 7589, 0, 89, 74, 1455, 35, 7587, 78, 87588]?
                   
check_consistency
Testing test15...

                   test_result == expected_output
                   None == [1, 2, 3, 4, 5, 6, 7, 8, 9, 10, 11, 12, 13, 14, 15, 16]?
                   
check_consistency

               The current test15 result is inconsistent with the previous test15 result.
               Previous Result: ('test15', ~PassedTest)
               Current Result: ('test15', ~FailedTest)
               
break for test inconsistency
Model Test Finished...
Previous Explanatory Power: 0.0526
Current Explanatory Power: 0.0
Exiting ModelTester

                        New Observations:
                        [('test1', ~FailedTest), ('test2', ~FailedTest), ('test3', ~FailedTest), ('test4', ~FailedTest), ('test5', ~FailedTest), ('test6', ~FailedTest), ('test7', ~FailedTest), ('test8', ~FailedTest), ('test9', ~FailedTest), ('test10', ~FailedTest), ('test11', ~FailedTest), ('test12', ~FailedTest), ('test13', ~FailedTest), ('test14', ~FailedTest), ('test15', ~FailedTest), ('UndefinedTest', ~FailedTest), ('UndefinedTest', ~FailedTest), ('UndefinedTest', ~FailedTest), ('UndefinedTest', ~FailedTest)]
                        Behavior Type:
                        Behavior.Worsened
                        
Exiting HypothesisGenerator

            <=== Hypothesis Generator Process Summary ===>
            Current Candidate: 22
            Remaining Candidates: [8, 7, 6, 5]
            Abduction Maximum Complexity: 2
            Total Number of Hypotheses Generated: 120
            

                An error ocurred during the hypotheses generation.
                <class 'KeyError'>: 'Load'
                Unable to continue the hypotheses generation process.
                

                <== Exception Traceback ==>
                
Testing test2...
check_consistency
Testing test3...
check_consistency
Testing test4...
check_consistency
Testing test5...
check_consistency
Testing test6...
check_consistency
Testing test7...
check_consistency
Testing test8...
check_consistency
Testing test9...
check_consistency
Testing test10...
check_consistency
Testing test11...
check_consistency
Testing test12...
check_consistency
Testing test13...
check_consistency
Testing test14...
check_consistency
Testing test15...
check_consistency

The current test15 result is inconsistent with the previous test15 result.
Previous Result: ('test15', ~PassedTest)
Current Result: ('UndefinedTest', ~FailedTest)

break for test inconsistency
Model Test Finished...
Previous Explanatory Power: 0.0526
Current Explanatory Power: 0.0
Exiting ModelTester

New Observations:
[('UndefinedTest', ~FailedTest), ('UndefinedTest', ~FailedTest), ('UndefinedTest', ~FailedTest), ('UndefinedTest', ~FailedTest), ('UndefinedTest', ~FailedTest), ('UndefinedTest', ~FailedTest), ('UndefinedTest', ~FailedTest), ('UndefinedTest', ~FailedTest), ('UndefinedTest', ~FailedTest), ('UndefinedTest', ~FailedTest), ('UndefinedTest', ~FailedTest), ('UndefinedTest', ~FailedTest), ('UndefinedTest', ~FailedTest), ('UndefinedTest', ~FailedTest), ('UndefinedTest', ~FailedTest), ('UndefinedTest', ~FailedTest), ('UndefinedTest', ~FailedTest), ('UndefinedTest', ~FailedTest), ('UndefinedTest', ~FailedTest)]
Behavior Type:
Behavior.Worsened


Testing Hypothesis 118.
Hypothesis: ('range = a', 22, 0)

Init HyphotesisTester
Init ModelTester
Entering ModelTester
Starting Model Testing...
Testing test1...

test_result == expected_output
None == [1, 5, 2, 6, 3, 7, 4, 8]?

check_consistency
Testing test2...

test_result == expected_output
None == [3, 7, 4, 8, 1, 5, 2, 6]?

check_consistency
Testing test3...

test_result == expected_output
None == [17, 31, 44, 78, 52, 71, 55, 86]?

check_consistency
Testing test4...

test_result == expected_output
None == [17, 31, 44, 78, 52, 71, 55, 86]?

check_consistency
Testing test5...

test_result == expected_output
None == [15, 78, 17, 108]?

check_consistency
Testing test6...

test_result == expected_output
None == [17, 108, 15, 78]?

check_consistency
Testing test7...

test_result == expected_output
None == [3, 7, 6, 55, 15, 78, 17, 108, 0, 21, 35, 108, 74, 800, 90, 1457]?

check_consistency
Testing test8...

test_result == expected_output
None == [0, 7, 6, 55, 15, 78, 17, 108, 3, 21, 35, 108, 74, 800, 90, 1457]?

check_consistency
Testing test9...

test_result == expected_output
None == [0, 21, 33, 44, 54, 77, 55, 78, 11, 22, 35, 88, 74, 89, 90, 1457]?

check_consistency
Testing test10...

test_result == expected_output
None == [11, 22, 33, 44, 54, 77, 55, 78, 0, 21, 35, 88, 74, 89, 90, 1457]?

check_consistency
Testing test11...

test_result == expected_output
None == [0, 21, 33, 78, 54, 77, 55, 1455, 22, 44, 35, 88, 74, 89, 90, 1457]?

check_consistency
Testing test12...

test_result == expected_output
None == [22, 44, 33, 78, 54, 77, 55, 1457, 0, 21, 35, 88, 74, 89, 90, 1455]?

check_consistency
Testing test13...

test_result == expected_output
None == [0, 55, 54, 77, 33, 575, 78, 7589, 22, 89, 74, 1455, 35, 7587, 1457, 87588]?

check_consistency
Testing test14...

test_result == expected_output
None == [22, 55, 54, 77, 33, 575, 1457, 7589, 0, 89, 74, 1455, 35, 7587, 78, 87588]?

check_consistency
Testing test15...

test_result == expected_output
None == [1, 2, 3, 4, 5, 6, 7, 8, 9, 10, 11, 12, 13, 14, 15, 16]?

check_consistency

The current test15 result is inconsistent with the previous test15 result.
Previous Result: ('test15', ~PassedTest)
Current Result: ('test15', ~FailedTest)

break for test inconsistency
Model Test Finished...
Previous Explanatory Power: 0.0526
Current Explanatory Power: 0.0
Exiting ModelTester

New Observations:
[('test1', ~FailedTest), ('test2', ~FailedTest), ('test3', ~FailedTest), ('test4', ~FailedTest), ('test5', ~FailedTest), ('test6', ~FailedTest), ('test7', ~FailedTest), ('test8', ~FailedTest), ('test9', ~FailedTest), ('test10', ~FailedTest), ('test11', ~FailedTest), ('test12', ~FailedTest), ('test13', ~FailedTest), ('test14', ~FailedTest), ('test15', ~FailedTest), ('UndefinedTest', ~FailedTest), ('UndefinedTest', ~FailedTest), ('UndefinedTest', ~FailedTest), ('UndefinedTest', ~FailedTest)]
Behavior Type:
Behavior.Worsened


Testing Hypothesis 119.
Hypothesis: ('type = a', 22, 0)

Init HyphotesisTester
Init ModelTester
Entering ModelTester
Starting Model Testing...
Testing test1...

test_result == expected_output
None == [1, 5, 2, 6, 3, 7, 4, 8]?

check_consistency
Testing test2...

test_result == expected_output
None == [3, 7, 4, 8, 1, 5, 2, 6]?

check_consistency
Testing test3...

test_result == expected_output
None == [17, 31, 44, 78, 52, 71, 55, 86]?

check_consistency
Testing test4...

test_result == expected_output
None == [17, 31, 44, 78, 52, 71, 55, 86]?

check_consistency
Testing test5...

test_result == expected_output
None == [15, 78, 17, 108]?

check_consistency
Testing test6...

test_result == expected_output
None == [17, 108, 15, 78]?

check_consistency
Testing test7...

test_result == expected_output
None == [3, 7, 6, 55, 15, 78, 17, 108, 0, 21, 35, 108, 74, 800, 90, 1457]?

check_consistency
Testing test8...

test_result == expected_output
None == [0, 7, 6, 55, 15, 78, 17, 108, 3, 21, 35, 108, 74, 800, 90, 1457]?

check_consistency
Testing test9...

test_result == expected_output
None == [0, 21, 33, 44, 54, 77, 55, 78, 11, 22, 35, 88, 74, 89, 90, 1457]?

check_consistency
Testing test10...

test_result == expected_output
None == [11, 22, 33, 44, 54, 77, 55, 78, 0, 21, 35, 88, 74, 89, 90, 1457]?

check_consistency
Testing test11...

test_result == expected_output
None == [0, 21, 33, 78, 54, 77, 55, 1455, 22, 44, 35, 88, 74, 89, 90, 1457]?

check_consistency
Testing test12...

test_result == expected_output
None == [22, 44, 33, 78, 54, 77, 55, 1457, 0, 21, 35, 88, 74, 89, 90, 1455]?

check_consistency
Testing test13...

test_result == expected_output
None == [0, 55, 54, 77, 33, 575, 78, 7589, 22, 89, 74, 1455, 35, 7587, 1457, 87588]?

check_consistency
Testing test14...

test_result == expected_output
None == [22, 55, 54, 77, 33, 575, 1457, 7589, 0, 89, 74, 1455, 35, 7587, 78, 87588]?

check_consistency
Testing test15...

test_result == expected_output
None == [1, 2, 3, 4, 5, 6, 7, 8, 9, 10, 11, 12, 13, 14, 15, 16]?

check_consistency

The current test15 result is inconsistent with the previous test15 result.
Previous Result: ('test15', ~PassedTest)
Current Result: ('test15', ~FailedTest)

break for test inconsistency
Model Test Finished...
Previous Explanatory Power: 0.0526
Current Explanatory Power: 0.0
Exiting ModelTester

New Observations:
[('test1', ~FailedTest), ('test2', ~FailedTest), ('test3', ~FailedTest), ('test4', ~FailedTest), ('test5', ~FailedTest), ('test6', ~FailedTest), ('test7', ~FailedTest), ('test8', ~FailedTest), ('test9', ~FailedTest), ('test10', ~FailedTest), ('test11', ~FailedTest), ('test12', ~FailedTest), ('test13', ~FailedTest), ('test14', ~FailedTest), ('test15', ~FailedTest), ('UndefinedTest', ~FailedTest), ('UndefinedTest', ~FailedTest), ('UndefinedTest', ~FailedTest), ('UndefinedTest', ~FailedTest)]
Behavior Type:
Behavior.Worsened

Exiting HypothesisGenerator

<=== Hypothesis Generator Process Summary ===>
Current Candidate: 22
Remaining Candidates: [8, 7, 6, 5]
Abduction Maximum Complexity: 2
Total Number of Hypotheses Generated: 120


An error ocurred during the hypotheses generation.
<class 'KeyError'>: 'Load'
Unable to continue the hypotheses generation process.


<== Exception Traceback ==>

Traceback (most recent call last):
  File "/Users/isaac/Documents/Code/AbinDebugger_v2/model/abstractor/HypothesisAbductor.py", line 173, in __next__
    self.curr_ids = list(next(self.posible_ids))
StopIteration

During handling of the above exception, another exception occurred:

Traceback (most recent call last):
  File "/Users/isaac/Documents/Code/AbinDebugger_v2/model/HypothesisGenerator.py", line 184, in __next__
    hypothesis = next(self.hypotheses_set)
  File "/Users/isaac/Documents/Code/AbinDebugger_v2/model/abstractor/HypothesisAbductor.py", line 176, in __next__
    raise StopIteration
StopIteration

During handling of the above exception, another exception occurred:

Traceback (most recent call last):
  File "/Users/isaac/Documents/Code/AbinDebugger_v2/AbinModel.py", line 91, in start_auto_debugging
    for hypothesis in hypotheses_generator:
  File "/Users/isaac/Documents/Code/AbinDebugger_v2/model/HypothesisGenerator.py", line 220, in __next__
    self.hypotheses_set = self.apply_bugfix_pattern(ast_bug_candidate, pattern, available_identifiers)
  File "/Users/isaac/Documents/Code/AbinDebugger_v2/model/HypothesisGenerator.py", line 140, in apply_bugfix_pattern
    hypotheses = HypothesisAbductor(bugged_node, pattern, available_identifiers)
  File "/Users/isaac/Documents/Code/AbinDebugger_v2/model/abstractor/HypothesisAbductor.py", line 41, in __init__
    (ids, ordering) = self.get_possible_ids()
  File "/Users/isaac/Documents/Code/AbinDebugger_v2/model/abstractor/HypothesisAbductor.py", line 128, in get_possible_ids
    n_tuple.append(self.available_identifiers[key])
KeyError: 'Load'


UNABLE TO REPAIR!
Traceback (most recent call last):
  File "/Users/isaac/Documents/Code/AbinDebugger_v2/model/abstractor/HypothesisAbductor.py", line 173, in __next__
    self.curr_ids = list(next(self.posible_ids))
StopIteration

During handling of the above exception, another exception occurred:

Traceback (most recent call last):
  File "/Users/isaac/Documents/Code/AbinDebugger_v2/model/HypothesisGenerator.py", line 184, in __next__
    hypothesis = next(self.hypotheses_set)
  File "/Users/isaac/Documents/Code/AbinDebugger_v2/model/abstractor/HypothesisAbductor.py", line 176, in __next__
    raise StopIteration
StopIteration

During handling of the above exception, another exception occurred:

Traceback (most recent call last):
  File "/Users/isaac/Documents/Code/AbinDebugger_v2/AbinModel.py", line 91, in start_auto_debugging
    for hypothesis in hypotheses_generator:
  File "/Users/isaac/Documents/Code/AbinDebugger_v2/model/HypothesisGenerator.py", line 220, in __next__
    self.hypotheses_set = self.apply_bugfix_pattern(ast_bug_candidate, pattern, available_identifiers)
  File "/Users/isaac/Documents/Code/AbinDebugger_v2/model/HypothesisGenerator.py", line 140, in apply_bugfix_pattern
    hypotheses = HypothesisAbductor(bugged_node, pattern, available_identifiers)
  File "/Users/isaac/Documents/Code/AbinDebugger_v2/model/abstractor/HypothesisAbductor.py", line 41, in __init__
    (ids, ordering) = self.get_possible_ids()
  File "/Users/isaac/Documents/Code/AbinDebugger_v2/model/abstractor/HypothesisAbductor.py", line 128, in get_possible_ids
    n_tuple.append(self.available_identifiers[key])
KeyError: 'Load'


UNABLE TO REPAIR!
--------------------------------------------------

UNABLE TO REPAIR. No candidate hypotheses passed the test suite.
